LoanID,Age,Income,LoanAmount,CreditScore,MonthsEmployed,NumCreditLines,InterestRate,LoanTerm,DTIRatio,Education,EmploymentType,MaritalStatus,HasMortgage,HasDependents,LoanPurpose,HasCoSigner,Default
VTZIGT71C2,23,37431,244981,444,68,4,21.2,36,0.87,High School,Full-time,Divorced,Yes,Yes,Home,Yes,0
2L77IRIJGE,43,87138,66433,537,68,3,9.17,24,0.73,High School,Self-employed,Married,No,No,Home,No,0
YZP2CZLTNS,22,40808,38765,644,114,4,18.86,48,0.68,Bachelor's,Self-employed,Single,Yes,Yes,Other,Yes,0
CQ92EPOG78,38,111327,188214,583,77,4,8.55,12,0.43,Master's,Part-time,Married,Yes,No,Auto,No,0
SGZP3N2WRE,46,147661,89635,664,72,3,5.98,12,0.65,Bachelor's,Part-time,Married,No,Yes,Home,No,0
LXSUAZN5KY,60,40191,223553,727,55,2,7.39,48,0.56,PhD,Full-time,Married,Yes,Yes,Auto,No,0
XLDSDCKMJM,69,87168,35761,789,117,1,21.78,60,0.49,High School,Part-time,Single,No,Yes,Auto,Yes,0
7LQ2HLXCNL,39,145994,85349,417,107,3,14.77,36,0.54,PhD,Full-time,Single,No,No,Home,No,0
BT44803RMW,25,85844,121491,502,28,2,3.78,24,0.69,Master's,Full-time,Divorced,Yes,Yes,Business,Yes,0
9BD0CH2NWT,40,89093,137372,532,90,2,8.49,24,0.29,PhD,Unemployed,Divorced,No,Yes,Business,Yes,0
W2S4QW6E38,32,45224,165028,846,17,1,2.28,24,0.25,High School,Self-employed,Married,Yes,No,Business,Yes,0
3QSE9KVDED,59,115662,70029,834,2,3,2.73,24,0.1,High School,Self-employed,Married,Yes,No,Education,No,0
KDEGWO0ZBM,60,83951,31235,305,67,4,3.54,36,0.28,High School,Unemployed,Married,No,No,Auto,Yes,0
T7O8CJC99A,43,77569,231702,380,109,3,2.46,36,0.52,High School,Unemployed,Married,No,Yes,Business,No,0
NGKSXOTTMP,20,127550,62949,507,51,1,24.3,24,0.54,PhD,Unemployed,Single,Yes,Yes,Home,Yes,1
6L5MZ27DVS,67,52723,182428,611,47,4,24.08,48,0.71,PhD,Part-time,Divorced,No,Yes,Home,Yes,0
UUCHT8T6CA,53,91987,212285,640,67,2,5.43,36,0.28,Master's,Part-time,Divorced,Yes,Yes,Home,No,0
TGOL1SZHTZ,26,84772,154179,705,88,2,14.92,60,0.71,High School,Unemployed,Married,Yes,No,Business,No,0
IW3ETQQNXN,19,65813,212354,468,76,2,10.83,12,0.75,Master's,Self-employed,Single,No,No,Other,Yes,1
Q2R33JM69C,54,30317,207653,689,83,2,17.4,12,0.38,Master's,Part-time,Single,Yes,No,Home,Yes,0
C83M3MTOS9,35,25815,204249,307,116,3,5.84,60,0.37,Master's,Self-employed,Single,Yes,Yes,Auto,Yes,0
2H0FZ4B9ZH,45,60785,55339,766,52,1,19.36,60,0.51,Master's,Unemployed,Single,No,Yes,Education,Yes,0
9LXZ6YAEXT,47,89389,235111,412,65,1,10.2,12,0.55,PhD,Self-employed,Single,Yes,Yes,Education,Yes,0
XR6X0XQK7R,25,107340,28760,342,89,1,23.8,24,0.28,Master's,Part-time,Married,Yes,Yes,Other,No,0
MQPU9LG88A,55,93515,91894,687,119,2,2.58,36,0.68,PhD,Part-time,Divorced,No,No,Education,No,0
LWJQ5Y22VM,27,88490,20029,633,38,3,23.97,12,0.59,Bachelor's,Part-time,Single,No,No,Business,Yes,1
542PBMQ8Y0,38,121817,51622,464,81,3,4.69,60,0.7,High School,Part-time,Married,Yes,No,Home,No,0
22MN512WF0,55,18208,69544,540,60,3,2.84,48,0.85,PhD,Full-time,Married,Yes,Yes,Other,No,0
E2LUH7UO9N,22,70982,175650,498,71,1,5.07,60,0.28,Master's,Self-employed,Married,Yes,No,Education,No,0
BOPZ9F9QW3,38,76329,135335,302,57,4,5.43,12,0.86,PhD,Part-time,Divorced,No,Yes,Other,Yes,0
F41QFFN50K,58,60622,207843,312,38,3,5.59,60,0.71,Master's,Self-employed,Married,No,No,Business,No,0
SQVQE87247,32,69884,153476,323,24,2,19.33,36,0.14,Master's,Self-employed,Divorced,No,Yes,Business,No,0
V6M86KGT9I,60,133253,166870,697,8,3,6.8,36,0.18,PhD,Self-employed,Married,Yes,Yes,Auto,Yes,0
7CBCNMKW1L,47,59268,228499,358,19,2,18.45,48,0.76,Bachelor's,Self-employed,Divorced,Yes,No,Education,No,1
H2R33U2XXW,35,141092,199463,577,4,3,2.98,12,0.75,Bachelor's,Self-employed,Married,No,Yes,Auto,No,0
N49VX38UIA,41,100103,99354,422,89,1,17.15,36,0.79,PhD,Full-time,Single,Yes,No,Home,No,0
THSE87WXIP,44,82225,118049,710,39,4,6.74,24,0.45,Bachelor's,Part-time,Married,No,Yes,Business,Yes,0
CZZ6OKGK2Z,39,33977,57803,776,115,2,23.45,24,0.24,PhD,Self-employed,Divorced,Yes,No,Education,Yes,0
D4L8E7TZZM,56,119946,102333,806,67,2,14.4,12,0.4,High School,Full-time,Married,Yes,Yes,Other,No,0
WFELVE50SW,67,121850,131367,478,109,4,12.72,48,0.45,High School,Part-time,Married,No,No,Education,No,0
XJ64L1AYB4,63,63878,245464,361,74,2,22.64,36,0.78,PhD,Full-time,Single,Yes,Yes,Auto,Yes,0
53DY6YR7YX,18,54987,227214,604,34,4,12.12,60,0.82,High School,Full-time,Married,Yes,Yes,Auto,Yes,0
B34O7XAGBW,54,51927,82838,391,68,1,8.19,60,0.45,High School,Full-time,Single,No,Yes,Auto,No,0
8SFZZKZXFG,20,67019,158596,460,9,2,22.11,36,0.54,Bachelor's,Self-employed,Married,No,No,Home,Yes,0
I7YBOJSATF,36,103192,16708,674,52,3,13.02,12,0.54,Bachelor's,Full-time,Married,Yes,No,Home,No,0
YO9WTVCW55,60,69794,155795,312,20,4,8.91,24,0.17,PhD,Unemployed,Single,No,No,Other,No,0
0JB0WOH34U,60,67237,232974,600,93,1,11.07,36,0.18,High School,Part-time,Single,Yes,No,Business,No,0
2Y8UC0TLLL,41,18797,123688,669,0,2,13.96,36,0.23,Master's,Unemployed,Divorced,No,Yes,Business,Yes,0
QSSVOI8YVS,18,21295,228303,559,27,2,5.01,12,0.71,PhD,Self-employed,Divorced,Yes,No,Education,Yes,0
2QEOS929X7,44,142575,147022,320,66,3,7.34,24,0.37,High School,Part-time,Divorced,No,Yes,Home,No,0
ERO5LU12WA,63,80484,113833,485,97,4,10.82,12,0.18,High School,Full-time,Divorced,Yes,Yes,Home,Yes,0
R25EJYOP1I,21,147014,206266,529,44,3,3.96,24,0.28,PhD,Unemployed,Divorced,Yes,No,Other,Yes,0
4JQ2RE99NA,61,120413,105903,808,117,4,4.17,60,0.66,High School,Self-employed,Married,Yes,No,Home,No,0
GWLFIZS0LB,47,137377,198078,743,16,3,8.76,12,0.77,Master's,Unemployed,Divorced,No,Yes,Business,Yes,0
DUHEJQXVX8,22,98908,81669,456,48,1,18.89,48,0.44,Bachelor's,Unemployed,Single,Yes,No,Business,Yes,0
CTCWZ05YQA,47,98015,75276,418,40,1,16.81,60,0.14,High School,Unemployed,Divorced,Yes,Yes,Home,No,1
BR16FYICDY,69,55735,15866,624,115,3,5.22,12,0.54,High School,Self-employed,Single,No,Yes,Home,No,0
30L3APEA5J,33,141154,75955,425,30,3,4.78,36,0.84,PhD,Full-time,Divorced,Yes,Yes,Home,No,0
LPGNQY394V,24,123097,154827,645,53,1,20.43,36,0.62,Master's,Full-time,Divorced,No,No,Other,Yes,1
5KFX611HU9,67,95009,207692,413,44,4,18.72,24,0.31,High School,Unemployed,Single,No,No,Home,Yes,0
UHRB9MUZRL,64,119596,215134,730,58,2,15.27,36,0.25,Master's,Self-employed,Married,Yes,Yes,Education,No,0
GPKFOPL0FQ,35,45128,49342,787,2,2,5.85,12,0.26,Master's,Self-employed,Married,No,Yes,Education,No,0
CHYPYX2SET,25,52661,152393,785,40,4,14.63,36,0.62,PhD,Self-employed,Divorced,Yes,Yes,Other,No,0
C3AI7NJ9KM,49,77450,32844,833,40,2,4.03,60,0.44,High School,Unemployed,Divorced,Yes,No,Education,Yes,0
D0ACZNHQSA,29,60582,209330,392,40,3,19.26,24,0.65,Bachelor's,Part-time,Single,Yes,No,Other,No,0
MOO32VDE4Q,49,88805,246297,516,71,3,19.93,48,0.58,PhD,Unemployed,Married,No,Yes,Business,No,0
OSVV4B4BKE,25,95091,199481,496,25,1,20.29,24,0.58,Bachelor's,Unemployed,Single,Yes,No,Auto,No,0
LO07DNAZGC,69,50735,19871,637,12,1,23.55,48,0.33,PhD,Self-employed,Single,No,Yes,Other,Yes,0
V93GBOFWH6,51,49158,113116,483,86,2,4.93,48,0.12,PhD,Part-time,Single,Yes,Yes,Other,Yes,0
FKIYGMCM2U,61,89507,199171,656,19,1,14.84,24,0.8,Bachelor's,Part-time,Married,Yes,Yes,Auto,No,0
VLANATVSZ0,44,129000,185944,434,83,1,14.98,36,0.84,PhD,Self-employed,Divorced,Yes,No,Education,Yes,0
AX8BLI8A5Y,33,138341,150548,448,77,2,15.85,36,0.68,Master's,Unemployed,Married,Yes,Yes,Other,No,1
XOBDEFJ2GG,21,26255,81879,485,55,2,13.33,12,0.78,Bachelor's,Self-employed,Divorced,No,No,Home,Yes,1
SZ2Z2ZHWOI,30,76371,170400,407,50,1,6.15,60,0.64,High School,Full-time,Divorced,Yes,Yes,Home,No,0
M6EPIJMCRP,20,52785,216861,744,21,2,5.72,48,0.38,High School,Full-time,Single,No,Yes,Business,No,0
N19IYXHJG0,55,49370,158883,837,118,4,4.71,60,0.56,PhD,Full-time,Single,Yes,No,Other,No,0
KN47RC4H68,59,16438,112542,822,12,2,13.31,60,0.72,Bachelor's,Part-time,Single,No,No,Home,No,0
96VJO1MA5X,18,22278,247857,635,5,1,20.42,48,0.84,PhD,Part-time,Married,No,Yes,Home,Yes,1
6GEQ5EG0ZX,18,110720,107163,466,31,2,20.78,36,0.63,PhD,Self-employed,Single,Yes,Yes,Education,Yes,0
CA6TOOLGB4,42,148517,20341,430,106,1,2.81,12,0.35,Master's,Part-time,Married,No,Yes,Other,Yes,0
61CJ7Q10KM,41,68134,108542,405,101,3,23.17,12,0.42,Master's,Full-time,Divorced,No,No,Other,No,0
4HZR7DF4SF,23,75621,200967,416,87,3,15.87,36,0.56,Master's,Self-employed,Divorced,No,No,Business,No,0
BY2DPODSME,34,31668,34665,609,5,4,3.46,36,0.47,High School,Full-time,Married,Yes,No,Auto,Yes,0
NOVDKTGNME,26,78669,178855,415,52,2,5.91,12,0.61,PhD,Unemployed,Married,Yes,Yes,Other,Yes,0
60GV35DEO5,30,125795,144517,582,39,2,5.65,12,0.13,Bachelor's,Self-employed,Divorced,Yes,No,Education,Yes,0
TH52J2BSTP,40,114555,135292,812,108,1,19.31,24,0.27,High School,Self-employed,Married,Yes,Yes,Education,No,0
IAD8RRPM86,45,62743,206312,583,62,3,7.52,36,0.29,Master's,Full-time,Single,Yes,No,Other,No,0
N423PADBRR,36,90856,5339,422,91,3,11.15,60,0.36,Bachelor's,Unemployed,Married,Yes,Yes,Auto,Yes,0
G0FCRUCOO0,37,75621,142048,813,57,3,2.82,24,0.51,PhD,Self-employed,Single,No,Yes,Auto,No,0
1ME4FD3Q18,46,57048,219257,684,118,2,7.49,48,0.29,High School,Self-employed,Single,No,Yes,Business,Yes,1
6K2PEQZS4V,26,120624,208500,774,96,3,14.31,60,0.14,Master's,Self-employed,Married,No,No,Home,No,0
3CFYJ3K7L2,24,40789,55827,727,109,2,3.2,48,0.89,Bachelor's,Full-time,Single,No,No,Home,No,0
JK7RU33NGX,67,47489,84733,322,88,3,21.98,24,0.15,Master's,Full-time,Divorced,Yes,Yes,Home,No,0
L90P5K540N,63,128226,69706,545,4,4,13.38,60,0.41,High School,Self-employed,Divorced,Yes,Yes,Auto,No,0
WSSTCCXTNS,27,56608,127297,601,1,1,23.28,24,0.82,PhD,Unemployed,Single,Yes,No,Home,No,0
92PSKEP9L5,18,133999,84405,430,6,2,4.32,48,0.78,Bachelor's,Unemployed,Divorced,Yes,No,Home,Yes,0
YPO9IU7GLX,40,62865,142304,392,50,3,6.47,60,0.55,High School,Full-time,Divorced,Yes,No,Auto,No,0
O02I5HVEXN,69,56310,187561,839,10,2,19.98,12,0.18,PhD,Self-employed,Single,No,No,Business,No,0
93FUOETNFN,33,75563,106930,352,74,3,15.93,24,0.73,PhD,Self-employed,Single,Yes,No,Education,No,0
OJJB7D8K3E,26,72486,189665,491,86,1,3.5,48,0.15,Bachelor's,Unemployed,Single,No,Yes,Education,Yes,0
IQRPTOJYRW,40,106230,188703,447,101,2,20.84,12,0.73,High School,Part-time,Divorced,No,Yes,Auto,No,0
CTTZZEPJ6Y,52,81718,196280,502,96,3,14.65,24,0.43,Bachelor's,Self-employed,Divorced,No,No,Home,No,0
1QJC4J8RCM,64,50871,211438,570,13,4,19.67,60,0.88,PhD,Part-time,Divorced,No,Yes,Other,Yes,0
3YADZ9BPMJ,55,111386,175105,717,98,1,5.69,12,0.28,Master's,Self-employed,Single,No,Yes,Home,Yes,0
60Y5L8CF2U,59,135968,194867,832,13,4,9.39,60,0.29,Bachelor's,Unemployed,Single,Yes,No,Auto,No,0
UDTE5KSOC9,62,72488,10521,800,77,4,8.61,60,0.1,High School,Full-time,Single,Yes,No,Business,Yes,0
OQ9YYEAABL,64,113061,159167,536,60,3,5.53,24,0.18,PhD,Full-time,Single,No,Yes,Home,Yes,0
4IH4ANITB0,38,69022,129147,456,41,4,24.17,12,0.82,Bachelor's,Part-time,Married,Yes,Yes,Home,No,0
UYMMZKL6SU,48,50806,236158,669,36,3,11.41,36,0.23,Bachelor's,Part-time,Married,No,No,Education,Yes,0
27YXYH704O,50,20000,61509,309,61,3,23.79,12,0.75,PhD,Part-time,Married,No,Yes,Education,Yes,0
2K65HQD6DU,21,121408,63966,760,45,3,22.39,60,0.49,PhD,Self-employed,Married,Yes,Yes,Home,No,1
JBW3UNZYVM,53,129450,235903,506,95,1,15.72,48,0.81,PhD,Full-time,Married,Yes,Yes,Auto,Yes,0
OGW5KI2URS,35,62344,95237,585,91,1,12.19,48,0.15,PhD,Self-employed,Divorced,Yes,Yes,Business,No,1
HH0ZU7IPQI,62,126604,100204,847,104,2,10.31,12,0.87,Bachelor's,Part-time,Divorced,No,No,Home,Yes,0
IPESKJ4M1E,59,29668,234899,416,95,3,2.76,12,0.22,High School,Part-time,Single,Yes,No,Auto,Yes,0
BQMDX8BR3Y,54,144428,129967,525,110,2,3.23,12,0.48,PhD,Unemployed,Married,Yes,No,Business,No,0
MCMILOINDA,58,108264,61367,453,72,3,23.96,60,0.32,PhD,Full-time,Married,Yes,No,Business,No,0
7KK5CIDKXY,40,16523,180924,690,66,4,10.8,48,0.69,Master's,Self-employed,Married,No,No,Other,No,0
Q32D8HGFUR,46,106249,63898,830,58,1,15.18,60,0.42,PhD,Part-time,Married,Yes,No,Business,No,0
657JYY33TL,26,57266,92256,777,75,4,3.77,48,0.52,High School,Part-time,Single,No,Yes,Auto,No,0
FY9AZJQQQA,33,50384,113141,525,47,1,24.72,60,0.53,Master's,Self-employed,Single,No,Yes,Other,Yes,1
GQJ5NYUZT6,28,109929,201896,768,87,1,16.65,36,0.5,High School,Full-time,Single,No,No,Business,Yes,0
QJTSKY88HK,53,137371,149667,826,43,4,15.4,12,0.67,Master's,Self-employed,Married,Yes,No,Auto,No,0
HZNWOLQ3B2,62,85200,180645,325,65,2,4.91,24,0.53,High School,Unemployed,Divorced,No,Yes,Education,Yes,0
RRAO9ZDSID,64,116457,217928,774,113,2,6.58,24,0.74,Master's,Part-time,Single,No,No,Education,Yes,0
KA7LHQ6Z8H,64,144972,169523,443,106,2,8.98,24,0.4,High School,Full-time,Married,No,No,Business,Yes,0
0E5T5U5CR6,26,143847,105146,611,91,1,8.84,36,0.44,PhD,Part-time,Married,Yes,Yes,Home,No,0
7WU764G2K0,54,24907,66175,500,73,2,3.55,36,0.88,High School,Full-time,Married,Yes,Yes,Business,Yes,0
Q89RCXMPK7,19,81532,200082,578,49,2,9.06,12,0.9,PhD,Part-time,Single,Yes,No,Other,No,0
C1SENQHJG7,40,63315,48311,341,74,4,16.97,12,0.44,Bachelor's,Unemployed,Single,Yes,Yes,Other,No,0
I4BFBTJZMO,25,119254,53755,436,53,1,23.51,36,0.21,High School,Unemployed,Single,Yes,No,Other,No,0
F5INK2QPOF,54,133716,12032,642,13,2,15.74,48,0.8,High School,Unemployed,Divorced,No,No,Home,Yes,0
IKKJJZXX20,61,147962,25197,453,65,2,16.04,60,0.89,Master's,Part-time,Single,Yes,Yes,Home,No,0
THQEKVUMMW,55,148090,117361,481,77,3,11.85,48,0.14,PhD,Unemployed,Single,No,Yes,Other,Yes,0
YO92LE7FD0,59,101331,24320,393,14,4,14.79,36,0.27,Bachelor's,Full-time,Divorced,No,Yes,Home,No,0
57WRAMJLBW,30,75871,238625,483,105,4,14.05,36,0.23,High School,Full-time,Divorced,Yes,No,Other,No,0
HMWIGZ96GH,62,115327,106146,757,87,1,13.95,60,0.85,Bachelor's,Part-time,Divorced,No,No,Business,No,0
SL15HCDOBU,53,65259,8585,387,23,4,3.32,48,0.44,Bachelor's,Unemployed,Married,Yes,No,Other,Yes,0
TJUQIKSK5D,42,126306,168248,748,63,4,11.06,36,0.81,High School,Part-time,Married,Yes,No,Other,No,0
E09RG2Y25Q,57,106234,139692,376,89,2,17.79,60,0.16,Bachelor's,Part-time,Married,Yes,No,Other,Yes,0
JMR4H6CJK9,51,110191,178693,341,62,1,2.44,60,0.79,PhD,Part-time,Married,No,Yes,Home,No,0
L3YW69DEOY,60,52302,38451,315,82,1,24.65,60,0.82,PhD,Full-time,Married,No,No,Education,Yes,0
NOTTS69IP9,29,17815,137410,768,17,1,2.57,48,0.7,Bachelor's,Full-time,Divorced,Yes,Yes,Auto,Yes,0
YPBDGGRZXK,19,27253,205123,715,95,1,24.72,24,0.42,Bachelor's,Self-employed,Divorced,No,Yes,Home,No,1
RXUI3JV3NF,31,53746,21050,637,54,2,4.7,60,0.55,Master's,Unemployed,Single,No,Yes,Other,No,0
M2Z7YFOTGM,25,116069,26983,356,112,2,23.96,12,0.16,Bachelor's,Unemployed,Married,Yes,No,Home,No,0
TUV72L83SB,51,18245,108299,734,79,3,16.36,36,0.73,PhD,Self-employed,Divorced,No,Yes,Home,Yes,0
JU8T5F98TY,46,96445,146384,469,95,4,4.3,60,0.47,Master's,Full-time,Divorced,Yes,Yes,Auto,No,0
ZZLQXK8J31,69,19169,173829,716,1,2,21.34,36,0.59,Bachelor's,Unemployed,Single,Yes,No,Other,Yes,0
HRNN8XLWP0,24,17811,59138,649,82,2,16.17,24,0.27,PhD,Full-time,Single,No,Yes,Other,Yes,0
C69VEUMPEV,29,84177,102199,448,24,2,6.67,48,0.87,High School,Self-employed,Married,Yes,Yes,Auto,Yes,0
GSLN7A14JM,45,86578,215109,465,28,4,11.93,36,0.14,Master's,Self-employed,Married,Yes,Yes,Auto,No,1
U7SXF546O6,40,141235,79559,712,15,2,6.35,36,0.14,Master's,Self-employed,Single,Yes,Yes,Education,No,0
Q4K8BNZQ4B,25,133247,7999,636,95,2,4.13,48,0.85,Master's,Self-employed,Married,No,Yes,Business,Yes,0
D8NJGUEDC5,49,103918,186891,372,31,1,13.34,60,0.37,Bachelor's,Full-time,Married,Yes,No,Home,No,0
7CWZGA079E,22,91719,236882,438,45,1,16.93,48,0.39,Bachelor's,Full-time,Divorced,Yes,Yes,Home,Yes,0
ZDKC8PGNC9,54,61847,38089,633,58,1,17.17,24,0.82,High School,Full-time,Divorced,No,No,Auto,No,0
VVIML34SGE,18,30675,60048,492,43,1,21.15,12,0.21,PhD,Full-time,Divorced,Yes,No,Home,No,1
OMCE1V0KE7,24,87536,5434,304,28,2,4.17,36,0.21,High School,Unemployed,Married,No,Yes,Education,Yes,0
TA9DKRWEIT,21,130030,45661,348,85,2,18.14,60,0.24,High School,Part-time,Divorced,No,Yes,Auto,Yes,1
KMXXXH81ZX,41,46638,12886,338,49,4,23.13,36,0.19,Master's,Self-employed,Married,Yes,No,Other,Yes,0
67GR77YWZB,32,146223,20090,781,62,1,12.53,48,0.11,Master's,Part-time,Married,Yes,Yes,Business,No,0
ID08TZZEC0,69,52815,84101,368,69,1,23.49,24,0.78,PhD,Full-time,Single,No,No,Other,No,0
POFYDQ0ZVS,46,105202,222562,527,14,4,14.14,60,0.46,Master's,Self-employed,Married,No,Yes,Other,No,0
PH8MNBNTLE,39,15395,149569,663,34,1,21.37,60,0.62,Bachelor's,Self-employed,Single,Yes,No,Education,Yes,0
E0DYI55SA2,36,136670,246793,686,103,4,20.92,24,0.12,PhD,Self-employed,Single,No,Yes,Other,No,0
4F2OSEHYVS,41,118830,176414,720,16,2,10.39,36,0.6,PhD,Self-employed,Single,Yes,No,Other,No,0
1BQUCTHIFE,60,59919,60064,412,70,1,20.95,12,0.16,Bachelor's,Part-time,Married,No,No,Education,Yes,0
TS299RT4S9,49,46559,49718,518,1,1,2.22,48,0.63,Bachelor's,Part-time,Married,Yes,No,Business,Yes,0
WVKPPAHHLN,40,140843,179190,641,85,1,19.72,36,0.71,Bachelor's,Self-employed,Single,Yes,Yes,Auto,Yes,0
B9MYD55EZ0,48,17040,242851,590,43,2,4.59,36,0.67,Bachelor's,Unemployed,Married,Yes,Yes,Business,No,1
YTW90N0DN2,45,18379,216791,839,4,2,14.24,24,0.8,High School,Part-time,Married,No,No,Business,Yes,1
09R8FPQCYG,20,112511,84216,581,95,2,23.28,60,0.12,Master's,Self-employed,Single,No,No,Education,Yes,0
5Z8AJJHJ86,43,125340,232680,813,117,2,7.64,36,0.24,PhD,Part-time,Divorced,Yes,Yes,Auto,No,0
YSZZOJQNXJ,35,72332,186024,660,27,3,13.08,36,0.46,Master's,Part-time,Divorced,No,Yes,Business,Yes,1
S5FVQMQ98K,19,148570,14132,740,82,2,6.44,60,0.39,Bachelor's,Full-time,Divorced,No,Yes,Auto,No,0
QIGB8GLCQ8,27,66168,197610,614,112,4,13.2,36,0.81,Bachelor's,Full-time,Single,Yes,Yes,Business,No,0
44M1N71LZN,38,45230,32488,632,56,3,24.09,60,0.36,PhD,Unemployed,Married,No,Yes,Education,No,0
N59JERMP2R,47,138542,243222,480,69,2,9.75,48,0.55,PhD,Part-time,Single,No,Yes,Education,Yes,0
2AJ662KFOB,43,132605,144582,301,58,1,4.87,60,0.34,PhD,Self-employed,Divorced,No,No,Home,Yes,0
WUAZOW3UPY,40,121485,231699,596,30,1,10.28,36,0.15,Bachelor's,Full-time,Married,Yes,No,Education,Yes,0
5EBJMWIM1A,60,75746,248547,303,52,2,24.97,24,0.35,PhD,Unemployed,Single,No,No,Auto,No,1
941FLVAFZB,19,85480,90956,401,26,3,6.4,60,0.17,PhD,Part-time,Divorced,Yes,Yes,Auto,Yes,0
XMXXUEHHNH,38,43609,153952,689,27,4,23.99,48,0.41,PhD,Part-time,Single,No,No,Education,Yes,1
K1ZLEWQL07,22,91579,29504,335,105,3,23.54,48,0.16,High School,Part-time,Married,Yes,Yes,Business,Yes,0
D7MA51MHR9,29,16823,229661,676,61,2,21.13,36,0.51,Master's,Part-time,Divorced,No,No,Business,No,0
8XY9CDE0MH,67,138234,202547,398,112,4,7.54,12,0.64,Bachelor's,Part-time,Married,Yes,Yes,Education,No,0
0PLZ0WC1KS,52,116542,59904,674,44,2,4.42,12,0.86,PhD,Part-time,Single,No,Yes,Education,Yes,0
KA82N5JB46,36,124726,48643,633,27,2,9.17,36,0.6,PhD,Full-time,Single,No,No,Home,No,0
2NQJWGVR3K,38,101842,222675,822,113,2,15.9,48,0.7,PhD,Full-time,Divorced,No,Yes,Education,No,0
23RZGCNWWW,33,78631,106952,414,61,4,10.97,24,0.67,High School,Self-employed,Divorced,No,No,Auto,No,0
Z1B5F6N0I2,43,22430,162939,415,87,1,18.11,24,0.49,High School,Full-time,Divorced,Yes,Yes,Education,Yes,0
NUOGXBQMYS,21,36131,217111,435,60,3,15.58,36,0.78,Master's,Part-time,Married,No,No,Education,Yes,0
G2D2XQF91W,28,132788,29716,612,70,1,12.61,48,0.87,PhD,Unemployed,Single,Yes,Yes,Business,Yes,0
YKZBLVCLWM,63,69133,211546,362,32,3,3.53,48,0.48,Master's,Self-employed,Married,No,No,Business,No,0
886TAVNC8E,61,103613,82406,845,89,1,12.09,36,0.21,Master's,Unemployed,Married,Yes,Yes,Education,Yes,0
M0ZUTTB9JO,65,127277,17337,696,17,4,21.8,24,0.86,PhD,Unemployed,Married,Yes,Yes,Home,Yes,0
6FQ2VHMAXO,64,113144,186964,764,83,1,2.4,36,0.83,Master's,Part-time,Single,No,No,Business,No,0
6DXSOX4E4W,49,120824,201085,710,84,1,14.16,12,0.76,PhD,Unemployed,Single,No,Yes,Home,Yes,0
3UOVV2UW64,50,91312,227446,302,34,1,2.11,12,0.18,PhD,Part-time,Married,Yes,No,Home,No,0
PVKYDP4PS9,48,90895,205917,338,76,2,14.54,12,0.14,Bachelor's,Full-time,Divorced,Yes,No,Other,Yes,0
ISNYJUTU3P,30,54499,182901,445,68,4,8.58,24,0.17,High School,Unemployed,Single,No,No,Education,Yes,0
GA6IMMMPIV,62,80213,108586,526,61,4,24.62,24,0.55,Bachelor's,Self-employed,Divorced,Yes,Yes,Other,Yes,0
572W4TY6VN,24,79867,30213,666,66,1,22.59,36,0.4,PhD,Unemployed,Single,No,Yes,Other,Yes,1
S31SI2KCGO,35,141122,25375,846,45,2,4.96,36,0.11,High School,Full-time,Married,Yes,Yes,Other,Yes,0
CNPEBTFIKI,46,87602,168965,743,20,4,19.33,60,0.29,Bachelor's,Part-time,Single,No,No,Auto,No,0
W1YNWJF6QI,38,28888,146884,577,43,1,20.5,24,0.33,PhD,Part-time,Married,No,Yes,Education,Yes,0
AE4KTPS460,31,122627,127227,341,28,4,19.57,36,0.47,High School,Part-time,Married,No,No,Auto,No,0
R6PHOI0R1K,57,65684,55340,696,100,2,16.37,24,0.79,High School,Part-time,Single,Yes,Yes,Home,No,0
10ZN4J4IC0,64,135257,249094,764,119,2,8.81,24,0.38,High School,Part-time,Divorced,Yes,No,Home,No,0
48501I4578,38,90026,85781,728,84,1,19.95,36,0.7,Bachelor's,Unemployed,Married,Yes,No,Education,Yes,0
FBL46P1OUM,56,112408,239798,417,115,1,21.09,12,0.27,Master's,Unemployed,Single,Yes,Yes,Education,Yes,0
W54MGUX8VX,57,50977,46412,728,115,2,20.39,48,0.4,Bachelor's,Unemployed,Divorced,Yes,No,Business,Yes,0
NJAQ97TCI6,48,49697,164971,405,35,1,8.74,36,0.5,Master's,Full-time,Divorced,Yes,No,Home,No,0
9J8RZQO3SB,42,79778,214078,783,100,2,9.61,36,0.84,High School,Part-time,Divorced,No,No,Other,No,0
O4FMKUVOVW,65,21466,109841,761,59,1,21.95,36,0.83,Master's,Full-time,Divorced,Yes,No,Home,Yes,0
4066OHTN9A,61,134076,140885,602,6,2,22.89,60,0.84,Master's,Unemployed,Divorced,No,Yes,Other,Yes,0
0A6BF0E6SX,20,84188,144900,369,20,2,2.63,60,0.42,Master's,Self-employed,Single,No,Yes,Education,No,0
I9VA24IXBG,37,148714,81758,426,24,2,24.07,60,0.41,High School,Full-time,Married,No,No,Home,Yes,0
NRB7LM2MAR,26,97304,199034,470,2,4,11.18,36,0.41,High School,Full-time,Married,No,Yes,Business,No,0
060BZPJDZE,62,72330,163516,836,90,3,2.94,36,0.24,High School,Part-time,Divorced,Yes,No,Business,No,0
W8L6109K0C,48,55376,185119,563,6,2,8.96,36,0.71,Bachelor's,Part-time,Divorced,Yes,Yes,Business,No,0
SGRRE0SJ4K,30,142168,126875,406,34,1,23.5,24,0.6,High School,Self-employed,Married,No,No,Auto,Yes,0
5GMD8FI05Q,41,124700,226582,841,24,4,7.07,36,0.18,Bachelor's,Full-time,Divorced,Yes,Yes,Business,No,1
JCMV46EF5P,60,45181,208634,534,102,2,20.97,12,0.28,Bachelor's,Unemployed,Single,Yes,Yes,Education,Yes,0
KISJEKH22F,61,47010,201425,517,37,3,20.18,36,0.72,Master's,Part-time,Married,No,No,Auto,No,0
2LV0G9LNFT,68,71563,8354,665,15,4,5.82,12,0.71,Master's,Self-employed,Divorced,Yes,No,Business,Yes,0
7952XZWT7S,65,30297,164392,463,20,1,21.33,24,0.59,Master's,Unemployed,Divorced,No,No,Auto,No,0
YURELRZJCF,22,40162,87508,340,71,1,11.15,24,0.46,Master's,Unemployed,Divorced,No,No,Home,No,0
799UVEZIEC,30,63661,83557,816,55,1,9.1,60,0.51,PhD,Part-time,Married,No,Yes,Education,No,0
WO1B6BZTX9,32,121103,73807,478,102,2,6.45,60,0.23,High School,Full-time,Single,Yes,Yes,Business,No,0
KU9ZREPQMX,65,113602,7487,705,84,1,2.51,36,0.75,Master's,Part-time,Married,No,Yes,Auto,No,0
56SB1V1MI6,57,78388,194648,685,58,2,16.36,48,0.54,PhD,Part-time,Single,No,Yes,Other,No,0
1PEFS6NXIW,23,148967,209191,325,27,4,12.8,36,0.5,Bachelor's,Unemployed,Single,Yes,No,Business,No,0
UC9BNSEES7,54,24061,81496,497,34,1,10.58,36,0.81,High School,Full-time,Single,Yes,Yes,Business,Yes,0
P4ZH5CNT1F,67,79095,217482,643,45,3,4.77,48,0.71,Master's,Unemployed,Married,No,No,Business,No,0
EFIBG35BUC,39,65028,110995,367,58,1,18.92,48,0.83,Master's,Part-time,Divorced,No,Yes,Education,No,0
FERD05BR2L,66,78011,216848,533,34,4,12.8,24,0.4,Master's,Part-time,Divorced,No,Yes,Auto,No,0
JU6TNS7ZGI,46,109435,204711,307,100,2,8.85,48,0.64,High School,Self-employed,Married,No,Yes,Education,Yes,0
G7L6IAFYEI,63,96402,21916,663,110,4,15.73,48,0.27,Master's,Self-employed,Married,No,No,Home,Yes,0
N5JB27NBPD,26,136174,156668,838,57,3,12.3,48,0.59,PhD,Part-time,Single,No,Yes,Auto,No,0
ITVJO5E505,61,134167,19015,329,3,4,20.29,24,0.41,High School,Part-time,Married,Yes,Yes,Home,Yes,0
1536AWK2Q6,56,122301,239697,439,12,2,13.02,48,0.68,Bachelor's,Self-employed,Single,Yes,Yes,Other,Yes,0
HAULF2ORH9,40,127747,203080,795,101,2,21.82,48,0.28,Master's,Self-employed,Married,Yes,Yes,Auto,Yes,0
I5R6T3IYSL,48,59112,206840,833,31,3,16.43,36,0.65,Master's,Unemployed,Divorced,Yes,Yes,Education,Yes,0
AUC1DIYQX8,61,29387,193929,366,41,2,13.79,48,0.16,Bachelor's,Part-time,Married,Yes,Yes,Business,Yes,0
KILKL27HYU,54,81780,135959,366,47,2,7.68,24,0.83,High School,Part-time,Single,Yes,Yes,Home,No,0
WM5LSAYOQM,51,82930,150463,683,86,1,9.31,48,0.7,PhD,Unemployed,Divorced,No,No,Auto,Yes,0
SK36G88Y5L,51,111947,26585,361,38,4,6.6,24,0.2,Bachelor's,Unemployed,Married,No,No,Other,No,0
BZ5MB99CR9,44,79562,71480,306,22,1,17.35,24,0.79,PhD,Full-time,Divorced,No,Yes,Education,Yes,0
Y5MX58Y70K,56,71040,220241,401,44,2,23.04,36,0.41,Bachelor's,Full-time,Married,Yes,Yes,Business,No,0
3T99YG92MP,45,102795,19093,444,107,1,7.82,12,0.3,Master's,Part-time,Divorced,No,No,Auto,Yes,0
E6IOKIPRVZ,20,99771,52719,702,118,3,17.79,48,0.12,High School,Unemployed,Married,Yes,No,Business,Yes,0
IC8EPFQOUO,50,60861,211052,576,8,3,19.23,48,0.66,Bachelor's,Self-employed,Divorced,Yes,Yes,Education,No,0
KBO45932MI,20,17531,170161,822,103,3,24.74,12,0.31,Master's,Full-time,Single,Yes,Yes,Auto,No,1
1TG678RK9V,22,113781,241419,759,49,3,22.49,12,0.48,PhD,Self-employed,Single,No,Yes,Other,No,1
WERBC7BZAV,36,146351,249169,389,115,1,6.0,36,0.24,High School,Self-employed,Married,Yes,No,Home,No,0
PC0N9GJTCH,31,38277,73062,687,12,1,16.0,24,0.6,Bachelor's,Self-employed,Single,No,No,Education,Yes,1
W7109IM76N,40,63511,159189,847,91,4,24.7,60,0.65,Bachelor's,Full-time,Married,No,Yes,Business,No,0
ELG7FQUA8T,46,132878,46067,782,54,1,20.91,60,0.78,High School,Full-time,Divorced,Yes,Yes,Business,No,0
3G0EA1QY9Y,25,16796,21265,668,22,4,7.01,12,0.48,Master's,Full-time,Married,Yes,No,Education,Yes,0
XVP5TO4X1K,25,57145,7614,455,88,2,2.85,48,0.42,Master's,Self-employed,Married,Yes,No,Home,Yes,0
1XDZVNZPZU,57,131450,9843,648,65,3,18.22,48,0.78,PhD,Self-employed,Married,No,Yes,Business,Yes,0
JKJ4ZTVDJK,30,76868,208299,663,67,1,4.86,48,0.13,Master's,Full-time,Single,Yes,No,Auto,Yes,0
8VU1Y1YZFL,39,55968,194624,418,57,4,14.91,12,0.34,PhD,Full-time,Divorced,Yes,No,Education,Yes,0
6O5TAR9ZZC,19,132938,147583,345,104,3,10.88,12,0.61,Bachelor's,Self-employed,Divorced,Yes,Yes,Business,Yes,0
DC6UHPWO7Y,31,102470,215195,807,105,4,11.24,12,0.51,Bachelor's,Full-time,Married,Yes,No,Home,Yes,0
RRT25UA8JX,29,17168,160532,726,56,1,4.29,12,0.3,Master's,Full-time,Married,No,No,Education,No,1
C6NDW37CRC,60,99000,188578,524,29,4,9.38,60,0.17,PhD,Part-time,Divorced,No,No,Business,No,1
8SP8033BST,68,57388,14758,581,79,4,4.78,60,0.45,High School,Full-time,Married,No,Yes,Auto,No,0
BE5BTP1UR5,63,111917,33265,336,44,1,9.4,48,0.45,Bachelor's,Self-employed,Married,Yes,Yes,Education,Yes,0
WKRAG4X8TO,22,20925,145699,790,76,2,6.99,24,0.81,High School,Self-employed,Single,No,Yes,Education,No,0
268A1NIQF3,52,141990,49598,586,86,3,12.15,60,0.22,High School,Part-time,Married,No,Yes,Auto,No,0
XRPGSXYL9L,30,35692,128117,580,76,1,20.27,36,0.36,PhD,Self-employed,Married,Yes,No,Education,No,0
Z64OH27Q21,68,119082,108825,601,5,1,13.2,48,0.72,Master's,Part-time,Single,No,Yes,Business,No,0
Q4D1MRPQFR,58,122251,183564,839,27,1,17.81,60,0.49,Master's,Part-time,Divorced,No,Yes,Other,No,0
AAD79WPUAK,36,51073,217694,679,10,1,18.1,48,0.24,High School,Unemployed,Married,No,No,Education,No,1
WK71X60FU5,54,98366,53282,801,41,4,8.9,60,0.69,Bachelor's,Full-time,Single,Yes,No,Home,No,0
HQIARIBZFM,33,100987,122245,605,48,3,4.36,36,0.88,High School,Part-time,Divorced,No,No,Business,No,0
Z9H0DGI6QT,26,122469,132937,491,16,3,13.27,36,0.88,PhD,Full-time,Married,Yes,Yes,Business,No,0
VI7VFA21O4,25,61132,207254,819,26,4,5.98,60,0.39,Bachelor's,Full-time,Single,No,Yes,Other,No,0
KXR4HJBTYR,42,107983,38035,480,42,1,8.73,36,0.59,Master's,Self-employed,Divorced,No,No,Business,No,0
AQLTD31OJI,40,74557,34734,474,49,1,18.03,24,0.43,PhD,Unemployed,Married,Yes,Yes,Auto,Yes,0
WQACKSIKNT,44,42736,6790,701,46,4,6.86,36,0.78,PhD,Self-employed,Married,Yes,Yes,Education,Yes,0
HNYSCONS79,67,137899,238996,815,13,2,5.03,48,0.43,Bachelor's,Self-employed,Married,No,No,Auto,Yes,0
2PP10SJ3DF,60,27590,90757,353,65,3,3.13,60,0.68,Master's,Unemployed,Divorced,No,No,Home,No,0
7FJJOKAM2Y,48,125605,117780,467,65,1,17.54,36,0.83,Bachelor's,Full-time,Divorced,Yes,Yes,Education,Yes,0
7W6H7TS6QY,23,131595,209870,846,12,3,23.01,36,0.79,Master's,Self-employed,Single,No,Yes,Business,No,1
MY01U3TQDT,32,87498,141802,738,111,3,23.33,12,0.33,High School,Full-time,Married,Yes,Yes,Business,Yes,0
BYQV4KFA42,19,15492,226407,848,44,1,16.71,36,0.52,Master's,Unemployed,Divorced,Yes,No,Business,No,0
9278LBEK28,24,142807,184189,573,74,3,25.0,24,0.23,Bachelor's,Unemployed,Single,No,Yes,Auto,Yes,1
81ZPYT2N6W,18,18614,152491,525,113,1,18.04,12,0.76,High School,Full-time,Divorced,Yes,Yes,Education,Yes,1
7M52XDNTTP,46,96722,131739,661,37,3,17.13,24,0.22,PhD,Part-time,Divorced,No,Yes,Home,No,0
2AF3OIAUE6,20,49220,101002,827,74,3,22.2,36,0.18,Bachelor's,Part-time,Single,No,Yes,Home,No,0
LIS0OIOXK2,30,109896,184245,558,23,1,21.63,12,0.64,Master's,Self-employed,Single,Yes,No,Other,No,0
S19GLC210I,62,142426,52983,563,115,3,22.24,36,0.61,PhD,Part-time,Married,Yes,No,Auto,No,0
62HLGFTKCB,48,120020,93442,368,28,2,4.14,60,0.39,PhD,Part-time,Divorced,Yes,No,Business,Yes,0
RL16EC630U,25,103368,237965,624,94,1,3.37,24,0.34,High School,Unemployed,Single,Yes,No,Other,Yes,0
23KJX6KQBB,53,87547,89775,638,72,4,7.39,24,0.73,Master's,Self-employed,Single,Yes,Yes,Home,No,0
TH9OVIN5LI,56,99863,90275,598,36,4,6.74,24,0.73,Bachelor's,Self-employed,Divorced,Yes,No,Other,Yes,0
61TNBKC2MS,68,133942,54868,596,1,4,6.99,60,0.47,Bachelor's,Full-time,Divorced,Yes,No,Home,Yes,0
7SM9Q8BI56,21,49883,125320,425,69,1,4.71,48,0.25,Master's,Unemployed,Married,No,Yes,Auto,Yes,0
XDJDE286SL,31,70232,35643,663,95,4,20.41,12,0.62,PhD,Part-time,Divorced,No,No,Home,No,0
2HN9XKB9RZ,26,98878,246638,353,95,2,5.81,36,0.25,PhD,Full-time,Single,No,No,Education,Yes,0
XGF8F96PGD,38,134486,6976,761,28,3,3.23,12,0.88,High School,Self-employed,Married,No,No,Education,Yes,1
Y8OIZEIEC3,21,148389,15174,751,12,1,23.06,36,0.85,Master's,Unemployed,Married,No,No,Business,Yes,0
4L2Y93L1CU,32,37184,144977,813,4,2,17.05,60,0.74,Master's,Unemployed,Divorced,No,No,Education,Yes,0
NLKG44WTHA,28,70570,20941,740,27,4,6.08,48,0.79,Master's,Self-employed,Married,Yes,Yes,Education,Yes,0
O9IJLHLYER,23,109631,175357,431,71,2,2.49,48,0.42,High School,Part-time,Single,No,No,Business,No,0
E54EM1H4IZ,25,45933,181622,487,84,3,9.98,24,0.75,High School,Full-time,Single,Yes,No,Home,Yes,0
X2LEM57XZH,35,33570,247294,400,106,4,12.2,12,0.56,PhD,Self-employed,Single,Yes,Yes,Business,Yes,0
403VCZNVS5,41,133487,33883,440,7,4,21.15,48,0.39,High School,Self-employed,Single,No,Yes,Home,No,0
DF1LI8AI84,56,74595,91477,630,55,2,17.34,12,0.62,Bachelor's,Unemployed,Divorced,Yes,Yes,Auto,Yes,0
7WBJGGT7ZX,36,38997,246423,351,43,1,5.97,60,0.33,High School,Part-time,Single,Yes,No,Other,No,0
M0AXRJLGHF,66,143398,199413,686,2,3,15.66,36,0.28,High School,Unemployed,Married,No,No,Home,Yes,0
OJNPTFRC8N,18,146985,173765,446,45,2,6.58,36,0.12,High School,Unemployed,Married,Yes,No,Auto,Yes,0
Y61ZDCC3TB,23,90456,63894,420,4,1,12.87,12,0.32,PhD,Unemployed,Divorced,No,No,Education,No,0
DY7DMDZA76,32,79534,166863,646,5,1,16.44,12,0.32,High School,Full-time,Single,No,No,Education,Yes,1
8AOWDPO1ZK,58,87814,46448,717,119,3,16.59,60,0.37,High School,Part-time,Single,No,No,Home,No,0
ZP3V2QN63S,64,95206,65776,832,20,4,20.16,48,0.28,Master's,Self-employed,Divorced,Yes,No,Other,No,0
6R9OIHV0XQ,39,92336,248377,580,100,4,4.66,60,0.67,Bachelor's,Full-time,Married,No,No,Home,No,0
YHMB9VFV01,49,56856,210813,838,100,3,7.83,12,0.34,High School,Part-time,Divorced,Yes,No,Home,No,0
0IF1ZSOMIJ,55,95204,173158,672,39,4,22.4,36,0.86,High School,Unemployed,Single,Yes,No,Business,Yes,0
XCPLI3C0OY,39,70392,170017,548,113,4,22.6,24,0.85,Bachelor's,Self-employed,Married,No,Yes,Auto,Yes,0
E9762YACIA,27,104641,46471,509,62,1,11.63,36,0.36,High School,Self-employed,Divorced,No,No,Business,No,0
WYN2DF65KK,55,100760,36857,424,103,3,17.38,60,0.74,Bachelor's,Unemployed,Single,No,Yes,Education,Yes,0
R10AKQU05N,39,57991,64779,337,97,4,16.39,48,0.26,Master's,Full-time,Married,Yes,Yes,Other,No,0
1GSMV28RO9,48,88226,34695,713,96,3,16.98,60,0.51,PhD,Self-employed,Single,No,No,Education,No,0
XADBACB2IC,43,146571,110953,577,23,1,21.61,48,0.48,Master's,Unemployed,Married,No,Yes,Other,Yes,0
Q5UGVPEPQU,28,56018,160109,580,70,1,13.62,12,0.75,High School,Self-employed,Single,No,Yes,Other,Yes,0
UN2KXVP7HT,58,123877,211738,797,119,3,12.86,48,0.27,PhD,Part-time,Divorced,Yes,No,Other,No,0
MOZ0OZ09Z4,64,46820,112670,360,93,1,16.95,24,0.27,Master's,Full-time,Divorced,Yes,No,Business,No,0
TZM02TQBXV,52,130083,32586,317,92,3,18.45,24,0.39,PhD,Unemployed,Single,No,No,Business,No,0
E58M3F07QM,30,138373,152122,632,91,1,20.22,48,0.11,PhD,Unemployed,Divorced,No,Yes,Auto,No,0
13FJBIP3YA,31,71506,191784,718,70,4,24.89,36,0.32,High School,Full-time,Married,No,Yes,Business,No,0
BTIU1HLIR1,34,58689,113316,817,1,4,3.73,48,0.29,Master's,Full-time,Married,No,No,Other,No,1
Z9B9APM8RF,64,49053,47010,430,93,4,10.87,48,0.51,High School,Self-employed,Divorced,No,No,Education,Yes,0
4GILYSAZTU,58,53840,28434,352,24,1,24.53,48,0.7,Master's,Full-time,Divorced,Yes,Yes,Other,Yes,0
K34SQUPW9A,47,15579,50698,837,116,2,10.32,36,0.65,Master's,Full-time,Divorced,Yes,Yes,Home,No,0
D1SL5DKMQG,31,130147,233954,389,20,3,12.1,36,0.87,High School,Self-employed,Single,Yes,Yes,Education,Yes,0
LF6N25WIUI,22,98890,191057,433,12,4,13.78,12,0.23,High School,Part-time,Divorced,No,No,Other,Yes,0
IIMG4SQBK6,36,59176,102957,430,52,4,4.47,36,0.7,Bachelor's,Full-time,Married,No,Yes,Other,Yes,0
HV50EHLLBT,25,93212,5940,802,84,2,23.53,36,0.78,High School,Full-time,Single,Yes,No,Auto,No,0
7L6X9A8W7Y,33,103318,160579,373,40,2,10.65,12,0.67,Bachelor's,Unemployed,Single,No,No,Home,Yes,0
UG3ZUQ79CT,35,86993,112778,446,117,1,3.28,36,0.18,Bachelor's,Unemployed,Married,Yes,No,Education,Yes,0
9M9VIGUJQS,50,98135,156249,548,90,3,13.92,48,0.23,Bachelor's,Self-employed,Single,No,Yes,Home,No,0
NMUO63DWQZ,41,39063,163987,430,113,1,24.3,60,0.88,Bachelor's,Full-time,Married,Yes,Yes,Business,No,1
VRG1P1PAP1,25,138227,77339,681,42,4,12.12,48,0.61,High School,Unemployed,Single,No,No,Business,Yes,0
LFMIG3ZENW,21,138891,15043,635,49,3,5.39,24,0.63,Master's,Full-time,Divorced,Yes,Yes,Auto,No,0
JSIYXL94D0,48,100156,12190,614,107,2,5.11,12,0.52,PhD,Unemployed,Single,Yes,Yes,Education,Yes,0
6B4366WHGQ,29,104637,120137,713,15,3,19.19,24,0.24,Master's,Part-time,Single,Yes,Yes,Business,No,0
2O8DGDSA1S,21,66549,215010,461,118,4,23.82,60,0.7,PhD,Self-employed,Divorced,No,Yes,Home,No,0
XH60AAHTON,62,73970,5534,383,80,1,2.64,12,0.61,Bachelor's,Self-employed,Single,Yes,No,Business,No,0
YANA4PZOAG,28,93899,28021,731,89,3,11.4,12,0.69,Bachelor's,Part-time,Divorced,No,No,Home,No,0
V4WPDF5IEP,55,33583,172173,742,41,1,17.7,12,0.53,PhD,Part-time,Divorced,Yes,Yes,Auto,No,1
UXVLOZVQRU,66,88154,59164,752,64,4,2.29,48,0.29,PhD,Self-employed,Married,No,Yes,Auto,Yes,0
4Z11ZFOY0E,23,20315,239567,340,15,1,13.93,60,0.3,High School,Part-time,Divorced,No,Yes,Business,No,1
05KKYWZPUG,62,65757,240119,672,80,4,2.31,48,0.28,Master's,Self-employed,Single,Yes,No,Education,Yes,0
D3BENECHCU,50,43465,148844,344,31,3,16.77,48,0.36,Bachelor's,Part-time,Divorced,No,Yes,Home,Yes,1
VZIOOCKKCW,29,89804,76602,640,90,4,13.38,48,0.18,Bachelor's,Part-time,Married,Yes,Yes,Education,No,0
6WJ5V6Q3C2,56,95346,81227,448,21,4,21.42,24,0.49,PhD,Self-employed,Divorced,No,Yes,Auto,No,1
2ZKNK8344H,53,81704,55053,763,22,1,5.84,60,0.64,Bachelor's,Full-time,Married,Yes,Yes,Business,No,0
PYLYWGDOMX,36,121618,81405,628,73,2,23.31,12,0.39,Master's,Full-time,Single,No,Yes,Education,No,0
NULW1L4846,54,92972,97462,780,77,1,21.23,12,0.67,High School,Part-time,Divorced,No,No,Other,No,0
Y3RQ8BTCKO,58,70311,150740,606,10,3,3.82,60,0.67,Master's,Part-time,Divorced,No,No,Auto,No,0
F6706794EN,66,98292,27445,614,1,4,8.68,48,0.29,PhD,Full-time,Married,No,No,Education,Yes,0
Q4EPQ9WUWJ,59,45707,185717,681,93,3,16.55,24,0.9,PhD,Self-employed,Single,No,No,Education,No,0
RZB5F662VH,56,111898,188184,520,89,2,15.28,60,0.23,PhD,Unemployed,Married,No,Yes,Other,Yes,0
GTX29E65BO,34,43230,148933,472,37,1,14.32,24,0.39,PhD,Part-time,Divorced,No,Yes,Other,No,0
1KORLEQ96C,69,30244,221154,714,113,1,6.6,12,0.5,Master's,Part-time,Divorced,Yes,Yes,Auto,No,0
Z3WQCRRV6A,22,121132,155433,615,111,2,9.53,24,0.17,Master's,Self-employed,Married,Yes,Yes,Other,Yes,0
30JUXSVIF1,35,34550,25286,848,11,2,7.46,24,0.22,PhD,Part-time,Married,No,No,Home,Yes,0
NHS7P76B65,69,129686,219961,481,94,2,4.38,12,0.85,Master's,Full-time,Married,No,No,Other,No,0
4RTSXJFQM8,25,39804,89690,303,16,2,21.5,36,0.82,Bachelor's,Unemployed,Single,No,Yes,Other,Yes,0
4IZ6YR0AGG,57,115559,174208,471,89,2,10.43,12,0.43,PhD,Self-employed,Divorced,Yes,Yes,Education,No,0
6Z9W68QC8X,47,94442,76110,505,6,1,2.01,36,0.74,High School,Self-employed,Married,Yes,Yes,Auto,Yes,0
GJ9IQUVAFC,47,71498,166439,476,106,4,22.3,36,0.29,High School,Unemployed,Single,Yes,No,Business,No,0
1Q1JZA6JDI,25,53839,131365,701,93,2,7.19,60,0.49,High School,Unemployed,Single,Yes,No,Business,No,0
24ILFF6RL0,59,48537,97774,306,115,4,15.29,24,0.59,High School,Part-time,Single,Yes,Yes,Other,No,0
0YX478CJ6N,37,142246,136391,760,47,2,10.23,36,0.84,Bachelor's,Full-time,Married,No,Yes,Education,No,0
ESA0A7I2ZQ,37,28390,69222,392,110,3,11.5,48,0.28,Bachelor's,Full-time,Single,Yes,No,Auto,Yes,0
B285IM8E6H,56,106748,232368,769,33,3,3.03,48,0.49,Bachelor's,Part-time,Single,Yes,No,Other,No,0
2OKUPLMRMJ,38,42602,246348,570,94,4,17.26,48,0.82,High School,Full-time,Married,No,Yes,Home,Yes,0
K118O5M4AZ,33,25389,205692,441,103,4,14.95,60,0.67,PhD,Full-time,Single,Yes,No,Home,No,0
864QCFVF4T,45,139016,112413,708,87,4,8.8,24,0.31,Master's,Unemployed,Divorced,No,Yes,Auto,Yes,0
NULCSHQ61P,67,42069,57337,456,32,4,13.25,48,0.87,Bachelor's,Full-time,Single,Yes,No,Business,No,0
GQUEEYR3RO,19,97219,189133,663,40,2,15.05,48,0.14,Bachelor's,Self-employed,Single,No,Yes,Business,No,0
P4T2HV2FC6,23,103860,174857,557,48,1,17.58,36,0.85,Master's,Self-employed,Divorced,No,Yes,Business,No,0
K9SFUSB8EO,32,77453,146082,471,111,3,21.37,60,0.35,High School,Unemployed,Divorced,No,Yes,Auto,Yes,0
GC54XIALLR,22,19489,49314,648,119,4,13.27,60,0.41,Master's,Self-employed,Divorced,No,No,Other,Yes,0
9XAB5REGVN,29,68735,154608,653,92,1,22.23,12,0.84,High School,Unemployed,Married,Yes,No,Home,Yes,0
ZRUVI1H7H6,63,90321,121356,382,42,4,4.45,24,0.12,High School,Part-time,Married,No,No,Education,No,0
S9KGRITOAP,62,98349,62184,439,26,4,7.55,60,0.82,High School,Unemployed,Single,No,No,Auto,Yes,0
GQARV80F9O,41,99348,29462,552,3,3,16.31,12,0.89,PhD,Unemployed,Single,Yes,No,Auto,Yes,0
5Q4YRIZ8XO,38,105918,86804,803,53,1,21.39,60,0.36,Bachelor's,Part-time,Married,Yes,Yes,Education,No,0
WW00J3HHH3,51,113127,28000,609,95,4,14.22,24,0.69,High School,Self-employed,Married,Yes,Yes,Home,No,0
ESDFBLRJPZ,53,46916,243387,354,74,3,22.1,48,0.75,Master's,Full-time,Divorced,Yes,Yes,Home,No,0
MFTTAIAKM6,56,122283,120573,334,63,1,5.37,24,0.9,Bachelor's,Unemployed,Single,Yes,No,Business,Yes,0
EUS3617L7R,42,84936,29685,585,23,4,11.5,60,0.83,PhD,Part-time,Divorced,No,Yes,Other,Yes,0
TB2Z19MKYV,56,109106,184708,317,26,2,7.0,36,0.34,High School,Part-time,Divorced,Yes,No,Other,No,1
PZUQ1O29S6,49,48386,154283,788,65,4,24.41,60,0.47,PhD,Self-employed,Divorced,No,No,Business,Yes,0
7OV23JEHP4,50,33740,231960,745,2,1,13.29,60,0.26,High School,Part-time,Divorced,Yes,No,Business,Yes,1
LKB13WTVRL,32,48701,97274,617,43,1,8.27,24,0.5,High School,Self-employed,Single,No,Yes,Other,No,0
UM8G6DDEL6,20,19476,244026,406,80,2,13.54,60,0.59,PhD,Self-employed,Divorced,No,Yes,Other,Yes,1
YS338T6LQ6,58,21021,107489,432,36,2,4.3,12,0.53,Bachelor's,Self-employed,Married,No,No,Education,No,0
7KHJTZS7HB,31,57671,63631,331,46,3,9.65,48,0.22,High School,Full-time,Divorced,Yes,No,Other,Yes,0
1TI858GWKY,57,49703,41159,705,59,3,16.74,36,0.11,Master's,Self-employed,Divorced,Yes,Yes,Home,Yes,0
2NXF9RGRMF,20,94717,48151,757,119,2,22.02,60,0.22,PhD,Unemployed,Married,No,Yes,Auto,No,1
ZL21NOUHMD,26,90373,116192,669,69,3,16.38,36,0.14,Master's,Part-time,Married,No,Yes,Education,No,0
FLJNSWEP3H,50,95445,57751,468,53,2,22.75,48,0.58,Bachelor's,Full-time,Divorced,No,Yes,Education,No,0
W2J5LG6KX0,57,61150,124399,700,28,1,19.85,60,0.23,High School,Part-time,Divorced,Yes,Yes,Home,Yes,0
BY9OE2H704,69,108223,144141,325,61,4,9.84,60,0.6,Master's,Full-time,Married,No,Yes,Education,No,0
JOEY58RZJL,57,88068,7001,587,47,3,2.39,36,0.51,Bachelor's,Unemployed,Divorced,Yes,Yes,Other,Yes,0
MJN3C3VGY1,44,127944,47048,827,84,2,9.68,60,0.15,PhD,Part-time,Single,No,No,Auto,No,0
QUO67ML76Z,50,129100,20296,382,79,1,19.53,36,0.26,High School,Self-employed,Single,Yes,No,Education,No,0
F7L9RYH8D3,36,93246,83752,338,33,3,8.72,36,0.46,Master's,Self-employed,Married,Yes,Yes,Other,Yes,0
ELGUTIWXOB,36,101932,11760,561,87,2,11.96,36,0.37,Master's,Self-employed,Single,No,No,Home,Yes,0
CP8YPNZHA1,68,65807,55587,494,32,4,17.0,24,0.49,PhD,Unemployed,Divorced,Yes,Yes,Home,Yes,0
15IQVGHGG7,57,101207,140775,425,56,1,20.29,60,0.74,Bachelor's,Unemployed,Single,No,No,Auto,No,0
U9AW664IC6,29,130810,53529,675,7,2,11.11,60,0.31,Bachelor's,Full-time,Married,No,No,Auto,Yes,0
SBZVD7XO6G,59,53713,177248,313,6,2,19.94,36,0.22,Master's,Self-employed,Married,Yes,Yes,Education,No,0
ZEJX57HZTG,51,126712,131159,570,100,4,21.82,24,0.49,High School,Full-time,Married,No,No,Business,Yes,0
RI7IG17PBO,28,104300,21008,729,39,2,10.09,60,0.74,Bachelor's,Self-employed,Single,No,Yes,Other,No,0
1UVGTZJ3WX,20,128828,44727,843,115,3,9.32,12,0.45,High School,Self-employed,Married,Yes,Yes,Other,No,0
8YGCQBWSA7,25,68599,223044,840,31,4,4.89,60,0.21,High School,Unemployed,Married,Yes,No,Home,Yes,0
3H073XII53,55,68267,71820,720,17,1,23.22,36,0.57,High School,Unemployed,Divorced,No,Yes,Auto,No,0
G4M6KC45UZ,56,135448,222930,466,41,3,14.14,24,0.72,PhD,Self-employed,Single,Yes,No,Other,Yes,0
DGYMZXK6HW,38,148692,12215,667,66,4,7.56,36,0.53,PhD,Self-employed,Single,No,Yes,Home,Yes,0
J754PUVZDV,62,95300,36004,335,19,4,17.03,60,0.44,PhD,Part-time,Married,No,Yes,Home,No,0
7B636PGU0V,66,118901,165977,619,40,1,20.94,24,0.77,PhD,Part-time,Divorced,No,Yes,Auto,Yes,0
BRM6QGC2BE,19,100926,51316,432,21,2,17.4,48,0.55,Master's,Unemployed,Divorced,No,Yes,Other,Yes,0
S97DFWDLCW,57,54015,221052,476,27,1,20.77,24,0.39,Master's,Unemployed,Divorced,Yes,No,Business,No,0
435VXUMT7U,30,130372,21185,800,66,1,20.16,12,0.3,PhD,Self-employed,Single,No,Yes,Business,No,1
PHC7V1659B,24,130531,204077,585,80,4,24.06,60,0.72,PhD,Full-time,Married,Yes,Yes,Auto,Yes,0
BZ1OHUZIP1,44,136825,168220,712,115,1,14.27,12,0.11,High School,Self-employed,Single,Yes,No,Other,No,0
0FVFAG58UD,38,43658,50939,454,58,1,6.27,48,0.64,Master's,Part-time,Single,Yes,Yes,Education,No,0
LODJN1WZ7F,27,55390,38588,322,40,2,4.89,24,0.14,Bachelor's,Unemployed,Married,Yes,No,Home,No,0
V1S8HJAXK5,18,18544,128723,486,15,2,9.94,36,0.87,Bachelor's,Self-employed,Single,Yes,Yes,Education,No,0
C4WO2AIDE1,51,100270,173195,360,56,4,5.27,60,0.39,High School,Full-time,Married,Yes,No,Auto,Yes,0
Y7WQJU6R3K,21,135505,135766,714,95,4,22.47,48,0.25,High School,Self-employed,Single,Yes,Yes,Other,Yes,0
G8M657L3EF,32,137742,181201,717,41,3,19.32,12,0.83,Master's,Part-time,Divorced,Yes,No,Home,Yes,0
SC5YWJMVTV,63,101982,147130,355,48,1,15.5,12,0.73,High School,Unemployed,Married,No,No,Education,Yes,0
TC1C1HT3AX,53,63971,8650,573,8,4,18.53,12,0.85,Bachelor's,Unemployed,Divorced,No,No,Business,Yes,0
Y53SNSJ31N,56,148073,106082,813,45,3,17.41,24,0.5,High School,Unemployed,Divorced,Yes,No,Business,No,0
ZDAXY3ISTE,52,135972,184380,848,37,4,9.63,12,0.17,PhD,Self-employed,Single,Yes,No,Other,No,0
0CGF7CR7X5,50,127423,163617,772,93,1,16.62,48,0.5,Bachelor's,Full-time,Single,No,No,Home,No,0
M0E2PBU0O7,69,36554,8864,464,2,4,10.98,12,0.16,Bachelor's,Full-time,Divorced,No,Yes,Auto,No,0
KD3I6R3JPY,37,99188,170864,678,58,2,20.76,24,0.79,Master's,Part-time,Divorced,Yes,No,Auto,Yes,1
G21OU5VMCI,45,111702,126628,787,45,3,11.18,60,0.17,Master's,Part-time,Divorced,Yes,No,Business,No,0
BQLOIW7UOF,51,67883,199975,514,87,4,23.36,60,0.45,Master's,Part-time,Single,No,Yes,Business,No,0
FV4HJG1P6Y,48,70466,204395,574,83,3,24.24,24,0.75,High School,Self-employed,Married,Yes,Yes,Education,No,1
YLYM4CN99I,20,96481,204263,468,7,1,23.89,24,0.46,Bachelor's,Self-employed,Divorced,No,No,Home,Yes,0
A7F7EMXB42,50,22010,34525,529,14,4,10.2,12,0.67,High School,Self-employed,Divorced,No,Yes,Other,Yes,1
59ZXGXUDI1,22,46110,115599,430,76,1,7.21,36,0.5,Master's,Unemployed,Divorced,Yes,No,Home,No,0
S1D4K798Z4,37,26297,53360,308,48,2,21.05,24,0.85,Bachelor's,Self-employed,Single,Yes,Yes,Auto,Yes,0
TXA2LGLJKW,58,65105,119574,611,83,1,22.63,36,0.66,Master's,Full-time,Single,Yes,No,Home,No,0
T0CSIPFR3T,46,96418,108425,834,80,4,19.2,60,0.37,Bachelor's,Unemployed,Married,No,Yes,Other,No,0
G3PWGPLJX7,37,139951,152654,565,78,3,23.54,24,0.15,PhD,Part-time,Married,No,Yes,Home,Yes,0
QQB77PZ00O,25,77751,124930,340,101,4,4.71,12,0.64,PhD,Full-time,Divorced,No,Yes,Business,No,0
5Y3PXYH4AA,48,148713,236913,547,56,1,9.41,12,0.15,Bachelor's,Self-employed,Divorced,No,Yes,Education,No,0
4ZSY8DI76I,53,142970,142367,587,16,3,10.87,12,0.15,PhD,Unemployed,Married,No,Yes,Auto,No,0
JFUZOAZ39M,63,16783,180619,697,0,3,20.16,24,0.76,High School,Unemployed,Divorced,Yes,Yes,Auto,No,0
DWUS1MGKRA,57,78284,10346,702,89,4,12.59,36,0.4,High School,Full-time,Divorced,Yes,Yes,Other,Yes,0
BGPVBKF332,27,66205,188118,628,21,1,24.72,36,0.22,Bachelor's,Unemployed,Single,Yes,Yes,Education,Yes,0
CIJ0IR1U9H,31,129493,192763,498,117,2,17.45,24,0.13,Master's,Full-time,Single,Yes,Yes,Education,No,0
49KKU4ASXX,40,106512,187248,439,63,2,2.98,36,0.72,Bachelor's,Unemployed,Married,No,Yes,Auto,Yes,0
W6AZFI6M1J,34,33909,28870,731,42,3,4.89,12,0.46,PhD,Part-time,Single,No,No,Education,Yes,0
T22YJYCH52,27,122050,63863,311,57,3,2.76,48,0.26,PhD,Part-time,Married,Yes,Yes,Other,No,0
WDEFW26OAZ,48,71213,125861,547,55,3,10.61,12,0.82,Bachelor's,Full-time,Single,No,Yes,Auto,Yes,0
CFEUN0FH3P,30,109696,41501,675,55,4,22.06,12,0.4,Master's,Part-time,Divorced,No,No,Home,No,0
MLRYRVAHXJ,30,88543,207357,434,75,1,8.75,12,0.71,Master's,Self-employed,Married,No,No,Auto,No,0
NJZ869MPL6,43,102245,217362,651,24,1,8.68,36,0.17,Master's,Unemployed,Single,Yes,No,Other,Yes,0
DHNI6A3JVG,54,68884,115569,553,53,1,18.94,36,0.9,PhD,Full-time,Single,Yes,No,Auto,No,0
DBGA0LVJPU,59,18547,174707,845,64,4,19.66,24,0.69,Bachelor's,Self-employed,Married,No,No,Business,Yes,0
F320TUAD9Y,61,33826,127963,426,67,3,14.79,24,0.83,PhD,Unemployed,Married,No,No,Business,No,0
93EULR547Q,26,135058,218508,733,41,2,17.24,24,0.35,Master's,Full-time,Single,Yes,Yes,Home,No,0
8A21N23IZI,41,137489,114556,337,76,2,18.48,36,0.2,Master's,Self-employed,Married,No,No,Education,Yes,0
QQPGQ3CI3R,46,52525,48975,663,52,4,13.8,24,0.53,Master's,Part-time,Married,No,Yes,Education,Yes,1
WW8B9QT6SD,20,62043,126345,546,113,3,21.33,36,0.85,Master's,Unemployed,Single,Yes,Yes,Home,No,0
5CE79I9P2M,29,117567,169166,633,15,3,9.13,24,0.45,Master's,Self-employed,Single,No,No,Education,Yes,0
EA24DHKUHX,62,89810,92687,689,34,1,15.53,12,0.71,Bachelor's,Full-time,Married,No,Yes,Home,Yes,0
VM0MBTWXQG,61,56552,112008,799,96,4,3.85,60,0.66,High School,Part-time,Married,No,No,Other,Yes,0
UAJHUXN56D,27,134117,161033,722,10,2,3.98,48,0.68,Bachelor's,Self-employed,Married,Yes,Yes,Auto,Yes,0
W2DFLHV6X3,39,70919,188844,766,52,2,8.71,48,0.8,PhD,Part-time,Single,No,No,Home,No,0
KTR4Q1TUFB,62,106469,129932,408,38,1,2.45,36,0.28,PhD,Unemployed,Divorced,No,Yes,Auto,Yes,0
WV3C25WM66,61,122448,128449,557,5,2,7.32,12,0.17,PhD,Full-time,Married,Yes,No,Business,Yes,0
FZKBHXEFVV,26,90518,106509,539,3,3,21.38,48,0.13,PhD,Unemployed,Married,Yes,Yes,Education,Yes,0
5S9HIODWCL,60,49181,106347,433,35,1,11.52,48,0.12,High School,Part-time,Married,Yes,No,Other,Yes,0
8GTHYB0N3N,62,65553,90561,628,94,3,11.09,60,0.37,PhD,Part-time,Married,Yes,Yes,Auto,No,0
ZMA8VAYB2A,45,22438,10527,554,42,1,12.6,12,0.29,Master's,Unemployed,Divorced,No,Yes,Home,Yes,1
HUAW5VV4E2,26,112303,155342,702,44,1,19.66,60,0.82,PhD,Part-time,Married,No,Yes,Education,No,0
U1NPHX89C3,47,104924,39505,352,50,2,17.82,48,0.58,Master's,Full-time,Divorced,No,Yes,Auto,Yes,0
FTFQQDOQT8,25,15808,148352,586,2,3,6.08,60,0.29,High School,Self-employed,Married,No,Yes,Education,Yes,1
MU3V2NL2QG,67,35870,193727,691,27,2,16.44,60,0.23,Bachelor's,Unemployed,Married,Yes,Yes,Business,Yes,1
KP5VPM5IZX,53,99292,80659,822,21,1,4.58,48,0.19,Bachelor's,Unemployed,Single,Yes,No,Home,Yes,0
G5PU9JM0TP,68,148370,247618,799,33,1,23.79,60,0.67,High School,Part-time,Single,No,No,Business,No,0
RH4J1K9EDQ,46,102881,206276,419,56,4,13.24,48,0.54,Master's,Unemployed,Single,No,Yes,Other,Yes,0
5RYE5RO3BB,45,136404,218117,389,104,2,4.59,24,0.59,Bachelor's,Full-time,Married,No,No,Other,Yes,0
634YJEQS5V,45,38938,23927,714,86,3,2.71,48,0.39,Master's,Part-time,Married,Yes,Yes,Auto,No,0
XDW6X9M5VW,22,82778,63962,710,64,1,19.78,36,0.13,Master's,Full-time,Married,Yes,No,Auto,No,1
S3CU3EELTM,27,84981,220422,648,116,4,18.95,60,0.44,PhD,Self-employed,Divorced,No,No,Other,No,0
UV9SPE0RS1,26,124026,45659,626,118,2,8.58,60,0.33,Master's,Full-time,Single,No,No,Education,No,0
4OPTL8C10Q,18,110620,84598,465,55,2,13.56,12,0.12,High School,Unemployed,Divorced,No,Yes,Other,No,0
3X2H8EGNOI,20,17479,236809,320,62,2,17.73,48,0.9,Master's,Part-time,Married,Yes,Yes,Business,No,1
QFUC5WF58D,64,88547,14189,357,56,3,6.12,24,0.81,Master's,Full-time,Single,Yes,No,Business,Yes,0
MFU98BAN7L,36,91559,219574,557,86,1,15.52,12,0.89,Master's,Full-time,Single,Yes,Yes,Home,No,0
YX4G5ZJKE1,58,63341,193014,305,59,2,6.92,36,0.3,High School,Part-time,Divorced,Yes,Yes,Other,No,0
T4P7X6BEN1,59,125306,59068,823,65,1,11.24,48,0.14,Bachelor's,Part-time,Single,No,No,Auto,Yes,0
ULOHILNKCH,35,37928,155650,719,35,2,16.89,24,0.33,High School,Part-time,Divorced,No,No,Other,Yes,0
RJ8PPZDRZU,33,119386,45750,596,103,1,6.68,36,0.48,Master's,Unemployed,Divorced,Yes,Yes,Education,Yes,0
IOFNPZRXCK,53,101462,98664,444,41,2,6.95,36,0.53,Bachelor's,Part-time,Divorced,No,No,Auto,Yes,0
D0FCCGRBQV,55,148004,18793,492,74,2,16.78,60,0.63,Master's,Self-employed,Single,No,Yes,Business,Yes,0
HO9ZN530RE,20,149828,44465,453,7,2,13.71,60,0.89,PhD,Unemployed,Divorced,No,No,Other,No,0
O934UOOI3D,46,108647,26165,678,119,3,16.7,60,0.2,Master's,Part-time,Single,Yes,Yes,Auto,No,0
FRYLMWSXXS,55,149629,22900,671,74,4,8.52,24,0.28,Master's,Full-time,Divorced,No,No,Business,No,0
P7R4PJYTKO,20,92748,100722,402,53,2,24.56,12,0.62,High School,Self-employed,Divorced,Yes,No,Home,Yes,1
7IZWNE9AUJ,49,147768,155451,509,20,3,22.03,24,0.66,PhD,Full-time,Married,No,No,Education,Yes,0
5NKF9MMYXJ,61,110239,224707,815,43,2,17.18,12,0.32,High School,Self-employed,Single,No,Yes,Home,No,0
I2LUW8CJIM,59,114501,137933,360,96,2,17.49,48,0.63,High School,Full-time,Married,No,Yes,Other,Yes,0
VCMKLM8MA1,38,30165,179358,815,18,2,20.85,36,0.1,Master's,Part-time,Divorced,Yes,Yes,Other,Yes,0
SA879ISGOE,69,110577,112726,399,25,1,24.11,24,0.15,Bachelor's,Self-employed,Married,Yes,No,Auto,No,0
JDTL35OIZT,52,45999,34808,574,21,3,18.27,48,0.68,High School,Self-employed,Single,No,Yes,Home,Yes,0
TNJ0JOFW8D,57,134310,218102,417,100,4,17.53,24,0.8,Bachelor's,Full-time,Divorced,No,No,Business,Yes,0
IYFV6OUZCP,45,114061,105174,690,107,3,22.97,12,0.74,PhD,Unemployed,Divorced,Yes,No,Home,Yes,0
VUYDICS9MM,27,145504,98626,659,72,3,23.82,36,0.68,Master's,Unemployed,Single,Yes,Yes,Education,Yes,0
OAKM5603U6,66,16882,229052,381,8,1,12.36,36,0.24,PhD,Full-time,Single,Yes,No,Other,Yes,0
L0O444GOSX,57,95543,245254,728,70,2,8.06,12,0.25,Bachelor's,Unemployed,Married,Yes,No,Auto,Yes,1
JGIQY6SFVA,58,90546,9566,738,11,1,6.61,24,0.53,PhD,Unemployed,Divorced,Yes,Yes,Auto,Yes,0
YJIF2HZN09,40,114774,11767,431,48,4,2.82,60,0.34,High School,Part-time,Married,Yes,No,Home,Yes,0
7RR2P1MNVQ,37,129859,16221,599,4,3,5.15,60,0.62,Bachelor's,Unemployed,Single,Yes,Yes,Business,No,0
Z1XS3ZPMJ6,46,147685,170992,538,99,3,9.4,48,0.75,High School,Unemployed,Married,No,No,Auto,Yes,0
Z99Q4OEB0O,68,64835,72331,847,30,2,20.11,12,0.33,PhD,Unemployed,Divorced,No,No,Education,Yes,0
DDO2G9YQ33,67,24766,169514,802,30,1,9.54,60,0.51,PhD,Unemployed,Married,Yes,No,Other,No,0
EN5UKPIQC4,41,16534,221024,489,47,4,24.99,36,0.53,High School,Self-employed,Married,No,Yes,Auto,No,1
HH0Y0KA7C5,52,75753,124818,388,46,2,20.41,12,0.81,Bachelor's,Full-time,Divorced,Yes,Yes,Home,Yes,0
1A7XZ2JZYH,42,22630,149050,317,105,4,20.31,60,0.16,PhD,Unemployed,Single,No,Yes,Auto,No,0
FM0772VY40,67,26156,8781,723,56,1,11.68,36,0.31,High School,Full-time,Married,No,No,Auto,No,0
R7V9NHKJPF,30,30797,219245,475,70,2,14.25,12,0.5,PhD,Part-time,Divorced,No,No,Business,No,1
39QZHS0JIC,55,59996,242093,498,8,4,15.06,60,0.59,Bachelor's,Unemployed,Single,Yes,Yes,Business,No,0
VIX2G73HNM,54,78738,77434,550,45,4,16.2,60,0.26,High School,Full-time,Single,No,No,Business,Yes,0
XIFUGUFLWR,40,68088,192188,388,35,3,16.58,12,0.61,PhD,Full-time,Married,No,No,Auto,No,0
PLTSE64OOG,46,50976,99811,610,69,1,5.79,48,0.19,High School,Full-time,Single,Yes,No,Education,No,0
QHNMA2TWKB,59,88009,149360,693,42,4,10.36,48,0.53,PhD,Full-time,Single,Yes,No,Other,No,0
7HVB7O1K78,29,95535,237788,779,77,2,23.06,48,0.89,Bachelor's,Part-time,Single,No,No,Other,No,0
6ACTUE2Z9O,19,101106,233648,364,45,2,16.33,36,0.73,Master's,Unemployed,Divorced,Yes,No,Business,No,0
JXGG2PP49W,30,112911,77615,616,33,4,11.27,24,0.41,PhD,Unemployed,Divorced,No,Yes,Home,No,0
Y21MF9YG9V,39,28664,172691,793,115,1,12.59,36,0.39,Bachelor's,Unemployed,Married,Yes,No,Auto,No,0
RR31JGHALY,59,48776,218608,341,85,1,3.18,12,0.5,Bachelor's,Self-employed,Married,No,No,Auto,No,0
4PEAYURU3I,42,49515,215298,569,90,2,3.11,48,0.38,High School,Self-employed,Divorced,Yes,Yes,Home,Yes,0
R0XZVSOVOL,39,40148,168782,551,37,2,2.23,36,0.88,High School,Self-employed,Divorced,Yes,No,Other,Yes,0
KM2RMIAIBZ,24,63705,122672,551,18,4,12.24,36,0.75,High School,Part-time,Married,Yes,No,Education,Yes,0
27HOXKHCTS,20,100653,98885,698,87,4,17.07,24,0.35,Master's,Self-employed,Single,Yes,Yes,Home,No,0
VADDKAZ50U,36,137706,188704,587,6,3,6.98,60,0.73,Bachelor's,Full-time,Single,No,Yes,Business,No,0
QZZHD7PYUK,41,142285,105273,557,93,2,17.51,48,0.9,High School,Full-time,Single,No,No,Home,No,0
8E4Z5WQVU9,63,108095,201314,696,60,1,4.11,24,0.42,PhD,Full-time,Single,Yes,Yes,Business,No,0
Y9V1P5NK23,69,17347,148964,446,5,3,7.67,36,0.44,High School,Unemployed,Married,No,Yes,Other,Yes,0
AXTS42MCCY,28,25435,119297,399,31,1,22.72,36,0.71,High School,Unemployed,Married,Yes,Yes,Home,Yes,0
T7UMG6KUWD,69,78323,151515,809,67,4,11.46,36,0.37,Master's,Part-time,Single,No,Yes,Auto,No,0
TICGAVE2BK,68,49330,93957,579,22,4,19.91,60,0.79,Master's,Part-time,Married,Yes,No,Auto,No,0
730GQF8XW0,23,121267,159497,605,60,4,9.56,12,0.83,High School,Unemployed,Single,Yes,Yes,Auto,No,0
2J29K497O7,53,17250,144872,842,33,1,17.71,60,0.61,PhD,Full-time,Divorced,Yes,Yes,Other,Yes,1
DQ06051ETB,61,72257,222039,324,57,3,23.72,12,0.38,Master's,Full-time,Single,Yes,Yes,Other,No,0
59J8ZBRK48,26,110404,51986,582,30,4,12.54,48,0.11,High School,Part-time,Married,Yes,Yes,Business,Yes,0
63CU64ZCAT,56,39726,133598,841,60,1,2.7,60,0.68,Master's,Unemployed,Divorced,Yes,No,Education,Yes,0
VBZL3MO3XD,21,78677,239513,497,71,3,3.29,12,0.61,Master's,Unemployed,Single,No,No,Education,Yes,0
9IUXJQNOF2,41,59041,115522,839,91,3,11.08,60,0.14,PhD,Unemployed,Divorced,No,Yes,Business,Yes,0
S4BI8HF80J,63,93304,68758,342,26,1,16.46,12,0.89,Bachelor's,Unemployed,Married,Yes,No,Business,No,0
WEDNW81G3W,57,24636,191692,412,48,2,14.21,12,0.45,High School,Self-employed,Divorced,No,No,Business,Yes,0
QWL11CFU19,55,44779,204353,340,34,3,5.71,24,0.35,High School,Part-time,Single,Yes,No,Other,No,0
T2F4FUVDMK,36,131113,78457,739,34,4,13.7,24,0.82,Bachelor's,Self-employed,Married,No,No,Home,No,0
TE2CRDAI38,57,61766,199588,316,26,3,9.77,48,0.18,Master's,Unemployed,Single,No,No,Business,No,0
UFAZYK57W6,38,41543,40161,456,87,3,10.84,48,0.64,Master's,Full-time,Single,Yes,Yes,Education,Yes,0
R27HZGYI8T,34,60449,144744,720,77,4,18.66,12,0.67,Bachelor's,Self-employed,Married,No,No,Auto,No,1
RJKWSY2VCZ,69,37941,103612,367,60,4,10.58,60,0.33,Master's,Unemployed,Divorced,No,No,Auto,No,0
B3ZSZFGXWQ,21,105188,51148,499,35,2,7.63,24,0.58,High School,Part-time,Married,Yes,Yes,Home,No,0
DHG9PISNMJ,64,31270,192726,320,39,3,20.74,12,0.86,Bachelor's,Full-time,Single,No,Yes,Home,No,0
PO62GQQ8ZW,53,56255,218233,774,2,2,10.15,60,0.14,PhD,Self-employed,Divorced,No,No,Home,No,0
8AN5HJZ3TW,30,55750,198439,691,40,4,9.09,48,0.31,Master's,Unemployed,Single,Yes,Yes,Home,Yes,0
Q855GRYSDW,29,45563,125985,503,25,1,4.89,36,0.39,Master's,Self-employed,Single,No,No,Other,No,0
XPUVF5FGAW,64,107898,213120,404,45,1,3.97,60,0.23,High School,Part-time,Divorced,Yes,Yes,Business,Yes,0
A35SGXGZ31,30,69277,226362,781,19,4,7.67,48,0.44,Master's,Part-time,Married,No,No,Home,Yes,0
5GX073DMNT,60,95473,129775,376,115,1,6.49,24,0.17,Master's,Unemployed,Divorced,Yes,Yes,Business,Yes,0
KAAXR34E5A,20,71371,122982,360,5,4,15.56,48,0.11,PhD,Full-time,Married,No,Yes,Home,Yes,1
8D18MGLH5Y,29,60556,54835,846,20,2,20.68,48,0.61,High School,Unemployed,Single,Yes,No,Education,No,1
VW59MOBY4G,51,78988,59106,300,114,1,15.2,12,0.59,Bachelor's,Unemployed,Single,Yes,No,Education,No,0
8D4JK5PM4I,25,119858,84961,358,16,4,24.86,48,0.21,Master's,Part-time,Married,Yes,No,Other,No,0
4L0T8WNW21,18,114587,202095,432,8,4,11.57,48,0.61,PhD,Part-time,Married,No,No,Home,No,0
UBHB9IE4FJ,62,47726,15281,324,13,2,6.94,60,0.54,Master's,Full-time,Married,No,Yes,Education,No,0
PK5KBCIHJL,62,81503,12607,544,60,4,23.13,36,0.15,Master's,Full-time,Married,No,No,Auto,Yes,0
R5UUTPJQIY,49,88607,242582,803,119,2,3.91,12,0.56,High School,Part-time,Married,No,No,Auto,No,0
T5HJXBDDXX,60,147592,102854,791,13,3,18.85,12,0.33,Master's,Unemployed,Single,Yes,No,Home,Yes,1
YBK3LIVPN5,50,60498,66668,321,92,3,23.02,48,0.82,Bachelor's,Self-employed,Married,No,No,Business,No,1
II38J3JSBX,47,110640,220892,635,55,2,10.32,48,0.58,High School,Full-time,Married,Yes,No,Other,No,0
RD3UXGVKWV,26,53619,18852,366,13,1,15.97,48,0.18,Master's,Full-time,Divorced,Yes,No,Other,No,0
O4G2H15FNH,64,64318,64911,450,29,3,14.15,36,0.33,Bachelor's,Unemployed,Divorced,Yes,Yes,Home,Yes,0
PS0KVNKTAP,42,109003,202348,806,56,2,7.17,12,0.68,High School,Full-time,Single,No,Yes,Other,Yes,0
FG9PH2L323,60,110566,218568,600,64,4,18.61,48,0.65,PhD,Unemployed,Divorced,Yes,Yes,Auto,No,0
DVB39ZVOZ0,48,139698,127787,708,61,2,20.21,60,0.29,PhD,Full-time,Divorced,Yes,Yes,Home,No,0
4108J0ZYOZ,47,103628,88861,416,107,2,7.17,24,0.43,High School,Self-employed,Divorced,Yes,No,Home,No,0
5OPUIBK64Z,37,99515,202135,477,25,2,11.2,36,0.63,Bachelor's,Part-time,Married,No,Yes,Other,Yes,0
HTLU0ITPUH,42,90583,246095,670,1,4,8.75,24,0.27,PhD,Part-time,Divorced,No,Yes,Auto,No,0
XIQJQYGCUT,61,111537,6778,704,5,2,19.51,24,0.9,Bachelor's,Self-employed,Divorced,Yes,No,Auto,Yes,0
Y6099NJXRX,56,91893,35548,498,119,1,19.64,36,0.43,PhD,Part-time,Married,No,Yes,Auto,No,0
P9FAHS75NI,60,143374,173815,427,60,1,2.38,48,0.31,Bachelor's,Self-employed,Married,Yes,No,Other,No,0
IW96FRJSPV,40,108828,39458,472,104,1,12.52,48,0.73,Master's,Self-employed,Single,Yes,Yes,Business,Yes,0
0YLV0SVH1C,35,109890,168799,399,106,3,3.94,60,0.22,High School,Part-time,Divorced,Yes,No,Auto,No,0
AT19LB7LQT,41,111542,20295,717,64,2,23.28,36,0.3,Master's,Unemployed,Single,Yes,No,Other,No,0
X75OSDHSAI,25,108590,112471,428,37,4,7.94,48,0.34,Master's,Part-time,Single,No,No,Business,No,0
17HJD1Y95O,40,127377,238426,451,82,3,9.43,36,0.25,Master's,Self-employed,Single,No,No,Education,Yes,1
2TTJDWJR06,59,102407,157277,437,2,2,12.65,48,0.47,PhD,Part-time,Single,Yes,Yes,Education,No,0
4WB1OB580N,57,37914,27732,839,31,4,13.7,12,0.22,Master's,Full-time,Divorced,No,Yes,Auto,No,1
6K7U8DWLXK,57,20835,120610,640,40,1,19.18,12,0.88,PhD,Full-time,Married,Yes,No,Auto,Yes,0
1ZY06A4CS7,64,20162,193628,823,86,3,9.03,60,0.13,Bachelor's,Full-time,Single,No,Yes,Other,No,0
PKT3KA1LXH,43,106904,223242,436,78,4,14.48,24,0.22,PhD,Full-time,Divorced,Yes,No,Home,Yes,0
Q0HW71ZIC5,62,29682,18124,757,2,4,20.58,12,0.46,PhD,Part-time,Single,No,Yes,Home,No,0
U5ZPI9P1HQ,23,123186,32941,588,3,4,19.8,36,0.66,Master's,Unemployed,Divorced,Yes,No,Auto,Yes,1
2PJQ4ZZPR1,62,89997,79376,502,54,3,2.98,12,0.28,PhD,Full-time,Married,Yes,Yes,Home,Yes,0
1XHRZG64MK,31,73558,54923,616,42,1,11.37,48,0.35,Master's,Full-time,Divorced,No,Yes,Home,Yes,0
6FJHTYY03E,28,17357,123718,535,82,3,20.67,36,0.34,Master's,Unemployed,Single,Yes,Yes,Auto,Yes,0
9SLZ80YX0X,26,59853,228442,338,100,1,7.94,36,0.67,High School,Part-time,Divorced,No,No,Other,Yes,0
NJM36SGOBT,25,108753,172836,426,23,1,17.51,24,0.75,High School,Self-employed,Married,No,Yes,Business,No,1
F9VA9B1QM6,68,56284,124285,612,53,3,20.57,60,0.58,High School,Self-employed,Married,Yes,Yes,Other,Yes,0
GLSXBQIDGW,51,65081,42386,653,6,4,5.92,60,0.15,Bachelor's,Unemployed,Divorced,Yes,Yes,Auto,Yes,0
I4ZMD0PQXT,49,103888,177546,666,70,3,24.34,60,0.33,High School,Full-time,Divorced,No,Yes,Auto,No,0
O4K2GJNW5C,63,77299,23224,341,17,2,20.55,24,0.6,High School,Unemployed,Single,No,Yes,Other,No,0
CF0H9Q5KTO,21,112437,50802,515,67,1,15.48,24,0.9,PhD,Full-time,Married,Yes,No,Home,No,0
QICM5AEJBO,67,134008,79201,575,109,2,9.04,36,0.13,PhD,Self-employed,Single,Yes,Yes,Education,Yes,0
NN7OD6U39U,42,143238,177338,388,40,1,19.98,24,0.7,High School,Self-employed,Divorced,No,No,Auto,Yes,0
28LXA6CCB6,66,141917,231934,832,2,1,15.28,60,0.65,Bachelor's,Self-employed,Divorced,No,Yes,Other,Yes,0
8VR4ZE1I6G,49,94741,217967,367,8,2,24.61,24,0.47,PhD,Self-employed,Single,No,No,Home,Yes,0
HMYI36MZHK,40,143054,243676,676,91,3,5.37,36,0.64,Bachelor's,Part-time,Divorced,Yes,Yes,Auto,No,0
V1OOSZCR3G,59,36808,163179,312,5,4,17.25,12,0.73,PhD,Part-time,Divorced,Yes,No,Other,No,1
VPRF26KHE8,37,91172,200396,451,100,1,21.24,48,0.68,Master's,Unemployed,Single,No,No,Auto,No,0
0DI36HICW3,47,19485,48715,720,97,1,18.53,48,0.87,Master's,Part-time,Divorced,Yes,Yes,Auto,Yes,0
LQGXT2SA01,55,112920,246258,637,71,2,20.56,24,0.31,High School,Full-time,Divorced,No,Yes,Home,No,0
UJ3XSAQ320,53,27650,236841,765,38,3,10.32,60,0.82,High School,Self-employed,Divorced,Yes,Yes,Business,Yes,0
L2VHH802XG,41,135923,93537,312,66,4,19.51,12,0.29,High School,Part-time,Divorced,Yes,No,Home,No,1
KAQH0U91QR,22,110393,207596,342,84,1,19.06,36,0.16,Bachelor's,Self-employed,Single,No,No,Other,No,0
QAW9R5IS6N,36,91108,59539,341,25,1,12.26,60,0.6,Bachelor's,Self-employed,Married,Yes,No,Home,Yes,1
HW376LAWKP,51,65439,247136,715,86,1,24.53,48,0.62,Master's,Unemployed,Single,Yes,No,Education,No,0
9V7X2LFZHB,50,24015,6419,313,88,3,13.66,12,0.42,High School,Self-employed,Married,Yes,Yes,Home,Yes,0
229W038TWI,67,93151,115399,392,114,2,5.56,60,0.4,High School,Self-employed,Divorced,Yes,No,Business,Yes,0
BLICB3NBUW,54,24723,129602,789,107,2,3.52,60,0.85,High School,Full-time,Single,Yes,Yes,Education,Yes,0
FTSHG5B9JY,19,120622,215450,706,4,2,10.87,48,0.85,High School,Part-time,Married,No,No,Home,No,0
315HY66JRG,58,73595,38060,550,60,4,8.66,60,0.43,Master's,Self-employed,Married,Yes,No,Home,No,0
E76M2TDTEW,42,135432,174739,694,64,2,16.78,36,0.66,Bachelor's,Part-time,Divorced,No,No,Home,No,0
TT8GUFHDRG,47,96422,177768,317,21,4,16.24,48,0.42,Master's,Part-time,Single,Yes,No,Home,No,1
E112X317UH,50,29314,12743,830,35,2,12.45,36,0.64,PhD,Full-time,Married,Yes,Yes,Home,Yes,0
0GIK88R6WL,61,145146,161469,733,47,2,14.93,36,0.28,High School,Full-time,Divorced,No,Yes,Home,Yes,0
VUSXLKV2RI,47,23114,233304,742,114,1,8.28,48,0.2,PhD,Full-time,Divorced,Yes,Yes,Home,Yes,0
5U6KDVC5JN,32,93442,175713,827,56,3,16.9,12,0.34,Master's,Self-employed,Married,No,No,Auto,Yes,0
WF502ZS6DJ,55,27987,88111,769,9,4,17.36,48,0.64,Master's,Self-employed,Single,Yes,Yes,Education,No,0
XH05DGA89A,37,22722,226114,834,3,3,22.21,24,0.33,Bachelor's,Self-employed,Divorced,Yes,Yes,Business,Yes,1
GHZEVZCC7D,29,126197,152697,424,65,4,20.36,36,0.26,Bachelor's,Part-time,Married,Yes,No,Home,Yes,0
RX5LUWJ78G,35,83366,147474,406,45,3,11.93,12,0.22,PhD,Part-time,Single,Yes,No,Auto,Yes,1
AOW8B17QJP,46,34142,186441,546,32,4,9.5,12,0.2,PhD,Full-time,Divorced,No,Yes,Education,Yes,0
JTBPQ68EQY,46,24960,84583,574,119,3,17.18,60,0.45,High School,Self-employed,Married,No,Yes,Business,No,0
IRJ5FTJF9O,54,46824,135041,655,100,4,23.09,60,0.28,Master's,Self-employed,Single,No,Yes,Auto,Yes,0
FLEXWRI48S,66,35037,63032,502,57,3,11.97,12,0.65,Master's,Full-time,Divorced,Yes,Yes,Home,No,0
JIFPABKE48,24,42597,249288,444,104,3,6.84,48,0.5,Master's,Self-employed,Divorced,No,Yes,Auto,No,1
CAH17LOX8P,39,73796,214511,312,104,1,23.09,48,0.64,High School,Full-time,Single,Yes,Yes,Auto,Yes,0
3FD0EWFOQO,22,126562,154082,490,20,4,8.09,12,0.41,PhD,Full-time,Married,No,No,Auto,Yes,1
FLM4COJ6DZ,65,99911,159897,374,48,1,21.96,24,0.73,Master's,Part-time,Divorced,No,No,Education,No,0
258XAPQ6Z8,42,43822,149727,525,91,3,14.67,36,0.66,Bachelor's,Part-time,Married,No,Yes,Other,No,0
51RM22K58E,26,117734,52842,571,36,3,19.14,48,0.32,PhD,Full-time,Married,Yes,No,Other,Yes,0
AMORD3X7O1,24,76639,246925,795,48,3,19.14,60,0.8,Master's,Part-time,Single,Yes,No,Business,No,0
G5REUZK80P,58,123893,81503,449,0,4,20.79,48,0.26,High School,Self-employed,Divorced,Yes,Yes,Education,Yes,1
7XPD9DJZ05,59,147509,151621,670,85,3,10.56,36,0.54,High School,Part-time,Single,Yes,Yes,Business,No,0
YXYU02CCQ6,25,60060,211143,795,64,3,10.95,12,0.17,Bachelor's,Unemployed,Divorced,Yes,No,Other,No,0
USEBA81V60,20,108250,173946,795,93,2,24.05,36,0.76,High School,Unemployed,Married,Yes,No,Business,Yes,0
NKYLT3SI0R,33,126893,190967,592,92,2,7.87,36,0.38,Master's,Self-employed,Divorced,No,Yes,Auto,No,0
9MGQSS2VW8,33,87550,142122,639,116,3,3.62,48,0.82,Bachelor's,Part-time,Married,No,No,Other,No,0
ZXY81SJNGY,53,53991,92635,567,66,4,12.99,36,0.68,High School,Full-time,Married,No,Yes,Home,No,0
13YCLGU4S4,26,63029,64285,774,73,2,4.19,24,0.45,PhD,Full-time,Single,No,Yes,Auto,No,0
5NOA0I8Y97,31,118680,65056,542,3,3,12.31,12,0.37,Master's,Part-time,Married,No,No,Other,Yes,0
674E7QDJ3C,38,92666,175546,479,38,4,24.82,24,0.36,Master's,Part-time,Married,No,No,Other,Yes,0
332TL5YIM9,42,116767,199709,346,2,1,21.38,60,0.16,High School,Self-employed,Divorced,Yes,No,Education,Yes,0
ZZET5W9ZWC,23,39431,108652,791,65,4,19.39,24,0.2,High School,Unemployed,Married,No,Yes,Auto,Yes,0
OERV21IAPC,25,125340,248046,696,48,4,19.76,24,0.18,Master's,Self-employed,Single,Yes,No,Home,Yes,0
84KB86YWVO,67,135311,123820,555,15,3,12.74,24,0.65,Master's,Unemployed,Married,Yes,No,Auto,Yes,0
VPQXYLK1LQ,63,17453,18275,528,108,3,2.29,12,0.72,PhD,Unemployed,Single,Yes,No,Education,No,0
NK631R8DYU,40,73595,92443,721,27,2,8.7,24,0.32,PhD,Full-time,Single,Yes,Yes,Education,No,0
HJHOBX3ZTK,39,65165,42937,507,16,2,15.2,36,0.89,Bachelor's,Full-time,Divorced,Yes,No,Home,No,1
5WCHLMA50B,61,130406,155472,568,97,1,15.01,36,0.71,Bachelor's,Unemployed,Single,Yes,No,Home,Yes,0
3ZIYWFNDO2,36,138600,32980,312,81,1,16.79,48,0.76,Master's,Unemployed,Single,Yes,Yes,Auto,Yes,0
GUAQ5JPYSA,23,22227,40472,358,4,4,22.92,12,0.29,Master's,Full-time,Single,No,No,Other,Yes,0
NC6GPV5M33,63,53365,100512,476,15,4,4.28,60,0.37,Bachelor's,Part-time,Divorced,Yes,Yes,Home,Yes,0
H3K8DT9NIR,67,43385,174314,809,59,4,11.3,24,0.67,Master's,Unemployed,Single,Yes,No,Education,No,0
WVUOI2E9N0,39,81213,233765,840,64,3,15.28,48,0.88,Bachelor's,Part-time,Single,Yes,No,Other,No,0
KBESFZNZPV,59,137296,149671,609,53,3,18.81,36,0.23,PhD,Self-employed,Married,Yes,Yes,Auto,Yes,0
71RWJ9JJ2B,24,82460,135343,414,66,2,17.42,24,0.85,PhD,Unemployed,Married,Yes,Yes,Auto,Yes,0
F9X5XM0Z23,50,88677,36550,704,96,3,22.12,60,0.51,Master's,Self-employed,Divorced,Yes,Yes,Auto,Yes,0
TXD1DYK8IT,49,28114,81115,356,102,1,24.49,12,0.29,Master's,Part-time,Single,Yes,No,Auto,No,0
SZ2KA4E94W,34,99490,32011,476,81,1,17.84,24,0.38,Master's,Full-time,Married,No,Yes,Education,No,0
UH0C6QMC33,32,121181,245173,505,119,2,15.01,24,0.79,Master's,Full-time,Divorced,Yes,Yes,Education,Yes,1
HK1T1F0TWE,22,39082,190773,589,22,3,21.07,24,0.36,PhD,Self-employed,Married,No,Yes,Auto,Yes,1
Y7NLZMP0B3,48,33680,24240,640,10,1,11.97,12,0.15,High School,Full-time,Married,No,No,Auto,Yes,0
3YTI7M0KZD,64,139027,157353,322,90,3,14.24,36,0.24,Bachelor's,Part-time,Married,No,Yes,Business,Yes,0
NSXD6R4QGV,45,44925,205663,788,56,3,16.76,24,0.55,PhD,Unemployed,Divorced,Yes,Yes,Other,No,0
CSUKF6KYAH,21,84320,195807,376,87,3,5.36,36,0.3,Bachelor's,Part-time,Divorced,No,No,Auto,No,0
YZO6YV0EI0,53,80353,117871,306,103,4,4.21,60,0.64,Master's,Full-time,Single,Yes,No,Business,Yes,0
M93BBRB1ZP,62,132826,186488,478,111,4,16.53,48,0.46,Master's,Unemployed,Single,No,Yes,Home,Yes,0
CRH2MEDRMN,46,52675,22348,456,45,4,5.01,36,0.78,Master's,Self-employed,Single,No,Yes,Business,No,0
A2A7MWIJ18,25,48460,187262,336,95,1,6.71,48,0.49,Master's,Full-time,Married,No,No,Education,Yes,0
HOC3W9LASU,28,114089,115524,371,116,3,24.31,24,0.71,High School,Part-time,Divorced,Yes,Yes,Other,No,0
PSA1XL2UKU,47,144634,78494,302,71,2,9.08,12,0.26,High School,Full-time,Divorced,Yes,Yes,Other,Yes,0
FFYT7VTZAI,58,19176,216004,352,56,4,2.54,24,0.42,Master's,Unemployed,Married,No,Yes,Other,Yes,0
UJIIDUYDIN,61,127392,130817,383,62,4,8.67,36,0.21,Master's,Unemployed,Single,Yes,No,Education,No,0
2IKE9SUCUS,46,75607,213492,772,47,3,7.24,48,0.28,PhD,Full-time,Married,No,Yes,Auto,Yes,0
BDGGZR4605,57,30386,133299,682,48,1,5.02,12,0.56,PhD,Self-employed,Divorced,No,No,Education,Yes,0
5X45ZB3FSN,29,88527,222606,349,61,4,2.33,12,0.35,Bachelor's,Unemployed,Single,Yes,No,Education,No,0
IC72CFJ30I,46,43505,159158,335,48,1,9.55,36,0.69,PhD,Part-time,Single,Yes,No,Auto,Yes,0
KQ2UZR8GTM,50,65744,109405,716,2,3,16.42,24,0.46,Bachelor's,Part-time,Married,Yes,No,Home,No,0
2OVB19NJGB,18,85260,16917,701,7,3,15.38,60,0.18,High School,Part-time,Divorced,Yes,No,Business,Yes,0
45OTD9A0EZ,54,138514,65609,400,61,4,3.41,60,0.25,High School,Self-employed,Married,Yes,No,Education,Yes,0
ASFPXEUVJX,39,40171,79073,610,34,1,7.81,48,0.32,High School,Unemployed,Single,No,Yes,Home,No,0
VBZ6ILDPDT,53,107285,93838,400,42,4,3.52,48,0.26,High School,Unemployed,Married,No,Yes,Education,Yes,0
AKACRJ8PMS,54,78182,180011,319,110,1,22.56,36,0.85,Master's,Part-time,Married,Yes,Yes,Education,No,0
K8K2UYGKN9,42,53038,62256,763,116,3,2.55,36,0.54,PhD,Part-time,Divorced,Yes,No,Education,Yes,0
FS867ASUKN,57,70053,80149,609,118,1,6.12,36,0.51,High School,Self-employed,Married,Yes,Yes,Other,No,0
XULVQJ8MXM,54,132267,146992,424,63,1,6.87,24,0.28,Master's,Part-time,Divorced,Yes,No,Home,Yes,0
FO950QTU36,18,129174,136691,567,62,1,10.53,36,0.89,Bachelor's,Unemployed,Married,No,No,Other,Yes,0
DTZX3BM8HS,33,114076,37996,791,61,1,23.38,24,0.39,Master's,Part-time,Single,Yes,Yes,Home,No,0
DFA1J0TXEV,45,30924,168146,491,15,3,23.15,48,0.42,Master's,Full-time,Divorced,No,No,Business,Yes,0
4YZJ6CUHCY,67,64562,231324,417,36,4,14.79,12,0.37,High School,Self-employed,Divorced,No,No,Other,Yes,0
Z64AOG5ZSS,67,31437,69765,699,55,1,16.68,24,0.4,PhD,Unemployed,Divorced,Yes,No,Other,Yes,0
PBAP171WMZ,40,92953,81328,528,94,1,23.05,24,0.29,Bachelor's,Part-time,Married,Yes,No,Business,Yes,0
WLC84ODAEJ,59,132274,180686,659,93,2,6.37,24,0.21,Bachelor's,Unemployed,Divorced,No,Yes,Business,No,0
T597Q2NWU2,21,125198,147849,356,47,2,10.86,24,0.78,High School,Part-time,Married,No,Yes,Auto,No,0
RI2Q485ZED,60,141054,162764,346,51,1,10.77,48,0.49,Master's,Full-time,Married,No,Yes,Auto,No,0
JRKEW3EG7X,24,81511,174335,546,55,1,15.05,36,0.73,Master's,Full-time,Divorced,Yes,No,Other,Yes,1
K2CCJRXNAN,52,72001,221125,844,107,1,14.39,12,0.58,Master's,Self-employed,Single,No,No,Other,Yes,0
VOJO44FULT,52,115293,13498,471,2,4,14.47,60,0.6,Bachelor's,Unemployed,Divorced,No,Yes,Education,Yes,0
AQK4OML2QC,68,97688,66849,622,22,3,15.59,12,0.89,PhD,Full-time,Single,Yes,No,Auto,Yes,1
0N7QE7ANM8,57,52333,8784,617,20,2,22.85,36,0.38,Bachelor's,Part-time,Married,Yes,No,Home,Yes,0
X0AYSP638B,26,90271,86474,690,39,4,23.83,48,0.38,PhD,Part-time,Divorced,Yes,No,Auto,No,1
XW4G4LFKW5,28,31058,111983,748,68,4,22.1,60,0.89,High School,Part-time,Married,No,Yes,Home,Yes,0
BDW24JZBQ1,28,102327,218239,646,92,2,18.38,24,0.24,High School,Self-employed,Divorced,No,Yes,Home,Yes,0
R4MC44KY23,53,22169,227431,486,113,1,21.11,12,0.32,High School,Self-employed,Divorced,No,Yes,Other,No,0
FDCPJN70OG,31,147848,121086,347,72,2,18.49,24,0.8,Master's,Unemployed,Single,No,No,Auto,Yes,1
1IVUGP1490,31,25765,165008,705,51,3,22.04,36,0.11,PhD,Part-time,Divorced,Yes,No,Auto,No,0
5ZMDLNFH1X,68,46141,62555,428,108,3,12.84,24,0.52,PhD,Self-employed,Single,No,Yes,Business,Yes,0
UVVOH6RR6Q,19,148010,232156,376,118,4,13.79,12,0.85,Master's,Self-employed,Single,Yes,Yes,Home,No,0
83KUR6WF47,58,68089,15323,713,53,3,7.87,36,0.53,PhD,Self-employed,Married,No,No,Business,Yes,0
UFBGW2A4W0,24,146533,84000,789,92,3,16.81,12,0.32,PhD,Self-employed,Married,No,Yes,Education,Yes,1
X5YE6X7I19,35,125070,180606,674,42,3,20.57,48,0.73,Master's,Unemployed,Single,Yes,No,Auto,Yes,0
QTMUKSRUC6,24,64104,235412,519,97,1,18.26,24,0.83,Master's,Part-time,Married,Yes,No,Home,No,0
UQLCVKU0J5,60,98581,99651,418,114,4,17.58,24,0.65,Master's,Self-employed,Divorced,Yes,No,Education,No,1
97HOJ0RPWA,61,38454,22284,735,118,2,9.79,60,0.77,High School,Self-employed,Single,Yes,No,Auto,No,0
VMBZ12FRNW,36,142108,50007,343,95,3,2.47,48,0.51,Bachelor's,Full-time,Divorced,Yes,Yes,Other,Yes,0
CNB8EHLON7,22,55890,134228,518,28,1,10.71,12,0.36,PhD,Self-employed,Married,No,No,Auto,Yes,1
BS8TF7LUUJ,59,15623,18713,466,12,3,2.08,36,0.26,Master's,Self-employed,Married,No,No,Other,No,0
VT8XN2B24M,35,114032,173666,691,34,4,2.4,12,0.35,Bachelor's,Self-employed,Single,Yes,No,Other,No,0
2MIIR5NBWQ,60,140093,218547,659,61,2,18.23,60,0.8,PhD,Full-time,Married,Yes,No,Auto,Yes,0
SBE46NEGM6,32,32788,149090,649,68,4,13.99,36,0.12,PhD,Unemployed,Married,Yes,Yes,Auto,Yes,0
LRAIK98VVE,32,93929,178592,345,89,4,22.43,24,0.38,Bachelor's,Part-time,Married,Yes,No,Other,No,1
G9224GK0X6,31,144880,166905,596,11,2,9.67,60,0.33,Master's,Full-time,Divorced,No,No,Home,Yes,0
5BDCNRWQZE,61,46348,115027,752,13,4,17.43,12,0.68,High School,Part-time,Single,No,No,Home,No,0
7JUJA1ZHX5,56,100018,220489,345,52,2,8.74,48,0.33,PhD,Full-time,Divorced,Yes,Yes,Other,Yes,0
1O5EOK7ALM,45,105640,192862,361,76,3,18.38,48,0.24,PhD,Unemployed,Divorced,Yes,Yes,Education,No,0
2YZA2R8HV8,26,21977,6561,303,56,4,6.1,12,0.84,PhD,Part-time,Married,No,Yes,Other,Yes,0
PMAJDSX3IO,37,28303,28966,627,85,3,19.84,24,0.11,High School,Part-time,Married,No,No,Home,Yes,1
9VRUTAI3IP,18,46243,150407,513,55,4,10.22,60,0.54,High School,Unemployed,Single,No,Yes,Home,Yes,0
2A6F2GNY03,66,73277,145733,565,42,2,9.74,24,0.51,Bachelor's,Unemployed,Single,Yes,Yes,Auto,No,0
DHCK0LQM25,27,24641,196916,826,63,4,4.9,36,0.12,High School,Unemployed,Divorced,Yes,No,Auto,No,1
6NA3IZWD2K,47,147194,187105,811,76,3,22.49,48,0.71,Bachelor's,Self-employed,Single,Yes,No,Home,No,0
GVBV50YH0Y,59,95596,107106,473,41,1,7.88,24,0.31,Bachelor's,Unemployed,Married,No,No,Other,Yes,0
VS1PXMF6OD,49,73502,88887,801,104,4,6.5,36,0.59,Bachelor's,Self-employed,Divorced,No,Yes,Other,No,0
ERXWVEMZNT,50,65373,247393,819,62,1,2.07,36,0.12,High School,Part-time,Married,No,Yes,Auto,Yes,0
YHNVNV3CEL,31,108683,133695,755,1,2,18.34,48,0.72,Master's,Full-time,Divorced,Yes,Yes,Business,Yes,0
HV7U3BY3WD,49,79255,73405,575,25,1,7.82,48,0.31,Master's,Unemployed,Single,No,Yes,Business,Yes,0
QKZL4ZI8NA,66,124315,78181,472,73,4,22.84,12,0.46,Master's,Unemployed,Married,No,No,Other,Yes,0
ISCMLF5SMP,60,146186,151264,330,18,3,16.24,12,0.59,Master's,Full-time,Married,Yes,Yes,Home,Yes,0
N6HMZRKJTL,57,116396,242197,808,79,4,9.84,24,0.16,PhD,Full-time,Married,Yes,No,Auto,No,0
DFY4K840BV,55,77343,204141,423,19,2,17.66,48,0.49,Bachelor's,Full-time,Divorced,Yes,No,Home,Yes,0
7C4PYJ87CP,37,32494,238563,601,97,4,5.81,36,0.81,PhD,Self-employed,Divorced,No,No,Other,No,0
YJ1LU6MEO0,35,77157,245958,635,26,4,16.41,36,0.19,Master's,Part-time,Married,Yes,Yes,Education,No,0
KRA05W45ID,26,16965,13890,723,5,1,14.59,60,0.39,High School,Part-time,Divorced,No,No,Home,No,1
ZHWXVPAG9P,44,115452,230288,346,97,4,6.26,36,0.48,Bachelor's,Self-employed,Divorced,Yes,No,Home,No,0
3RI7GBUZEZ,63,50957,167480,730,48,4,24.01,24,0.89,PhD,Full-time,Divorced,No,No,Other,No,0
PNO6QLCCDP,62,26026,155263,822,62,1,2.42,60,0.64,PhD,Unemployed,Divorced,Yes,No,Other,No,0
VS1ATMN2O2,64,138210,6418,755,38,3,18.06,60,0.25,High School,Full-time,Divorced,No,No,Home,Yes,0
Z1GRWYBQ43,68,33813,171876,573,48,3,2.78,12,0.83,Master's,Full-time,Married,Yes,Yes,Education,No,0
C8R8O2GU07,43,148599,46787,756,46,2,18.85,48,0.65,High School,Unemployed,Single,No,Yes,Education,No,0
D5SHRTL3E8,61,114552,235322,504,63,4,22.61,60,0.26,Bachelor's,Part-time,Divorced,Yes,Yes,Auto,Yes,0
FM4W9V7JJD,55,136049,17962,617,54,1,13.0,12,0.11,Bachelor's,Full-time,Single,No,No,Other,Yes,0
6AY3XUAYMU,59,77172,231988,753,0,2,6.0,24,0.21,Bachelor's,Self-employed,Divorced,Yes,Yes,Home,Yes,0
69KKQ6QJFY,55,116530,48018,643,27,2,2.46,60,0.15,Master's,Part-time,Divorced,Yes,No,Auto,No,0
8BAWYT4LFT,40,54467,36874,802,78,4,23.5,24,0.66,PhD,Unemployed,Single,No,No,Home,Yes,0
742IIGVY3I,34,20315,42122,387,61,4,2.12,24,0.34,PhD,Self-employed,Divorced,Yes,No,Business,Yes,0
ETL22B4GT7,18,21007,189282,438,97,3,22.57,36,0.87,PhD,Full-time,Divorced,No,No,Auto,Yes,0
BGKWBIDU1T,44,104266,209862,837,109,2,8.2,48,0.77,PhD,Full-time,Single,No,No,Home,Yes,0
PEZLYAH5DQ,23,148140,185038,848,29,3,19.11,24,0.84,Bachelor's,Self-employed,Divorced,Yes,No,Auto,No,0
63PYSMR1JQ,60,23141,206571,473,41,1,14.8,60,0.27,Bachelor's,Unemployed,Married,No,No,Other,Yes,0
YQ5OIJDFPO,42,134708,191672,520,91,4,21.15,24,0.38,Bachelor's,Full-time,Divorced,Yes,Yes,Home,No,0
DC8YW04M7G,23,49189,55129,724,95,4,8.76,24,0.85,Master's,Full-time,Divorced,Yes,No,Other,Yes,0
S7WT8VXWUX,18,148218,233958,349,26,3,15.29,60,0.63,PhD,Part-time,Divorced,Yes,No,Home,No,0
GQFI6B5IKE,39,16833,165572,529,76,1,17.1,36,0.85,Master's,Full-time,Married,Yes,No,Other,Yes,0
JC2CW5JXHV,22,66202,21633,567,22,4,22.82,36,0.71,Master's,Part-time,Divorced,No,No,Business,Yes,1
G3NTZQTCZR,54,21766,48118,311,101,2,14.62,36,0.47,High School,Unemployed,Single,Yes,No,Business,Yes,0
L7IVDET715,62,21568,217987,848,71,4,6.53,12,0.75,High School,Full-time,Single,Yes,No,Home,Yes,0
AABBSB6ZTF,58,119607,42845,697,65,3,4.73,12,0.14,PhD,Unemployed,Married,Yes,No,Home,No,0
9F0MX47A2E,63,78834,185362,837,28,3,14.18,48,0.17,PhD,Unemployed,Married,Yes,No,Education,Yes,0
E1XIEULMCJ,62,52513,150813,317,116,4,7.18,60,0.52,Master's,Unemployed,Divorced,Yes,Yes,Education,Yes,0
DA9QP88D2H,46,102795,205939,643,98,2,5.03,24,0.38,High School,Part-time,Single,No,No,Other,Yes,0
JLL9DYAA5V,65,53679,174378,526,19,1,6.28,24,0.68,Master's,Full-time,Single,No,Yes,Other,No,0
DL79XIVCHP,25,52888,137844,708,97,4,21.52,60,0.52,High School,Part-time,Divorced,Yes,No,Home,No,0
F79MGHBDER,63,46932,244091,741,4,1,17.06,36,0.76,PhD,Unemployed,Married,Yes,No,Business,Yes,0
8AGMWRC56Z,68,31385,121475,505,54,2,8.37,12,0.47,Master's,Full-time,Divorced,Yes,No,Other,Yes,0
KANYV8PJ61,20,78781,136498,624,91,3,9.93,48,0.43,PhD,Full-time,Divorced,No,No,Business,Yes,0
SFRXQWVANP,60,45591,103489,420,83,2,15.32,24,0.17,High School,Unemployed,Divorced,No,Yes,Other,No,0
I3RJP4IAV3,33,50000,128527,368,115,2,8.15,60,0.42,PhD,Part-time,Single,No,Yes,Other,No,0
W2WCB6ORLR,41,75650,169503,488,37,2,23.94,24,0.5,Bachelor's,Part-time,Married,Yes,No,Education,Yes,0
2PBDH42P5T,55,95071,107709,689,6,3,10.0,60,0.44,Bachelor's,Unemployed,Married,No,No,Education,No,0
VM76I73G8B,63,89970,23538,640,37,3,14.3,36,0.81,PhD,Self-employed,Married,No,Yes,Business,Yes,0
I84EO40O08,30,20527,207676,369,8,4,3.65,36,0.69,Bachelor's,Part-time,Divorced,No,No,Education,Yes,1
RGR0VOVWGO,27,85329,14639,473,82,2,9.07,60,0.79,High School,Full-time,Married,No,Yes,Business,Yes,0
GGCX1FGRLS,57,49982,142832,755,78,2,23.49,48,0.5,High School,Self-employed,Divorced,Yes,No,Education,No,0
FD1ZPI0IQN,23,112664,170604,599,75,1,5.92,48,0.2,High School,Self-employed,Single,No,No,Business,Yes,0
BZ76FO9Q5X,63,112652,174560,711,99,3,14.44,24,0.9,Bachelor's,Part-time,Single,No,No,Education,Yes,0
64HU2EJ1XN,62,93287,76574,581,11,4,15.89,12,0.64,Master's,Unemployed,Single,Yes,Yes,Auto,No,0
M5KFQ8XLSD,69,52753,239656,532,9,4,19.33,60,0.41,Bachelor's,Full-time,Married,No,No,Business,Yes,0
38JWUZ6B97,21,110535,132855,709,36,4,13.08,24,0.35,High School,Unemployed,Single,Yes,Yes,Business,No,1
BVUYQSW4FI,30,58450,214170,696,59,1,19.17,12,0.77,Bachelor's,Part-time,Married,No,No,Education,Yes,0
JQS6QJXYX3,42,119512,89455,708,113,1,17.87,36,0.79,Master's,Part-time,Divorced,Yes,Yes,Business,No,0
1A7ZJWLBPN,68,69042,88716,660,116,2,20.15,12,0.25,Master's,Full-time,Married,No,Yes,Home,No,0
QXPW7DZUL1,27,22394,94675,822,101,4,8.17,24,0.25,High School,Self-employed,Single,Yes,No,Home,Yes,0
LFSKR3Q7FH,31,46406,111593,692,87,1,4.6,48,0.56,Master's,Part-time,Divorced,Yes,No,Home,Yes,0
T727M6O358,20,46015,121086,399,45,2,7.83,60,0.59,Bachelor's,Self-employed,Single,No,Yes,Education,Yes,0
CEW2DW30K8,66,28895,47770,730,27,3,15.09,36,0.32,High School,Part-time,Single,No,No,Business,No,0
HUWEMOFWAH,18,27950,246105,366,87,4,20.58,12,0.86,Bachelor's,Part-time,Divorced,No,No,Other,Yes,1
XDF4MH6MMA,29,112636,248305,345,17,4,10.4,24,0.39,PhD,Unemployed,Divorced,No,Yes,Other,No,0
36MHBI93SG,62,47396,235620,690,78,1,21.06,36,0.2,High School,Unemployed,Single,Yes,Yes,Business,No,0
8S5FGSEJI4,53,76459,87162,608,88,3,19.48,12,0.21,Master's,Full-time,Divorced,Yes,Yes,Home,Yes,0
Y0FEQ19JP7,46,116397,184068,367,0,1,4.76,24,0.25,High School,Self-employed,Married,Yes,Yes,Business,No,0
BECED18NDH,65,56054,35381,749,23,4,12.14,48,0.27,Bachelor's,Full-time,Married,No,Yes,Education,Yes,0
3T5IABZV7W,44,25047,89917,639,109,3,20.88,12,0.59,PhD,Full-time,Single,No,No,Auto,No,0
YU2KTEHC0E,33,140479,45956,631,62,1,21.88,48,0.16,Master's,Full-time,Married,Yes,Yes,Education,Yes,0
ZXIEBCJYVK,27,15681,50950,445,9,2,4.47,36,0.42,Bachelor's,Full-time,Married,No,No,Business,Yes,0
C6N8MR6490,34,21592,215916,411,63,1,22.12,36,0.77,Bachelor's,Full-time,Single,Yes,No,Home,Yes,1
9QKQ3FQZEY,57,130581,136733,313,26,4,7.36,12,0.27,PhD,Full-time,Married,Yes,Yes,Education,No,0
8YL5MKB16T,54,34959,154668,354,41,1,12.87,60,0.14,Bachelor's,Unemployed,Single,Yes,No,Auto,Yes,1
YHJ2C7OJW4,62,128762,173228,382,81,4,24.72,48,0.59,PhD,Part-time,Divorced,No,No,Auto,Yes,0
MHRERQSDVF,45,72670,73027,712,24,1,3.61,48,0.89,Master's,Full-time,Single,No,No,Education,Yes,0
UEK7UFGBR4,64,32886,65619,373,50,3,7.02,12,0.6,Master's,Part-time,Divorced,No,No,Business,Yes,0
4VF5A9LQFG,67,81738,88516,744,9,3,16.93,24,0.76,PhD,Unemployed,Married,Yes,No,Business,Yes,0
43UH0M3D2D,65,69943,93801,753,84,2,24.33,36,0.11,PhD,Self-employed,Married,Yes,No,Home,Yes,0
TS13VIZO0V,23,38797,120244,754,52,1,6.86,12,0.17,High School,Self-employed,Married,Yes,No,Business,Yes,0
W12C3EU5Q7,26,59889,73339,602,90,4,19.23,60,0.6,High School,Full-time,Divorced,Yes,Yes,Home,Yes,0
ETKQ6DSYAI,18,118130,50670,722,6,1,2.48,36,0.64,High School,Part-time,Divorced,No,No,Education,Yes,0
GTA8J0W4LB,48,69035,94372,460,90,1,23.68,12,0.48,PhD,Self-employed,Married,Yes,No,Auto,Yes,0
Y9SG3A35DX,18,143662,155150,563,4,3,13.77,60,0.7,Master's,Self-employed,Married,Yes,Yes,Auto,Yes,0
VVW09DHL0Y,52,141721,223246,377,32,4,24.13,48,0.5,Bachelor's,Part-time,Married,No,Yes,Auto,No,0
I92VOQUHCH,20,42276,194133,705,73,4,9.14,48,0.68,PhD,Part-time,Single,No,No,Other,No,0
1OPNDQAP6K,44,29635,164946,714,9,4,9.55,12,0.31,High School,Full-time,Divorced,No,No,Auto,No,0
MEXZXTIWXY,54,136158,143909,820,108,4,14.64,48,0.18,Master's,Full-time,Married,Yes,Yes,Other,No,0
RUMLYMQABS,48,136337,41356,723,117,3,18.26,24,0.26,Master's,Part-time,Divorced,Yes,Yes,Home,No,0
LYZYRULUCC,33,86432,76543,500,17,2,21.04,60,0.16,Master's,Unemployed,Single,No,Yes,Education,No,0
TPFAN9AH42,51,57355,12473,483,99,4,18.83,60,0.79,Bachelor's,Unemployed,Divorced,Yes,Yes,Other,No,0
PMSVNHQ497,66,44380,115796,752,1,3,19.03,12,0.74,High School,Full-time,Divorced,No,Yes,Other,Yes,1
0LDQZUYGJQ,53,63338,217649,467,59,4,3.87,24,0.39,High School,Unemployed,Single,Yes,No,Auto,Yes,1
F2M2XR9RYT,48,109998,147113,560,96,1,21.3,60,0.75,Master's,Part-time,Married,Yes,Yes,Education,Yes,0
LNRA9ORIDE,60,25159,71326,498,81,2,21.94,48,0.43,PhD,Part-time,Single,No,Yes,Auto,No,0
NVQHTRQI25,62,54458,227309,848,39,2,23.39,60,0.6,High School,Full-time,Single,No,Yes,Auto,Yes,0
OM5AAR4M68,58,96185,94578,564,32,1,21.24,24,0.43,PhD,Unemployed,Divorced,No,No,Home,Yes,0
WNJYMRE5O4,68,45650,27496,748,25,3,15.71,24,0.17,High School,Part-time,Married,Yes,Yes,Education,No,0
2A7ERKSNED,59,39743,148954,805,109,2,6.16,60,0.66,Bachelor's,Unemployed,Single,No,Yes,Home,Yes,0
GNQ1OEVP0M,23,42522,209518,360,2,3,12.76,48,0.3,High School,Full-time,Married,No,No,Auto,No,0
CZ9HHWXCG3,30,36392,191445,665,40,4,18.33,12,0.76,Bachelor's,Unemployed,Single,No,Yes,Home,Yes,1
FLZ79XWNG8,25,53567,78969,435,79,4,20.67,12,0.25,PhD,Self-employed,Divorced,No,No,Home,Yes,1
NY8Q3ZRLF7,54,122179,17701,304,105,2,19.48,12,0.11,High School,Unemployed,Single,No,No,Business,No,0
40IDXTO76H,29,52882,155462,826,37,1,5.28,36,0.78,Master's,Full-time,Married,Yes,Yes,Business,Yes,0
WZ6CDRI1KG,38,49738,129309,774,28,4,17.35,60,0.78,Bachelor's,Part-time,Divorced,No,No,Home,Yes,0
B953HY19BY,57,21631,18706,553,111,3,5.33,48,0.6,Master's,Full-time,Divorced,Yes,No,Other,Yes,0
5OFL9B84X7,20,137022,156615,370,115,4,17.73,60,0.22,High School,Self-employed,Married,Yes,No,Auto,No,0
UBB1N1EBBG,27,45974,67641,673,60,3,7.43,60,0.85,Bachelor's,Full-time,Married,No,No,Education,No,0
S6T6NH20RB,68,79025,228402,690,24,2,15.09,24,0.53,High School,Self-employed,Single,No,No,Other,No,0
V85AHHJTZA,60,137293,175849,381,60,1,13.21,24,0.42,Bachelor's,Full-time,Married,Yes,Yes,Education,Yes,0
1ZCWOFSIVH,29,76404,10139,303,25,4,11.48,48,0.21,Master's,Unemployed,Married,Yes,No,Education,No,0
WL4Z7H72BP,65,94162,171956,573,112,4,20.15,36,0.31,Master's,Part-time,Single,No,No,Home,Yes,0
OB10ATUM8L,50,84071,213803,580,79,3,17.9,12,0.47,PhD,Full-time,Single,Yes,No,Other,No,1
RW7UAOIWEJ,19,140372,161144,722,56,4,5.35,36,0.75,PhD,Part-time,Divorced,Yes,No,Auto,Yes,0
XKSIVHID3X,21,46187,161377,385,60,2,7.36,24,0.75,Bachelor's,Part-time,Married,Yes,No,Education,Yes,0
34E4YDW63G,59,16436,164418,791,87,2,5.83,36,0.35,PhD,Full-time,Divorced,No,Yes,Other,No,0
3VFYHLGNIE,49,133778,21427,537,21,3,19.73,12,0.42,Bachelor's,Self-employed,Divorced,No,No,Auto,Yes,0
B94MI71IR6,69,18047,163036,585,75,1,15.93,48,0.55,High School,Part-time,Married,No,Yes,Business,No,0
E6PU7LNUXN,28,63123,62732,461,115,3,6.16,12,0.65,High School,Full-time,Single,No,No,Education,Yes,0
DX8R40FH7C,18,17224,116479,351,87,1,23.19,12,0.81,Bachelor's,Part-time,Married,Yes,No,Education,No,1
KZJ3LCZAMQ,38,85544,200846,827,95,1,5.55,36,0.51,Master's,Part-time,Divorced,Yes,No,Business,No,0
K1I7PWZZBD,38,118908,132075,842,15,1,11.63,36,0.18,High School,Self-employed,Married,Yes,Yes,Home,Yes,0
P6RRAN8DR1,25,39808,80595,786,96,3,13.91,24,0.51,High School,Part-time,Divorced,No,Yes,Home,Yes,0
4QXV1YHHJO,53,49240,142667,675,25,4,2.36,60,0.18,PhD,Unemployed,Single,No,No,Business,Yes,0
UGQ2D8LJIU,46,44659,114286,573,29,2,23.5,36,0.27,Master's,Full-time,Married,No,No,Other,Yes,0
0Z9K2KG2ZG,31,63618,180750,499,46,1,23.76,12,0.33,Bachelor's,Self-employed,Married,No,Yes,Auto,No,0
NM3MGY627T,69,80426,162018,818,46,1,10.96,24,0.53,Bachelor's,Self-employed,Married,No,Yes,Other,No,0
F37RLVF98V,32,52358,144334,464,36,1,23.12,48,0.58,Bachelor's,Full-time,Married,Yes,No,Education,No,0
V9KLC2D85U,69,61059,172254,427,60,2,11.11,36,0.41,Bachelor's,Self-employed,Married,No,No,Auto,Yes,0
YSB8W8LJYD,37,25359,66745,806,93,4,3.07,36,0.32,PhD,Self-employed,Divorced,No,No,Other,No,0
8DYG2AIW4Q,23,147403,114034,631,80,1,23.83,12,0.5,Master's,Full-time,Single,Yes,No,Other,Yes,0
ZSPXHFS5AA,66,87364,88504,828,65,4,10.07,36,0.53,PhD,Part-time,Married,Yes,Yes,Auto,Yes,0
MY8PK6KVGH,25,49081,60427,777,43,2,3.64,48,0.46,PhD,Full-time,Single,No,Yes,Education,No,0
S3Y3ANNCFF,65,15582,131478,370,81,4,14.06,48,0.53,PhD,Full-time,Married,No,No,Business,No,0
COISB8A7IL,54,19168,164836,737,45,4,15.19,48,0.14,High School,Unemployed,Single,No,No,Other,No,1
7I1XOLANTS,65,56399,148879,769,3,4,8.16,60,0.37,Master's,Self-employed,Divorced,Yes,Yes,Education,No,0
L4V4ZIDPJS,33,25856,231427,591,94,3,17.74,36,0.79,Bachelor's,Part-time,Married,No,No,Auto,No,0
6K6KW8OOML,47,110130,165682,607,32,3,8.21,12,0.81,PhD,Part-time,Married,No,Yes,Education,No,0
AA3MGLSUG8,66,124516,214141,408,31,1,16.02,24,0.74,Master's,Self-employed,Married,Yes,No,Auto,Yes,0
J4TOL5LLVS,24,49212,207916,693,70,4,3.21,12,0.88,Bachelor's,Unemployed,Divorced,Yes,No,Home,No,0
XRBD6T8A5R,62,90288,213086,663,18,1,5.97,36,0.68,PhD,Full-time,Divorced,Yes,No,Business,No,0
D4CZ83N9I6,57,109201,238591,496,30,4,4.2,48,0.61,High School,Full-time,Divorced,Yes,No,Education,Yes,0
XFWY70D2OJ,64,118995,38766,667,80,2,22.24,48,0.85,PhD,Unemployed,Divorced,Yes,No,Auto,Yes,0
A0XTJQCGDR,21,128833,96957,317,83,2,23.92,48,0.23,PhD,Self-employed,Married,Yes,No,Auto,No,1
CF35UPJ1ME,57,118890,24966,592,106,4,12.95,24,0.75,Bachelor's,Full-time,Single,Yes,No,Business,No,0
BZHWDVK3FL,52,88171,46481,712,7,2,16.47,60,0.78,PhD,Unemployed,Divorced,No,Yes,Other,No,0
5Q96QNPETC,58,106271,171065,425,17,3,6.68,12,0.69,PhD,Self-employed,Single,No,Yes,Other,No,0
2LKJ1HHSWC,69,142910,174319,391,95,2,6.38,24,0.66,Bachelor's,Full-time,Married,No,Yes,Home,Yes,0
TSLH50O0HG,38,122470,93560,556,91,1,10.68,12,0.86,Bachelor's,Self-employed,Married,No,No,Business,Yes,0
27BM1K6751,44,39370,218841,481,36,1,16.93,36,0.86,PhD,Part-time,Married,Yes,No,Education,No,0
KDJA4GRXGU,35,69987,17483,743,67,1,6.05,12,0.43,Bachelor's,Unemployed,Married,No,No,Other,No,0
FE62NRTPVV,45,61667,177517,441,84,1,17.45,12,0.84,Master's,Part-time,Married,No,No,Home,No,0
R15KA7NDDS,28,135595,228931,413,9,2,23.08,12,0.89,Bachelor's,Self-employed,Married,No,No,Auto,No,1
JJ8MD27FM2,64,76800,123970,848,89,3,18.95,60,0.4,Bachelor's,Self-employed,Divorced,No,Yes,Home,No,0
2ISRHU8MKR,60,50547,61091,650,42,3,14.72,36,0.82,PhD,Part-time,Single,No,No,Education,Yes,1
BPEB54NTXK,69,120918,10498,369,37,2,3.16,12,0.53,Bachelor's,Self-employed,Divorced,No,Yes,Home,Yes,0
FNYB82MXYI,30,59126,41566,397,84,2,22.65,36,0.11,PhD,Self-employed,Divorced,Yes,No,Education,Yes,0
MZZ1ULEW64,69,20467,218188,454,105,1,7.42,36,0.26,PhD,Unemployed,Married,No,Yes,Auto,Yes,0
QG9D86YA3E,65,90706,173824,831,119,4,19.29,12,0.46,Master's,Full-time,Single,No,Yes,Business,No,0
Y3OJQU1FEP,58,90767,105603,325,54,4,8.09,24,0.16,High School,Full-time,Divorced,Yes,Yes,Home,Yes,0
HM38Z4EH5Q,35,33716,91270,364,119,2,20.19,60,0.79,High School,Self-employed,Divorced,No,No,Auto,No,0
NZSXNITSCD,45,129143,130134,763,103,3,24.96,48,0.81,High School,Full-time,Single,Yes,Yes,Home,No,0
H7PHW313GI,63,91899,215276,564,69,3,21.44,36,0.52,High School,Full-time,Married,No,No,Other,No,0
IADKYUP063,25,117785,21717,756,44,2,14.34,12,0.64,Bachelor's,Unemployed,Married,No,Yes,Auto,Yes,0
L7IQJ6RJBA,40,112490,157247,677,41,1,16.72,48,0.78,PhD,Part-time,Divorced,Yes,Yes,Education,Yes,0
FMT24IRR3M,56,114920,63973,395,51,2,5.14,48,0.41,Bachelor's,Unemployed,Married,No,Yes,Auto,No,0
HHJ031MFON,55,33376,122668,456,46,2,5.96,12,0.14,Master's,Self-employed,Married,Yes,No,Auto,Yes,0
CO6XNM981Z,20,63309,33712,551,74,1,10.07,48,0.71,Bachelor's,Self-employed,Divorced,Yes,No,Education,No,0
FSD7YG15IO,52,149856,233424,462,18,3,19.98,36,0.11,High School,Unemployed,Divorced,No,Yes,Auto,No,0
Z47DKOYAXR,68,62154,136290,444,27,4,10.07,36,0.61,PhD,Self-employed,Married,No,Yes,Home,Yes,0
HSTMCF4V3I,45,123201,175964,637,11,3,13.53,12,0.72,High School,Part-time,Single,Yes,Yes,Other,Yes,0
ZG1HAI6VSL,46,38118,48472,307,53,2,13.99,60,0.81,High School,Unemployed,Divorced,No,Yes,Business,Yes,0
GQLFHVSB4Z,42,98213,41118,700,110,3,11.02,24,0.46,Master's,Full-time,Single,Yes,No,Auto,Yes,0
FSCWA71Y3A,27,26637,86323,512,18,2,14.66,60,0.48,High School,Self-employed,Divorced,Yes,No,Other,Yes,0
0Q3ELP77DK,49,137170,6935,749,110,1,9.67,48,0.67,Master's,Unemployed,Divorced,Yes,No,Education,No,0
5E6TQQZAR2,64,17359,183563,626,99,4,13.49,48,0.57,Bachelor's,Full-time,Married,Yes,Yes,Business,Yes,0
NMT45CPZSC,62,138704,94081,446,44,1,21.38,36,0.1,Bachelor's,Unemployed,Single,Yes,Yes,Home,No,0
DXA5FY2DIJ,62,141094,44305,543,50,2,4.62,24,0.11,Bachelor's,Part-time,Divorced,Yes,Yes,Business,No,0
88EKCZTT4R,35,67772,131698,782,70,2,24.66,48,0.14,Master's,Part-time,Married,Yes,Yes,Business,Yes,0
G5L6DCDKHV,18,132439,8743,421,6,4,13.17,36,0.14,High School,Self-employed,Divorced,Yes,Yes,Home,Yes,1
PFW6SDDO6T,23,75906,131869,538,100,4,4.34,12,0.88,Master's,Part-time,Divorced,No,Yes,Other,Yes,0
LJA0R6X05K,55,43706,190446,551,6,3,4.54,48,0.5,High School,Unemployed,Divorced,Yes,No,Home,No,0
F07WL95SGO,44,50195,200274,320,40,4,10.5,24,0.55,PhD,Full-time,Married,Yes,No,Business,Yes,0
LETBW30KQH,25,67048,130535,388,47,2,19.85,48,0.73,High School,Full-time,Divorced,Yes,Yes,Education,No,0
DYAV5ILN8A,52,65090,149730,765,26,4,3.57,36,0.23,PhD,Self-employed,Divorced,No,No,Business,No,0
GJS1V14OHI,23,47887,153909,331,24,4,7.42,48,0.56,High School,Self-employed,Divorced,Yes,Yes,Other,No,1
DG0FHDK178,34,99949,63933,683,25,3,9.63,36,0.67,Master's,Full-time,Married,No,No,Business,Yes,0
A7S69E0S2L,20,79617,231622,460,37,2,18.89,12,0.56,High School,Self-employed,Divorced,Yes,No,Other,Yes,0
75H6PJJME5,37,56378,172162,373,46,4,19.8,24,0.42,Bachelor's,Self-employed,Married,No,No,Other,No,0
31CIUKX2AF,37,91800,174082,583,56,2,13.34,60,0.23,Master's,Part-time,Single,No,Yes,Business,Yes,0
F7DP72UIU8,52,60713,184656,652,52,2,7.9,12,0.39,Master's,Part-time,Divorced,Yes,Yes,Home,Yes,0
FITV4KAP68,45,62556,225773,347,86,3,22.63,48,0.31,PhD,Self-employed,Single,No,No,Education,No,1
UIN9H5QB1Q,18,99142,118396,388,81,4,22.98,12,0.17,Master's,Part-time,Single,No,Yes,Education,Yes,0
RDM66NCAIW,39,148980,50181,530,101,1,17.72,12,0.36,Bachelor's,Full-time,Married,No,Yes,Education,Yes,0
P9RCZAUEV5,52,84097,195027,532,10,3,18.34,60,0.43,PhD,Unemployed,Married,No,No,Other,Yes,0
Y8700VGD1R,45,37448,214026,459,10,4,11.92,60,0.71,High School,Full-time,Divorced,No,Yes,Other,No,1
SBUQV1JF5H,49,87450,245753,306,29,4,19.87,24,0.5,PhD,Full-time,Single,No,Yes,Auto,No,1
TG7VIEVRJ3,69,16793,100342,787,62,2,16.65,12,0.87,Bachelor's,Part-time,Divorced,No,No,Auto,Yes,0
P369VUZ7RP,26,48192,214001,643,52,4,14.58,12,0.12,Bachelor's,Full-time,Married,Yes,Yes,Home,No,0
BHO2CT2W27,44,30890,226281,739,77,2,8.87,60,0.26,PhD,Unemployed,Married,No,Yes,Auto,No,0
6NTLSIQYMC,31,37966,238372,577,1,3,5.11,36,0.55,High School,Part-time,Married,No,No,Auto,No,0
9YBVYDIK8X,34,28304,114582,370,78,1,14.28,12,0.72,Bachelor's,Self-employed,Divorced,Yes,No,Home,No,0
5A7UKLX4NZ,39,80899,220983,526,62,3,17.58,48,0.7,High School,Full-time,Single,No,No,Business,Yes,0
6GU6FDEUJ6,43,24499,204277,621,21,4,15.45,12,0.35,Master's,Full-time,Divorced,Yes,Yes,Auto,Yes,0
MQX6753WZV,19,101358,132893,383,8,3,15.76,24,0.58,Master's,Full-time,Divorced,Yes,Yes,Business,No,0
XCC7Q21UAS,53,55184,108681,703,94,2,23.14,24,0.72,High School,Part-time,Single,No,No,Education,Yes,0
PYQ63MIOQW,21,56294,131639,796,45,3,24.92,12,0.5,Bachelor's,Unemployed,Divorced,No,No,Business,No,1
89O0S4EW6O,25,17574,32907,368,34,4,12.88,48,0.78,Master's,Unemployed,Married,Yes,No,Home,No,0
IJONYMX43A,49,60784,191012,593,53,4,22.57,24,0.78,Master's,Unemployed,Married,No,No,Home,No,0
58L7JCWXZM,51,64069,65660,747,62,4,5.65,60,0.65,Master's,Full-time,Divorced,No,Yes,Home,Yes,0
6HC945ZUBT,40,100252,62864,796,13,4,21.23,36,0.13,PhD,Full-time,Divorced,No,No,Home,Yes,0
75CHE48VW8,38,100010,29820,751,87,2,24.01,48,0.24,Bachelor's,Unemployed,Married,No,Yes,Home,No,0
P2I493UR2D,39,89630,113943,538,69,1,3.18,12,0.54,Bachelor's,Unemployed,Married,Yes,No,Home,Yes,0
O4JAJEKJTP,54,15094,235129,685,48,1,19.63,12,0.17,Master's,Full-time,Single,Yes,No,Auto,Yes,1
243T7YS2BB,38,57628,110978,564,101,1,20.51,48,0.76,PhD,Part-time,Married,Yes,Yes,Auto,Yes,0
GDAQKQDHRN,57,16592,93838,658,21,4,18.48,60,0.88,Master's,Part-time,Single,No,Yes,Other,Yes,0
MSECZAP5N2,30,122089,226967,743,5,4,12.68,48,0.4,Master's,Part-time,Single,No,No,Education,No,0
BOSMCE2TV3,24,66429,68991,634,116,3,2.33,48,0.3,PhD,Full-time,Single,No,No,Business,Yes,0
I6MANYMLOI,69,132759,59128,807,58,2,4.52,60,0.6,Master's,Unemployed,Married,No,Yes,Education,Yes,0
WLA7OLV48Y,25,41701,135249,646,79,1,8.27,24,0.18,High School,Part-time,Single,Yes,Yes,Home,Yes,0
ZMO1TVJO0Q,36,28377,54223,511,93,3,7.74,60,0.43,PhD,Full-time,Married,No,No,Auto,Yes,0
3TIV3BI8NG,66,68532,147482,702,69,2,12.38,12,0.55,Bachelor's,Part-time,Divorced,No,No,Other,Yes,0
SNNXNF8UTF,63,17743,123270,628,71,1,14.81,60,0.23,Bachelor's,Part-time,Single,No,Yes,Home,No,1
C26QRU7BOF,39,142634,13707,780,100,3,17.06,48,0.3,Master's,Part-time,Married,No,No,Business,Yes,0
7UX8DJCM6K,40,114673,159418,771,82,4,24.6,60,0.81,Master's,Self-employed,Married,Yes,No,Education,Yes,0
5F02CSJKUR,22,67377,15813,700,41,3,11.95,12,0.52,Master's,Part-time,Divorced,No,No,Auto,No,0
I6K09POST5,66,60325,45455,367,0,3,16.75,36,0.58,Bachelor's,Part-time,Divorced,Yes,Yes,Business,Yes,0
29JO4ZPVHA,36,85455,209836,332,40,1,4.93,12,0.79,High School,Part-time,Divorced,Yes,No,Business,No,0
NSDAO92MO4,53,131151,88313,704,92,4,22.44,12,0.18,Bachelor's,Self-employed,Single,No,Yes,Other,Yes,0
RE9YVFMDXH,31,138666,9322,589,31,2,12.69,60,0.47,Bachelor's,Part-time,Single,No,No,Education,Yes,0
NLTKJHQZX5,46,149370,200228,821,40,1,22.1,48,0.2,PhD,Unemployed,Married,Yes,No,Business,No,0
L4SWFW6183,34,109163,112632,664,98,3,20.92,60,0.59,PhD,Full-time,Single,No,No,Education,Yes,0
THAME3UOGJ,21,51764,233920,802,99,2,9.52,12,0.12,High School,Part-time,Married,Yes,Yes,Home,Yes,1
QOOHNY01EZ,64,59389,78625,523,47,2,20.56,24,0.21,Bachelor's,Self-employed,Single,Yes,No,Auto,Yes,0
S66OVNFW72,56,134459,196058,517,49,4,8.0,24,0.14,High School,Unemployed,Single,No,No,Auto,Yes,0
O07T5Q5PPM,56,48170,120393,638,106,1,10.67,24,0.67,Bachelor's,Part-time,Divorced,No,Yes,Other,No,0
PY87HXJHQ3,67,45766,146453,406,108,2,9.88,24,0.68,Master's,Unemployed,Married,Yes,No,Other,No,0
UF4CI1HMLT,54,96509,39023,821,5,1,3.58,24,0.22,High School,Self-employed,Married,No,No,Education,Yes,0
WNB79DK668,69,130026,133113,466,57,2,23.01,60,0.1,Master's,Full-time,Married,Yes,Yes,Other,No,0
S8BJZ4O7LA,60,121713,118619,339,14,2,7.78,12,0.11,High School,Part-time,Single,Yes,Yes,Business,No,0
A5JLXXOLSP,31,110515,147710,343,93,4,12.65,24,0.7,Master's,Unemployed,Single,Yes,No,Other,Yes,0
ZQ9U7YU16W,43,38439,8929,307,37,4,5.87,60,0.75,High School,Part-time,Single,Yes,No,Auto,No,0
PRXAZO225A,24,72828,35413,497,34,4,10.68,60,0.83,PhD,Part-time,Divorced,No,No,Business,Yes,0
HM34RUYVXJ,45,91757,85993,481,83,1,20.37,60,0.71,PhD,Part-time,Single,No,Yes,Home,Yes,0
ZLXDV5LPYY,67,30310,168238,785,71,4,13.76,48,0.75,Bachelor's,Unemployed,Single,No,No,Auto,No,0
BGXQAPZ3F8,61,80585,83378,752,117,4,24.05,60,0.22,Master's,Part-time,Married,Yes,No,Home,No,0
A4GB14OCN0,31,145165,33089,382,62,1,3.92,12,0.19,High School,Self-employed,Single,Yes,No,Auto,No,0
U0ONGUYG71,39,94572,156569,307,0,1,24.66,48,0.3,PhD,Unemployed,Divorced,Yes,No,Business,No,0
IUYI0A69T6,49,126464,249578,560,35,1,2.49,36,0.53,Master's,Full-time,Divorced,No,Yes,Auto,Yes,0
5BYQXFRUY0,19,137430,17361,755,45,3,6.29,36,0.75,Master's,Part-time,Divorced,Yes,No,Home,Yes,0
00WPEO6PI0,51,137335,20751,370,70,4,11.34,24,0.26,High School,Part-time,Married,Yes,Yes,Home,Yes,0
11AF8H1G2F,22,55954,129095,499,15,3,9.99,48,0.55,Master's,Unemployed,Single,Yes,No,Auto,Yes,0
CFSNK1NQUP,44,44073,174552,553,10,4,3.59,24,0.37,High School,Part-time,Divorced,No,No,Other,No,0
Y3N79I1BOA,52,146821,220335,329,82,3,12.91,36,0.29,High School,Part-time,Married,Yes,Yes,Home,No,0
5B6PJ6XBPT,59,75891,172117,726,44,3,9.88,24,0.13,Bachelor's,Unemployed,Divorced,No,Yes,Home,Yes,0
CWSXR7QINM,54,40984,50809,313,63,3,12.21,36,0.63,Bachelor's,Part-time,Single,Yes,No,Home,No,0
2IL8U6YL69,57,133967,246663,326,47,2,13.32,12,0.46,PhD,Self-employed,Single,Yes,No,Education,No,0
A0WQ2MGQEU,37,131965,135786,675,106,2,12.46,12,0.24,High School,Self-employed,Divorced,Yes,Yes,Education,Yes,0
NEW84RWRL2,35,142681,197061,604,106,3,9.29,12,0.19,High School,Full-time,Married,No,No,Other,No,0
95T169C9E5,67,24960,25626,428,89,4,9.86,12,0.15,Master's,Full-time,Married,No,Yes,Business,No,0
G2GTFVRC41,50,69977,78639,439,65,3,22.36,24,0.6,Bachelor's,Full-time,Single,Yes,Yes,Education,No,0
PS3W5O3T4J,49,98653,27813,807,4,1,23.35,36,0.46,Bachelor's,Self-employed,Married,No,No,Other,Yes,0
G9R67M6QS1,38,31751,85315,378,70,1,10.8,12,0.64,Master's,Part-time,Divorced,No,Yes,Auto,Yes,0
3KDR8DI81O,35,91195,208996,606,74,3,2.89,24,0.13,High School,Unemployed,Married,No,Yes,Education,No,0
3CKUUIKPRX,37,120906,65236,747,78,4,5.08,36,0.63,High School,Self-employed,Single,No,No,Business,Yes,0
GK1WVNAITZ,38,86101,42632,404,63,1,14.03,36,0.39,PhD,Unemployed,Married,No,Yes,Home,No,0
VNSWWDFA2J,28,49181,153935,354,108,2,24.59,60,0.83,PhD,Part-time,Married,No,No,Education,Yes,0
ZX85Z2LV9T,20,31723,50159,545,84,1,3.32,48,0.45,Master's,Full-time,Married,Yes,Yes,Auto,Yes,0
8Z6CKYQD6P,59,71635,171618,395,40,3,3.88,48,0.71,High School,Full-time,Divorced,Yes,No,Education,Yes,0
NFBHVGG6BI,63,38151,151264,754,33,3,17.59,48,0.7,High School,Full-time,Divorced,No,No,Business,Yes,0
2S142EC1M9,34,36033,48876,679,99,1,17.36,60,0.58,Master's,Full-time,Single,No,No,Business,No,0
CBAYYFKBZB,35,27438,13701,632,9,3,7.74,12,0.72,PhD,Self-employed,Divorced,Yes,No,Auto,Yes,0
R8311G382D,19,134466,239747,766,11,3,3.08,12,0.42,High School,Unemployed,Divorced,Yes,No,Auto,Yes,0
8E53RVVWO6,21,136575,61029,331,64,3,7.68,12,0.33,High School,Full-time,Divorced,No,Yes,Business,Yes,0
TINCWEBH9W,69,112227,42377,686,78,2,15.74,48,0.25,High School,Self-employed,Married,No,No,Business,Yes,0
9ZQ6GVIZCS,39,34298,236083,608,94,3,13.63,60,0.35,Bachelor's,Self-employed,Married,No,No,Business,No,0
EGLCJDKF3P,51,17071,214078,620,57,3,8.86,48,0.55,Master's,Self-employed,Single,Yes,No,Business,Yes,0
NI8KTTNZQ3,18,130723,65589,814,67,2,19.34,60,0.76,High School,Self-employed,Married,Yes,Yes,Other,Yes,0
BVVGVS00A0,40,138450,221333,464,95,1,18.9,12,0.44,Bachelor's,Self-employed,Married,No,No,Other,Yes,0
FJZP45R3F4,40,130264,141151,494,12,1,20.26,60,0.18,High School,Full-time,Divorced,Yes,No,Education,No,0
O39CH3XQ51,43,130671,192392,643,6,1,22.98,48,0.16,PhD,Part-time,Married,Yes,Yes,Home,Yes,0
JJT9YQQUWJ,38,88330,87589,618,5,4,13.5,36,0.66,Bachelor's,Self-employed,Divorced,No,Yes,Other,Yes,0
TIU17TRT1F,45,142595,95471,510,91,4,9.63,36,0.37,Master's,Part-time,Divorced,No,Yes,Business,Yes,0
UBTPNB2S94,55,95313,177882,673,15,1,9.57,12,0.21,Master's,Full-time,Divorced,Yes,No,Auto,Yes,0
SIR3MUB2SH,45,62824,59630,613,18,2,24.93,24,0.7,Bachelor's,Unemployed,Married,No,Yes,Education,No,0
JZ43B7L0VL,26,96495,162101,720,76,1,23.14,12,0.21,Bachelor's,Full-time,Single,Yes,No,Home,Yes,0
767HDE9V78,43,90400,154912,614,67,2,7.33,24,0.79,PhD,Self-employed,Married,No,Yes,Home,Yes,0
RA46V30LVB,37,115654,112978,333,59,2,5.78,24,0.77,Bachelor's,Full-time,Single,Yes,No,Education,Yes,0
AN67ODE6YL,32,42026,211487,837,80,2,5.85,48,0.8,Bachelor's,Unemployed,Married,Yes,Yes,Auto,No,0
VAFQVUV72N,26,71306,115784,663,32,3,17.69,60,0.15,PhD,Unemployed,Married,Yes,Yes,Business,Yes,0
KU95I4V87L,57,131684,91681,364,103,3,2.86,36,0.64,Master's,Full-time,Single,No,Yes,Auto,No,0
39FP6SETB9,58,50029,109210,739,20,4,18.09,48,0.62,PhD,Part-time,Divorced,No,Yes,Home,Yes,0
WFXY4800TM,21,97220,90315,842,6,3,18.18,48,0.22,PhD,Part-time,Divorced,Yes,Yes,Auto,No,0
Q0Z67HY0XA,65,66960,48262,442,18,3,5.07,60,0.34,High School,Part-time,Divorced,No,Yes,Other,No,0
CE858PBKNI,59,124028,240913,532,113,2,14.84,48,0.32,PhD,Full-time,Married,Yes,Yes,Business,Yes,0
LSN1QYH95X,64,69914,172537,423,78,3,16.79,60,0.86,High School,Unemployed,Single,Yes,Yes,Auto,Yes,0
OLW1S0XKJN,33,41680,92814,639,33,4,12.16,12,0.64,Bachelor's,Part-time,Married,Yes,Yes,Education,Yes,0
KR28VWVP8W,45,96850,132030,659,14,1,13.02,12,0.37,PhD,Self-employed,Divorced,No,Yes,Other,Yes,0
C03UN64BUG,19,140469,247129,767,87,1,8.81,36,0.45,Master's,Part-time,Single,Yes,No,Business,No,0
QOBTIIYT3U,56,77773,7909,747,86,2,24.39,36,0.3,Master's,Full-time,Divorced,Yes,No,Business,Yes,0
H18CFWHUI4,46,60814,75794,394,0,1,22.15,36,0.75,Master's,Part-time,Married,No,Yes,Other,No,1
1U8EJVB1IZ,31,40421,100587,753,32,2,2.85,60,0.68,High School,Unemployed,Single,No,Yes,Home,No,0
EVHK3WJAKU,67,50978,63107,717,91,2,5.93,12,0.81,Master's,Self-employed,Married,Yes,Yes,Auto,No,0
XBDH967TWS,20,74300,226809,723,110,1,17.17,60,0.21,PhD,Self-employed,Divorced,No,No,Business,Yes,0
HQRRFRVED6,42,108344,54488,742,34,4,19.09,36,0.66,Bachelor's,Unemployed,Married,No,No,Other,Yes,0
J13S3KVAUV,38,65622,48059,402,80,3,11.38,24,0.66,High School,Unemployed,Single,No,Yes,Education,No,0
OBSYK5V6FR,29,104394,149493,701,111,3,16.97,60,0.19,PhD,Full-time,Divorced,No,No,Auto,No,0
LZGPROQNZ8,29,136229,33230,623,45,1,14.36,48,0.27,PhD,Self-employed,Single,Yes,Yes,Auto,Yes,0
17VA6RE57X,55,60652,35209,845,96,4,19.53,48,0.73,PhD,Part-time,Divorced,Yes,Yes,Home,Yes,0
QJ4PTZD4JT,36,18192,10141,635,119,1,14.58,12,0.38,High School,Full-time,Single,No,Yes,Business,Yes,0
CW4BCRY4ZB,49,132370,98843,751,7,4,15.55,48,0.2,PhD,Unemployed,Married,No,No,Education,No,0
LV0JQ3FCY5,29,18559,6190,526,85,2,12.22,24,0.53,Master's,Part-time,Single,Yes,No,Home,Yes,0
VBD8XT8YCE,45,79805,78652,844,22,2,19.15,12,0.17,Bachelor's,Unemployed,Divorced,No,No,Other,No,0
J1R5AAJ6BL,66,87979,60907,751,80,3,8.9,48,0.77,PhD,Self-employed,Divorced,No,Yes,Other,Yes,0
FF9NW9RRV5,37,141557,182330,844,111,3,20.76,12,0.15,High School,Full-time,Divorced,Yes,Yes,Education,Yes,0
KC0H7J5RSS,66,141660,158624,593,67,2,16.09,48,0.19,PhD,Part-time,Divorced,No,No,Home,No,0
JZJN8UH5UB,19,64922,170856,397,94,2,18.49,48,0.59,High School,Unemployed,Divorced,Yes,Yes,Home,Yes,0
T54BJY4DXG,27,15185,112361,566,49,3,16.69,24,0.23,Master's,Full-time,Married,Yes,Yes,Auto,Yes,0
ZUOSDDGGQM,26,73359,233647,543,66,1,21.38,24,0.84,Master's,Unemployed,Single,Yes,Yes,Education,No,1
FWONT192XW,65,62823,119411,842,113,2,14.38,24,0.81,Bachelor's,Unemployed,Divorced,No,No,Home,Yes,0
WMS4TKUPQD,60,144507,12738,765,65,1,4.36,36,0.13,High School,Full-time,Divorced,Yes,Yes,Other,Yes,0
IW7RWOQ6LX,19,67326,9610,644,34,1,22.4,36,0.31,PhD,Self-employed,Divorced,No,No,Auto,No,0
THO9CYBMM1,25,41037,140739,352,29,3,20.2,60,0.76,Master's,Self-employed,Single,Yes,No,Other,Yes,0
SPHETJAK09,42,46643,45763,698,95,3,11.77,48,0.8,Master's,Unemployed,Single,Yes,No,Business,Yes,0
EXCG56ACEA,44,92412,189332,755,104,1,4.74,48,0.42,Master's,Full-time,Single,Yes,No,Other,No,0
FDKXTKCQ51,30,108625,67400,733,63,1,21.71,48,0.48,High School,Part-time,Married,No,Yes,Home,No,0
HB7AW9O1VR,34,130698,222170,812,80,3,3.4,12,0.72,Bachelor's,Part-time,Single,No,No,Home,Yes,0
HYU8SHWDT0,62,136420,221119,306,43,4,5.36,24,0.76,High School,Self-employed,Single,No,No,Other,Yes,0
K74LMVO4X8,57,65243,158421,309,95,2,16.89,24,0.79,PhD,Part-time,Single,Yes,No,Education,No,0
SUMKC7HE8T,20,126647,213273,684,40,4,24.07,48,0.42,Master's,Self-employed,Divorced,No,No,Home,No,1
53ACIT1FVS,57,56852,125087,781,81,3,7.54,12,0.87,Master's,Full-time,Married,Yes,No,Education,Yes,0
VTOX8NC7CM,22,138068,119934,479,56,1,8.14,12,0.44,Bachelor's,Unemployed,Married,No,Yes,Business,Yes,0
7F79IHZG5B,38,107237,144865,462,59,4,10.71,60,0.65,PhD,Part-time,Single,Yes,No,Education,Yes,0
2FGR1XMEH0,44,130427,109640,617,63,3,5.2,12,0.89,High School,Part-time,Single,Yes,No,Auto,No,0
I9VRLYRYUX,21,63423,228712,567,48,1,10.91,60,0.79,Master's,Self-employed,Divorced,Yes,Yes,Business,No,0
WVV456BNS4,20,58698,215017,333,59,2,4.59,48,0.76,Master's,Self-employed,Married,Yes,No,Business,No,0
1V87LS9O6Y,35,19596,177313,749,68,1,22.81,48,0.61,Bachelor's,Full-time,Single,Yes,Yes,Home,No,1
PM7S4RNT6J,41,135968,205834,464,65,3,22.69,12,0.35,High School,Part-time,Single,Yes,Yes,Auto,No,0
1Q4H2W0RQE,23,77495,98742,839,115,1,20.73,48,0.46,High School,Self-employed,Single,Yes,Yes,Business,No,1
GJ3TE5WYTS,66,42217,158708,481,16,1,6.11,36,0.77,Master's,Full-time,Single,No,Yes,Other,No,1
CTCC8WWBXX,48,59106,180236,415,27,3,2.48,48,0.18,PhD,Self-employed,Married,Yes,Yes,Auto,No,0
PFQT4CEBN3,26,112005,83585,633,12,4,3.76,60,0.8,Bachelor's,Part-time,Married,No,No,Other,Yes,0
3JV9KCDHO8,46,32443,192218,684,18,2,15.0,24,0.18,PhD,Self-employed,Single,Yes,No,Auto,Yes,0
KPH58Y07IX,58,121544,216365,490,8,2,7.94,24,0.17,Master's,Self-employed,Single,Yes,No,Other,Yes,0
MZHDVTRY6X,52,56074,77225,581,37,4,8.65,24,0.58,Master's,Self-employed,Married,No,Yes,Home,No,0
TVC7GXF9CF,53,130070,131530,649,101,4,6.69,60,0.38,Master's,Self-employed,Married,No,Yes,Other,No,0
KUZ3ZFGXCX,42,87651,142796,791,28,2,23.43,12,0.82,High School,Part-time,Divorced,No,Yes,Home,No,0
VEKA2XE2ZB,58,116926,137218,635,61,3,5.71,12,0.12,High School,Self-employed,Single,No,No,Education,Yes,0
G7YKVJCDUJ,39,52806,234744,666,75,4,13.0,12,0.11,Master's,Unemployed,Divorced,No,No,Auto,No,0
3KRPF6YN4I,22,128066,163472,383,52,4,10.64,60,0.34,Master's,Full-time,Divorced,No,Yes,Other,No,1
3CA5YY3D6H,40,89285,98445,680,25,2,22.75,60,0.32,High School,Unemployed,Single,No,Yes,Business,Yes,0
H2SXA4TWGX,59,128946,62199,442,43,1,3.18,48,0.61,PhD,Unemployed,Single,Yes,Yes,Auto,Yes,0
2AX0TOPKI7,18,47308,62107,832,39,4,22.61,24,0.3,Bachelor's,Part-time,Married,Yes,No,Other,Yes,0
KLL5BSO1DC,62,126570,182125,837,8,1,21.9,48,0.9,PhD,Self-employed,Married,Yes,Yes,Home,Yes,0
KCREIOIAUF,62,43910,41159,649,81,2,23.41,48,0.73,Bachelor's,Part-time,Divorced,No,No,Auto,No,1
X1GSQERT0C,45,45555,35885,372,32,2,18.35,60,0.62,PhD,Self-employed,Married,Yes,No,Auto,Yes,0
AFX573YNR6,65,106114,242206,517,2,4,18.18,36,0.19,High School,Part-time,Divorced,Yes,No,Other,Yes,0
J0QEF61BYW,22,15152,68309,601,5,4,7.72,60,0.36,PhD,Unemployed,Married,Yes,No,Education,Yes,0
MZKGW381DJ,41,98829,75249,311,100,4,9.96,24,0.27,Master's,Self-employed,Single,Yes,Yes,Home,No,0
EADRQFWKG4,58,123330,223114,347,23,1,21.78,48,0.58,High School,Unemployed,Married,No,No,Home,Yes,0
UX43F4RS8O,25,84811,209852,436,93,2,17.71,36,0.79,Master's,Part-time,Single,Yes,Yes,Business,Yes,0
Q3Q84DW1GG,51,32953,70102,581,33,1,22.29,36,0.62,High School,Unemployed,Single,No,No,Other,No,0
RJWLX38J3N,62,75171,190354,342,2,2,22.53,24,0.77,PhD,Unemployed,Married,Yes,No,Home,Yes,0
VGP9TIOMM4,57,147611,119457,607,20,2,16.56,60,0.38,PhD,Part-time,Single,No,Yes,Business,No,0
0XSCYFDTE3,52,109282,164321,465,40,3,13.44,24,0.46,Bachelor's,Part-time,Married,No,Yes,Business,No,0
1TO5VHJSM5,48,25323,14364,765,51,1,24.93,48,0.57,PhD,Unemployed,Single,Yes,Yes,Auto,No,0
QO2DO5W9O2,51,122925,191647,659,11,3,6.56,60,0.89,High School,Part-time,Married,Yes,No,Business,No,0
5TALK8GMXE,64,128993,223067,744,55,3,17.39,12,0.75,High School,Self-employed,Divorced,No,Yes,Business,No,0
9C5IX4NBD3,47,68082,168853,736,105,4,18.74,60,0.21,Bachelor's,Self-employed,Married,Yes,Yes,Education,Yes,0
LAAEBN99TO,27,32052,83211,308,34,3,7.5,36,0.71,High School,Self-employed,Divorced,No,Yes,Other,Yes,0
403YCXSKMI,51,86773,56376,474,37,4,6.48,24,0.33,High School,Part-time,Single,No,No,Other,No,0
QYNLTA523W,28,64398,237914,308,46,4,18.47,48,0.57,Bachelor's,Unemployed,Single,Yes,Yes,Other,No,0
KE4Z4CDWRZ,50,36750,86313,686,65,3,5.76,60,0.66,Master's,Self-employed,Single,No,Yes,Auto,No,0
GZNBLEM1HD,43,37336,43576,606,91,1,20.13,60,0.34,High School,Self-employed,Single,Yes,Yes,Other,Yes,0
4ZJHF87BIP,48,40107,23486,380,51,4,8.32,36,0.34,High School,Part-time,Married,No,No,Education,Yes,0
B4LHCL4UUN,28,123600,74703,835,72,3,15.15,12,0.11,High School,Unemployed,Divorced,No,Yes,Auto,No,0
VC4ESH22X1,41,140796,126822,377,29,1,15.57,36,0.76,Bachelor's,Self-employed,Single,Yes,Yes,Auto,No,0
FFNPGI0ARN,50,135033,108115,592,114,2,16.48,60,0.45,High School,Self-employed,Married,No,Yes,Home,Yes,0
3XRELI2L2D,49,133890,140824,677,111,4,4.79,24,0.18,Bachelor's,Unemployed,Married,No,Yes,Business,Yes,0
ARQ1PPT348,63,61843,122990,562,85,3,17.8,60,0.52,High School,Self-employed,Divorced,No,Yes,Home,Yes,0
BW4RV2IGNR,64,142779,134013,495,67,4,19.54,60,0.63,High School,Unemployed,Single,Yes,No,Education,No,0
AE4ASKLCZ8,38,148757,240403,509,34,3,9.15,36,0.71,PhD,Full-time,Single,Yes,Yes,Home,No,0
9FX3PHM3AG,49,16532,138085,694,54,1,10.05,60,0.14,PhD,Part-time,Single,Yes,Yes,Home,Yes,0
ER6NCXQ52T,59,119077,86109,511,62,2,11.87,60,0.8,High School,Full-time,Divorced,No,Yes,Education,No,0
YUESWLZP3K,40,26699,184918,658,19,4,8.44,48,0.32,Master's,Full-time,Single,No,Yes,Education,No,0
USOZEU4ROY,27,63420,227591,331,33,3,5.68,60,0.5,Bachelor's,Part-time,Single,Yes,Yes,Education,No,0
QPK3YQNVXS,42,101102,41038,440,27,2,6.33,12,0.32,High School,Full-time,Single,No,Yes,Home,No,0
D6OW3NJDO0,51,44672,221417,835,65,2,11.8,60,0.17,Master's,Self-employed,Single,No,No,Business,Yes,0
0NQ6S2LH3X,25,81796,84901,589,106,3,20.34,12,0.48,High School,Full-time,Married,No,Yes,Other,Yes,0
2WZIXNT782,55,37121,224985,326,82,3,19.29,12,0.16,PhD,Full-time,Divorced,Yes,Yes,Education,No,0
0KXRF7IRQD,60,68185,112637,660,15,4,20.46,36,0.29,High School,Self-employed,Single,No,No,Education,Yes,0
T1SGE8K99U,30,118809,90500,398,0,1,14.62,24,0.17,PhD,Unemployed,Single,Yes,No,Business,Yes,0
YU5Q5KC18E,57,141218,159360,525,90,4,3.0,60,0.22,Bachelor's,Full-time,Single,No,No,Other,No,0
LI9Z1OHLOS,37,116538,98788,741,112,4,11.94,24,0.75,PhD,Full-time,Married,No,No,Education,Yes,0
YJTAVWBH1U,69,139216,118235,840,56,1,14.78,24,0.34,Master's,Part-time,Divorced,Yes,Yes,Business,No,0
XZUTDO5ZEI,30,136990,178196,339,55,1,24.18,12,0.54,Master's,Full-time,Single,Yes,No,Other,No,0
T9ITAA4VK2,31,146138,119448,342,69,4,2.59,24,0.38,Bachelor's,Full-time,Married,Yes,No,Auto,Yes,0
7ZWSQCMD3R,54,73349,76423,484,115,3,9.79,36,0.71,PhD,Unemployed,Divorced,No,Yes,Other,No,0
U2WNWGQRPV,51,37724,176940,759,111,2,23.49,36,0.28,Master's,Full-time,Married,Yes,Yes,Auto,Yes,0
9VA6QU5K4W,62,48079,165266,700,118,2,11.34,36,0.83,High School,Part-time,Divorced,No,Yes,Auto,Yes,0
3G73LF9VG6,27,49202,101429,325,57,1,4.94,48,0.11,PhD,Unemployed,Married,No,Yes,Business,Yes,0
1P98MOH1S3,57,102069,183250,594,74,3,6.11,60,0.25,PhD,Self-employed,Single,No,No,Business,Yes,0
LIXAW7DPT3,37,22740,182582,781,18,1,9.73,60,0.14,PhD,Unemployed,Married,No,No,Home,No,1
W6ZX5JE3LP,28,60276,213411,356,96,2,5.82,48,0.6,Master's,Self-employed,Divorced,No,No,Education,Yes,0
45TLLQOUKC,59,47269,55175,780,76,1,15.93,36,0.44,Master's,Unemployed,Divorced,No,Yes,Home,No,0
79XSYJCG4P,24,78072,217886,549,73,1,11.93,60,0.3,High School,Full-time,Married,Yes,No,Home,No,0
V3YZLDK0HG,61,139387,53975,703,44,1,15.55,24,0.88,Master's,Self-employed,Single,No,Yes,Business,No,0
8V42DWNNXY,52,122448,236589,606,16,2,16.43,24,0.76,Master's,Part-time,Single,No,No,Business,No,0
LS3B777NI3,34,147083,73467,607,67,1,8.2,36,0.66,Master's,Full-time,Single,No,Yes,Business,Yes,0
Q2IY7THD7C,48,33283,155071,545,68,4,20.38,36,0.76,PhD,Unemployed,Married,No,Yes,Education,Yes,1
BD5I0J3BNP,59,116550,64669,375,104,3,24.51,36,0.82,PhD,Full-time,Single,Yes,No,Home,No,0
NOQY26VZHI,26,145679,71657,691,74,3,18.27,60,0.65,High School,Self-employed,Married,No,No,Business,No,1
CDTNJODMUL,19,67614,70157,791,5,1,9.15,12,0.79,PhD,Self-employed,Married,No,No,Auto,No,0
BMUFKQ43EF,52,68103,196925,356,91,2,23.7,60,0.14,Master's,Self-employed,Single,Yes,No,Auto,No,0
12NSO8TB1W,43,18046,45363,723,66,4,17.25,60,0.19,Master's,Part-time,Married,No,Yes,Home,Yes,0
HAKO2TQS70,47,29796,235097,650,100,1,19.63,12,0.74,Bachelor's,Part-time,Married,Yes,No,Business,Yes,1
IANJS8PWHI,42,29443,43467,540,101,2,21.92,36,0.46,Master's,Self-employed,Married,No,No,Business,Yes,1
EYH03LG71E,43,119372,6881,375,44,2,9.02,24,0.13,Bachelor's,Part-time,Married,No,Yes,Auto,No,0
OGMSVSXXZ6,25,22157,220522,463,29,1,17.19,48,0.51,Bachelor's,Part-time,Single,Yes,No,Education,Yes,1
07XXGWZA9B,53,75317,104886,657,80,1,9.72,60,0.57,Master's,Self-employed,Married,Yes,Yes,Home,No,0
YLM0KU1OJK,52,16175,200893,506,115,3,15.02,12,0.6,High School,Full-time,Single,No,Yes,Home,No,0
JF0RYVXQOV,53,118526,222618,639,19,4,3.25,48,0.78,High School,Full-time,Married,No,No,Other,Yes,1
XNLYSEQJCR,64,103808,61748,580,20,4,4.51,36,0.44,Bachelor's,Part-time,Married,No,Yes,Auto,No,0
E8CWCPVJGL,66,141797,10021,402,31,3,19.41,60,0.54,Bachelor's,Unemployed,Divorced,No,No,Business,Yes,0
YKQQNOWLKS,61,143104,96025,330,101,1,21.66,12,0.34,Master's,Full-time,Married,Yes,Yes,Auto,No,0
FIFNPAZWVC,59,17103,233075,434,33,2,6.48,48,0.65,Bachelor's,Full-time,Single,Yes,Yes,Auto,No,0
Z9O7JW8I0X,29,65711,25324,341,113,2,17.03,24,0.83,Bachelor's,Part-time,Single,No,No,Home,No,0
CBTK5M5ZVS,28,15782,61038,573,1,1,14.48,48,0.25,Bachelor's,Unemployed,Married,Yes,Yes,Education,Yes,0
OYMKO8AI5U,60,52961,153312,374,77,4,11.89,48,0.78,Master's,Part-time,Single,Yes,Yes,Home,No,0
2DPON9YZ4X,31,31929,180719,566,91,4,19.13,36,0.47,Master's,Unemployed,Single,Yes,Yes,Other,No,0
C0NBXHUCMR,25,132235,206305,305,111,2,12.71,24,0.22,PhD,Full-time,Divorced,No,No,Business,No,0
BGGMY6LRGV,32,41902,248195,763,102,3,19.67,12,0.85,PhD,Full-time,Divorced,No,Yes,Business,Yes,0
71OMAQPNHX,47,139079,102610,669,82,3,17.28,24,0.21,PhD,Unemployed,Divorced,Yes,Yes,Auto,No,0
B68KGYIPSZ,42,70186,67865,742,15,4,23.1,48,0.49,Master's,Full-time,Married,Yes,No,Other,Yes,1
QQYYMIMLZ1,61,36852,95995,351,21,2,18.73,60,0.68,High School,Self-employed,Single,No,No,Auto,No,0
RMHU8RS4YI,38,138344,172054,679,52,3,6.43,48,0.13,Master's,Part-time,Divorced,Yes,No,Business,Yes,0
87Q958ENS9,26,129768,200359,685,105,4,14.31,24,0.22,High School,Self-employed,Divorced,Yes,No,Auto,Yes,0
BWGWV3H0EW,29,22982,177620,535,87,2,7.82,60,0.75,Master's,Unemployed,Married,No,No,Education,Yes,0
MH73N58MFB,19,38346,243526,424,107,4,3.25,24,0.5,PhD,Full-time,Divorced,Yes,Yes,Business,Yes,0
13CAEN1VZL,43,79266,222920,643,75,1,4.91,60,0.54,Bachelor's,Part-time,Single,Yes,No,Home,No,0
K3QDBL3PJ3,23,139898,50722,661,97,3,5.55,60,0.78,Bachelor's,Self-employed,Divorced,No,No,Education,Yes,0
MQBDXM3NBS,19,49172,227880,311,16,4,23.4,48,0.12,Bachelor's,Self-employed,Married,No,No,Auto,Yes,0
CVOZBELPPH,48,103614,249804,603,74,1,11.33,24,0.65,PhD,Self-employed,Single,Yes,No,Business,No,0
32NUG1QO62,61,36546,41910,742,79,1,10.29,12,0.32,High School,Self-employed,Married,No,No,Business,Yes,0
R3Y4D1UU56,38,70196,20427,313,114,3,9.01,48,0.47,PhD,Full-time,Single,Yes,No,Education,Yes,0
V9CKQE6KW8,58,103155,122447,314,11,1,8.66,36,0.82,Master's,Unemployed,Single,Yes,Yes,Business,No,0
T0MTF737OU,23,89870,167405,753,48,2,6.32,12,0.86,Bachelor's,Unemployed,Married,Yes,Yes,Education,Yes,0
K1HCLVLSNC,67,34732,34472,802,60,3,22.57,36,0.15,Master's,Self-employed,Single,Yes,No,Education,No,0
TAYDQY5IIF,33,31605,112232,704,11,4,21.05,24,0.57,PhD,Part-time,Divorced,Yes,Yes,Auto,No,1
62S7GQP0X2,58,37357,227555,512,2,3,8.89,48,0.67,High School,Self-employed,Married,No,No,Auto,No,0
3E3KRRPOJO,33,17868,196476,630,14,3,12.34,48,0.27,Master's,Unemployed,Divorced,No,No,Auto,Yes,1
XDP5F0HFBY,53,94411,51064,362,92,3,10.55,60,0.68,Master's,Self-employed,Married,No,Yes,Auto,Yes,0
PJ1YEGVS5N,32,31020,171106,573,56,4,8.28,36,0.26,High School,Unemployed,Married,Yes,Yes,Education,Yes,0
TQWYX9OYEQ,18,42964,201108,498,80,2,2.81,12,0.83,Master's,Unemployed,Divorced,No,No,Home,Yes,0
CHI2NTAAAR,51,68432,217381,633,9,2,11.91,36,0.4,High School,Unemployed,Divorced,Yes,Yes,Education,Yes,0
2DQDHICVD8,55,22164,30105,390,77,3,18.96,36,0.24,Bachelor's,Self-employed,Married,Yes,Yes,Other,Yes,0
BV2XTDQ9WT,39,48069,141476,712,61,1,8.2,12,0.39,PhD,Unemployed,Divorced,No,No,Home,No,0
ZRVSWCSI6K,65,93085,94627,747,30,4,22.11,48,0.83,High School,Self-employed,Single,Yes,Yes,Education,No,0
YP26W8NP9O,33,97319,71908,421,30,4,19.22,36,0.51,High School,Full-time,Single,Yes,Yes,Home,Yes,1
1Z3UJU9NMT,57,123349,161475,654,116,1,21.83,24,0.43,Bachelor's,Self-employed,Divorced,No,Yes,Auto,No,0
NX0AWKDEZF,51,62563,220049,403,74,3,8.77,24,0.9,Bachelor's,Unemployed,Single,Yes,Yes,Home,Yes,0
IKLXR3NJ7Y,32,72590,201837,786,19,1,6.75,12,0.43,High School,Full-time,Married,Yes,No,Business,Yes,0
8JJR0JOVWB,31,29204,168850,358,83,2,23.72,12,0.22,Master's,Full-time,Married,No,Yes,Other,No,1
87N0CS7C1P,40,49753,18722,453,70,2,19.08,24,0.56,High School,Full-time,Married,No,Yes,Business,Yes,0
PY8V4MXEJN,42,123686,221293,381,21,4,2.88,60,0.8,High School,Self-employed,Married,Yes,No,Education,No,0
5GGQ6S1YB2,66,60845,42447,639,97,3,7.5,12,0.64,Bachelor's,Unemployed,Married,Yes,Yes,Home,No,0
DCOQKUA1JD,18,126438,149149,732,71,4,13.31,12,0.34,PhD,Unemployed,Divorced,No,No,Other,No,0
ZAUVRSGHHH,44,123241,45148,531,102,4,7.97,60,0.22,High School,Unemployed,Divorced,Yes,No,Education,No,0
PV625ML1US,65,122297,70488,437,115,3,24.21,24,0.19,High School,Full-time,Married,Yes,Yes,Home,No,0
8WJ8QI30UM,66,102532,246993,365,46,1,16.87,60,0.41,PhD,Unemployed,Divorced,No,Yes,Business,No,0
LQKVCMNBQE,42,137338,163814,805,69,1,12.36,36,0.74,Bachelor's,Full-time,Single,Yes,Yes,Business,No,0
VO26Z139RZ,27,134835,190903,357,95,4,15.06,36,0.16,Bachelor's,Unemployed,Married,Yes,Yes,Auto,Yes,0
YSAKVHCQDP,40,25639,28384,519,5,2,20.45,60,0.6,High School,Self-employed,Divorced,Yes,No,Other,No,0
9KR286LQT9,48,47182,23979,441,55,1,22.54,12,0.25,Bachelor's,Part-time,Married,No,No,Business,Yes,1
ANUX0F3HHT,28,138846,43659,357,12,4,22.41,60,0.57,Master's,Self-employed,Married,Yes,Yes,Business,Yes,0
Q3I2JMUB24,20,109901,114228,817,88,1,19.17,24,0.48,PhD,Part-time,Divorced,No,Yes,Education,Yes,1
4HOJJLGGO4,51,60650,29869,846,81,1,2.71,12,0.81,High School,Self-employed,Single,Yes,Yes,Education,Yes,0
T7LP2WHFH2,62,93490,201251,704,43,2,12.61,24,0.84,Master's,Full-time,Divorced,Yes,No,Home,Yes,0
DFLP4JYYFU,19,134549,156837,689,11,4,13.64,48,0.32,PhD,Part-time,Divorced,Yes,Yes,Other,Yes,0
FUEBJHRDF5,64,46639,92304,576,28,4,15.93,48,0.72,Master's,Self-employed,Single,No,Yes,Business,No,0
UJRDEIF6KB,52,54857,181712,420,73,4,15.6,12,0.11,High School,Full-time,Single,No,Yes,Education,No,0
RD2KQY0BAF,31,65694,209461,374,44,3,18.08,48,0.82,High School,Part-time,Married,Yes,Yes,Home,Yes,0
I0JSNKNHBB,51,123343,201077,607,110,4,22.71,24,0.65,Bachelor's,Full-time,Single,No,Yes,Other,Yes,1
UWEJV1GXEC,36,16068,225716,393,20,2,16.45,36,0.21,High School,Full-time,Divorced,No,Yes,Auto,No,1
DDVHHVI3O5,29,100119,204216,391,51,4,21.86,60,0.14,Master's,Unemployed,Divorced,No,No,Other,No,0
2YU9HG1IXN,26,133670,60364,815,100,1,18.53,36,0.14,PhD,Full-time,Married,No,Yes,Other,No,1
I2LDFW8A1B,68,35807,109379,507,80,4,14.75,36,0.88,Master's,Full-time,Single,No,No,Auto,Yes,0
N89YDVUORS,65,81366,151757,377,113,2,17.69,12,0.18,Master's,Part-time,Single,No,Yes,Education,No,0
QJGUEU1IBV,40,145757,137009,343,49,3,21.27,60,0.52,Bachelor's,Part-time,Single,No,No,Home,Yes,0
LBQ17IDKIC,36,105520,155342,779,46,1,19.32,48,0.55,Bachelor's,Unemployed,Single,No,No,Other,Yes,0
ZHFT292KWR,55,118871,233041,328,60,2,17.91,48,0.18,High School,Self-employed,Single,No,No,Home,Yes,0
WVDPM6NSHJ,60,102130,37452,567,95,3,9.26,48,0.57,High School,Full-time,Single,No,Yes,Business,No,0
2L0DDR4YJW,56,57737,118596,621,85,2,8.53,36,0.78,High School,Part-time,Divorced,Yes,Yes,Education,No,0
VJC3V0R3ZJ,34,67815,202841,540,20,1,21.33,24,0.36,PhD,Unemployed,Divorced,No,No,Education,Yes,0
I9GRFQ061N,50,144995,25666,431,84,2,18.22,24,0.13,PhD,Full-time,Single,Yes,No,Business,Yes,0
75H5WWHZUU,39,59948,6643,623,25,3,12.92,48,0.37,PhD,Part-time,Single,Yes,Yes,Education,No,0
SMMGAG13H2,58,51853,81131,456,103,2,7.54,60,0.23,High School,Unemployed,Married,No,Yes,Other,Yes,0
Q0LUBXAB8M,67,99014,91471,625,17,2,18.16,48,0.83,PhD,Part-time,Single,Yes,Yes,Home,No,0
ELW71C7MOS,67,87998,120783,490,119,1,21.34,24,0.86,High School,Full-time,Divorced,Yes,No,Business,No,0
JJ0CTADCKT,67,124438,81688,501,19,3,24.2,60,0.27,PhD,Full-time,Divorced,Yes,Yes,Home,No,0
PXVJ40OANV,35,98586,240690,514,3,4,5.5,48,0.7,Bachelor's,Full-time,Divorced,Yes,Yes,Home,No,0
1Y23Z5QXG0,57,47379,148695,734,76,1,2.71,12,0.51,PhD,Part-time,Divorced,No,No,Education,Yes,0
67Y0NFDO31,49,18123,164007,698,86,2,20.05,12,0.71,Master's,Unemployed,Married,Yes,No,Business,Yes,1
BJN6W0ITGL,64,27522,193924,311,116,3,23.17,36,0.26,PhD,Part-time,Single,Yes,Yes,Home,Yes,1
3IBB7KZOZP,21,137604,63873,391,118,2,9.26,12,0.84,Master's,Unemployed,Single,No,No,Education,No,0
OHVI2820JZ,36,42210,39948,333,89,4,7.0,48,0.81,High School,Unemployed,Single,Yes,Yes,Business,No,0
PF6E6JHKKK,61,133659,104325,768,101,4,23.85,36,0.32,Bachelor's,Unemployed,Married,Yes,No,Education,Yes,0
2KYZDN07I4,36,51504,95688,496,47,3,16.9,48,0.11,Master's,Part-time,Divorced,No,No,Home,No,0
PX6EN4YX39,38,143542,199657,439,97,3,5.81,24,0.39,Master's,Self-employed,Divorced,No,No,Business,Yes,0
ZER637I93L,30,124796,86328,401,27,1,15.86,60,0.83,Master's,Part-time,Divorced,No,No,Auto,No,0
S6KUS8UQHU,49,139906,197478,752,84,3,5.26,24,0.2,Master's,Unemployed,Married,No,Yes,Other,Yes,0
TJQ07400AH,51,39043,97347,555,73,4,20.79,36,0.62,Bachelor's,Unemployed,Married,Yes,Yes,Business,Yes,0
SSQGQ5C2WI,43,114921,202213,831,1,2,16.5,60,0.3,High School,Full-time,Divorced,No,Yes,Auto,Yes,0
0CGN13AUSA,32,17009,236910,395,57,2,13.8,36,0.12,PhD,Self-employed,Single,Yes,Yes,Auto,No,0
0RFZ8J92AS,62,100254,140703,802,43,2,4.36,36,0.45,High School,Full-time,Single,No,No,Business,No,0
TCH4IZV81E,55,28722,203212,836,49,2,21.56,60,0.74,High School,Self-employed,Married,No,No,Home,No,1
VKGDZJ1TDC,30,45583,155761,398,35,3,17.04,48,0.78,Bachelor's,Unemployed,Single,No,No,Auto,No,1
6KTOL6BJ28,41,83320,79647,669,37,3,8.15,36,0.16,Bachelor's,Full-time,Divorced,No,No,Home,No,0
37H4F5XFUE,34,76234,191736,357,5,1,13.57,12,0.32,Bachelor's,Self-employed,Divorced,Yes,No,Other,No,0
8KXNNW8PDD,34,144772,117998,462,3,3,3.5,48,0.15,PhD,Unemployed,Single,No,No,Education,Yes,0
ER1EZOL3DE,21,40268,17161,329,18,3,7.68,36,0.45,High School,Self-employed,Single,No,No,Business,No,0
Q2PC29JMP1,57,84145,110327,782,109,3,22.93,48,0.59,PhD,Full-time,Married,No,Yes,Home,No,0
HTVNKCNBAF,37,48013,179144,544,87,3,3.27,48,0.69,Bachelor's,Self-employed,Divorced,No,No,Education,Yes,0
NF1KU97FLF,37,98537,5633,815,59,4,15.17,12,0.75,Master's,Self-employed,Divorced,No,Yes,Auto,Yes,0
2F76SBI14U,20,35950,184722,819,81,3,3.12,60,0.32,PhD,Full-time,Single,Yes,No,Education,No,0
6J4H8L0O0T,43,107625,83111,667,77,3,22.01,60,0.21,Bachelor's,Self-employed,Married,No,No,Home,Yes,0
5PX5ISU8F1,42,62570,150976,616,79,3,11.97,60,0.56,Bachelor's,Part-time,Single,Yes,No,Business,No,0
S1OCT8J1X6,42,106540,101159,668,12,1,3.8,36,0.29,Bachelor's,Full-time,Single,No,Yes,Auto,No,0
YV9UHH8543,23,148360,47389,425,27,4,8.49,12,0.77,High School,Unemployed,Divorced,No,No,Home,No,1
P8PK57N3J5,20,34643,194746,557,14,3,4.1,12,0.9,Master's,Full-time,Divorced,Yes,Yes,Auto,Yes,1
I8NBONK59F,54,63133,229717,620,9,4,13.11,24,0.6,PhD,Part-time,Married,Yes,Yes,Other,Yes,0
JD7B9I57S2,50,132861,140982,556,78,3,3.92,60,0.64,PhD,Unemployed,Divorced,No,No,Other,No,0
IT2MT6Z2EI,43,66112,77183,553,94,1,5.93,36,0.54,PhD,Full-time,Divorced,No,No,Other,No,0
3ZK8EUSBJ2,20,60736,44132,827,35,2,8.03,24,0.88,Bachelor's,Part-time,Divorced,No,No,Business,No,0
ZRO0VG9YRP,29,18288,86789,797,14,1,13.37,12,0.35,PhD,Self-employed,Single,Yes,No,Other,No,0
FVVNH4WO3M,51,18894,184326,478,114,2,13.12,48,0.36,Bachelor's,Unemployed,Divorced,Yes,Yes,Auto,Yes,1
LDMUQVEPNP,33,86535,68349,525,86,2,17.64,24,0.89,PhD,Self-employed,Single,No,Yes,Home,No,0
9QEUPR8THM,40,131468,189328,562,93,1,5.88,36,0.53,PhD,Self-employed,Divorced,No,Yes,Other,Yes,0
6QVRS79CL2,21,30944,59960,535,5,2,4.03,48,0.7,High School,Self-employed,Divorced,No,Yes,Home,Yes,0
YMU018GM3A,39,95252,19182,412,53,1,15.96,12,0.19,Master's,Unemployed,Married,No,No,Education,Yes,0
PX3C4M01O6,68,53752,103803,828,59,3,10.77,48,0.4,High School,Self-employed,Divorced,No,Yes,Business,Yes,0
S9Z0JFVX92,23,141005,217408,553,2,3,6.44,12,0.31,PhD,Full-time,Divorced,No,Yes,Education,Yes,1
ACBXM811GG,32,90178,156833,351,67,4,18.57,36,0.37,PhD,Full-time,Single,Yes,No,Home,No,0
GYAR1B6O8M,52,118850,80402,526,4,3,9.14,60,0.31,Master's,Part-time,Married,No,Yes,Other,No,0
6IX081ARZB,68,139569,133469,561,96,2,24.83,60,0.21,Master's,Part-time,Divorced,No,Yes,Auto,No,0
9CZNEIY9QH,42,41517,188194,647,35,1,11.7,12,0.5,Master's,Full-time,Married,Yes,No,Education,No,0
VML9GZPKI0,45,105082,192138,840,75,1,3.81,36,0.56,Bachelor's,Part-time,Married,Yes,Yes,Auto,Yes,0
7KBLAHN7DP,19,38072,78152,312,42,1,11.65,60,0.72,High School,Full-time,Single,Yes,No,Home,Yes,0
DAJLF868OS,60,110527,9964,770,109,4,11.0,60,0.48,PhD,Full-time,Divorced,No,Yes,Education,No,0
KN3C7SE268,65,89326,105646,602,5,3,22.32,60,0.11,High School,Full-time,Married,Yes,Yes,Home,No,0
A6WO2IMVC2,28,61145,225674,565,85,3,8.57,24,0.2,High School,Self-employed,Divorced,Yes,Yes,Business,Yes,0
FP2FDYFAT6,69,22015,81850,488,54,2,24.14,36,0.26,Master's,Self-employed,Married,Yes,No,Other,Yes,0
VQLMR835LI,37,53432,144028,497,61,2,11.07,48,0.36,Master's,Part-time,Married,Yes,Yes,Education,No,0
GRJ2QKTW0S,28,28033,32432,633,46,2,23.64,60,0.41,PhD,Part-time,Divorced,Yes,No,Home,Yes,0
HZ9PH66IF5,32,102110,184937,334,87,3,15.77,48,0.55,Bachelor's,Part-time,Married,No,No,Home,Yes,0
ZHZV1TNB4V,51,65005,39279,753,4,1,17.93,48,0.71,Master's,Self-employed,Divorced,No,No,Other,No,0
RTEZFH6CVF,25,68827,75684,711,99,2,20.76,60,0.7,Master's,Unemployed,Single,Yes,No,Other,No,1
DAO1YZHZKY,35,108567,173391,757,4,1,22.62,24,0.88,Master's,Full-time,Divorced,Yes,Yes,Education,No,0
XRH68NPYBC,46,71061,121691,490,76,4,5.44,24,0.22,High School,Unemployed,Single,Yes,Yes,Auto,Yes,0
V7WQIBJ4US,29,95909,233496,719,65,2,14.63,12,0.43,Master's,Unemployed,Single,No,Yes,Business,Yes,1
61ZSXBFBFA,34,18644,174330,501,61,1,5.71,24,0.56,Master's,Unemployed,Divorced,No,No,Business,No,0
5D05HRPMW4,41,117967,238349,541,103,2,19.58,36,0.77,PhD,Full-time,Married,Yes,Yes,Education,No,0
H86L9NC8FK,29,86638,143124,577,35,2,8.35,24,0.28,Master's,Self-employed,Single,No,No,Auto,Yes,0
B06YR406GS,63,49434,210996,598,38,4,16.05,36,0.78,Bachelor's,Unemployed,Married,Yes,Yes,Other,No,0
OXHZR5KQOV,68,99086,9074,545,72,4,2.56,24,0.87,PhD,Full-time,Divorced,Yes,No,Other,No,0
ET970A689R,21,41835,123968,677,5,2,21.58,48,0.2,Master's,Self-employed,Single,No,No,Education,Yes,1
17V9FD1EAF,20,57174,30078,761,110,1,17.57,12,0.53,PhD,Unemployed,Married,No,Yes,Business,Yes,0
OG6S0A7N9Y,57,75743,81133,649,80,4,7.89,36,0.42,High School,Full-time,Divorced,Yes,Yes,Other,No,0
FS5NQ5DRCX,31,139996,213240,455,4,4,23.94,48,0.74,Bachelor's,Full-time,Divorced,No,Yes,Auto,No,1
BRTPEQKB6V,53,101046,9479,465,3,4,13.24,24,0.63,Master's,Full-time,Divorced,No,No,Home,Yes,0
URCIAWXCQD,43,69818,246573,761,63,4,14.43,48,0.11,Bachelor's,Full-time,Divorced,No,No,Business,No,0
CCPDO15ZA5,68,136254,11603,617,88,2,12.75,48,0.88,Bachelor's,Part-time,Single,No,No,Business,Yes,0
IMBI12BX6J,40,107395,148738,723,57,3,12.25,60,0.26,Master's,Self-employed,Single,Yes,No,Auto,No,0
MN2ZYQCAT5,59,137035,20879,557,76,4,13.84,60,0.89,PhD,Self-employed,Divorced,No,No,Other,No,0
31BVXTNBCD,22,73135,176247,563,73,2,23.53,60,0.69,Master's,Unemployed,Divorced,Yes,No,Auto,No,0
MJM455XBR0,58,94121,27847,764,13,2,8.57,36,0.89,High School,Self-employed,Married,Yes,Yes,Home,No,0
FEP1OZBJP3,35,136452,60653,450,32,2,16.84,60,0.58,Bachelor's,Self-employed,Single,Yes,No,Home,Yes,1
QME1FA3DO4,69,65289,65467,422,45,3,16.82,48,0.74,Master's,Self-employed,Single,Yes,Yes,Auto,Yes,0
MKMZWOKFRL,33,32657,131931,754,8,1,3.35,60,0.71,PhD,Unemployed,Single,No,No,Home,Yes,0
UKLTPNE6BG,56,143619,18533,813,70,4,14.23,24,0.82,Master's,Unemployed,Divorced,No,Yes,Home,No,0
4LTB9QZ7YX,34,93063,156606,828,106,4,13.31,36,0.13,Bachelor's,Unemployed,Divorced,No,Yes,Business,Yes,0
KQ5O75C7CB,35,82885,164399,663,112,2,17.21,24,0.68,Master's,Part-time,Divorced,No,No,Business,Yes,1
3KOCDXUUG8,47,48072,11820,412,112,1,4.67,60,0.15,Master's,Unemployed,Married,No,No,Education,No,0
83ZWZ8JHKG,59,111949,69410,587,44,3,14.75,24,0.83,High School,Part-time,Divorced,Yes,No,Home,No,0
ZMXK241R0N,30,88400,132521,612,61,2,13.51,12,0.83,High School,Self-employed,Married,No,Yes,Business,No,0
CMZIWU2I1H,20,52451,232176,846,22,4,18.96,24,0.2,High School,Self-employed,Single,Yes,No,Business,Yes,1
F265O096HU,58,78856,29102,579,17,3,5.0,36,0.17,High School,Part-time,Divorced,Yes,No,Home,No,0
LJHM5KRBKG,58,125274,110116,439,22,1,2.24,12,0.22,Bachelor's,Self-employed,Divorced,Yes,Yes,Auto,No,0
LE112L259J,19,98697,55318,350,103,3,10.45,24,0.25,Master's,Self-employed,Married,No,No,Auto,Yes,0
F1L5UA9MWV,28,111943,22080,333,52,2,5.05,12,0.5,High School,Self-employed,Divorced,No,Yes,Business,No,1
U1IIHCB1JR,18,59225,187967,590,112,4,11.16,60,0.42,PhD,Full-time,Married,No,Yes,Business,Yes,0
WTNLYQFDLR,52,118905,243827,523,28,1,24.71,36,0.47,Bachelor's,Self-employed,Single,Yes,Yes,Home,Yes,0
QN9U27RTD8,43,128036,71390,848,69,2,3.83,36,0.26,Bachelor's,Self-employed,Married,No,No,Education,No,0
49PEYHQQ0F,45,97512,115074,422,65,3,14.44,24,0.51,PhD,Self-employed,Married,No,No,Home,Yes,0
MTZ426EKLF,30,64275,198083,388,107,3,23.74,24,0.52,Bachelor's,Part-time,Married,Yes,No,Business,Yes,0
SEPV2SFJ5E,30,82869,205910,702,7,1,25.0,36,0.76,Bachelor's,Unemployed,Divorced,No,Yes,Auto,No,1
5DC1I5RP2F,40,146185,156387,468,77,1,2.95,36,0.64,Bachelor's,Unemployed,Single,Yes,Yes,Education,No,0
4FT8TRZQM1,47,42244,249258,606,73,1,7.85,48,0.88,PhD,Part-time,Married,No,No,Other,Yes,0
18LXXGD06E,29,124352,184953,310,85,1,7.99,24,0.23,High School,Self-employed,Divorced,Yes,Yes,Other,Yes,0
PA9OEKSKWL,44,123457,101857,454,11,2,7.04,24,0.69,High School,Full-time,Single,Yes,No,Education,No,0
OUSF402AKD,28,103223,111631,724,108,1,10.12,60,0.84,Bachelor's,Full-time,Single,No,Yes,Other,Yes,0
GTQB4CNXEV,69,106774,200751,747,42,4,20.18,12,0.63,Bachelor's,Full-time,Married,No,Yes,Business,No,0
D5I5FAKAHZ,47,60207,22420,604,33,3,23.14,24,0.87,High School,Self-employed,Single,Yes,No,Auto,No,0
XY41FU8CC3,26,114361,167993,313,40,1,2.81,24,0.14,Bachelor's,Full-time,Divorced,Yes,Yes,Education,No,0
YE3P62BAPE,57,117554,232414,542,55,4,4.65,24,0.5,Master's,Full-time,Divorced,No,No,Education,Yes,0
R837D873QP,51,17288,75077,591,25,2,16.75,60,0.37,High School,Unemployed,Divorced,Yes,Yes,Education,Yes,0
7387OP57CC,49,91492,157133,437,76,3,23.03,24,0.35,Bachelor's,Self-employed,Married,No,Yes,Auto,No,0
4ZVDWMNWXP,49,95501,98266,763,51,4,2.85,12,0.48,Bachelor's,Self-employed,Divorced,No,Yes,Education,Yes,0
TDGRFC6JCT,43,56791,79442,829,106,1,21.5,36,0.31,Bachelor's,Full-time,Divorced,No,Yes,Education,No,0
29G8NKSMJM,54,22539,232920,493,95,1,3.88,12,0.45,Master's,Full-time,Single,No,No,Other,No,0
9IH7RE20OM,68,42157,137105,705,96,4,17.27,24,0.44,PhD,Self-employed,Divorced,No,No,Other,No,0
MEID2F2URY,49,17292,50177,403,97,2,2.13,12,0.14,High School,Self-employed,Single,Yes,No,Auto,No,0
FFR92PUVNB,62,53657,226822,660,102,4,14.22,12,0.86,Bachelor's,Part-time,Divorced,No,Yes,Home,No,0
Q29ICL8O11,55,59692,128683,521,34,3,4.2,48,0.39,Bachelor's,Part-time,Divorced,No,No,Other,No,0
O2YNOBNYW8,46,82663,154037,331,6,2,5.14,48,0.55,PhD,Part-time,Married,Yes,Yes,Home,No,0
HPREUY2JH9,26,29323,171705,578,92,2,10.76,48,0.22,High School,Self-employed,Divorced,Yes,Yes,Other,Yes,0
MD6GDXNY6L,19,102326,198854,410,65,3,21.81,48,0.14,Master's,Part-time,Married,Yes,No,Business,No,1
60OGFG0L6G,25,120984,114309,304,58,2,12.47,12,0.43,Bachelor's,Part-time,Divorced,No,No,Auto,No,1
7UM24OHF3I,26,88259,239721,689,49,3,5.4,12,0.67,Bachelor's,Unemployed,Single,No,Yes,Home,No,0
EWXAUHV65M,24,56505,201757,848,45,2,3.94,12,0.22,Master's,Full-time,Single,No,No,Other,No,0
EZHK6ZCXU1,63,147759,219452,392,51,4,14.79,36,0.8,High School,Unemployed,Single,No,No,Other,Yes,1
05R53YDT94,67,80191,25532,442,84,1,20.16,48,0.87,Master's,Unemployed,Single,Yes,No,Education,No,0
0U0365NFSE,42,27925,222970,536,13,1,9.27,36,0.79,PhD,Part-time,Single,Yes,Yes,Business,Yes,1
7VFVDSPNH9,19,50058,84271,818,22,4,6.63,36,0.7,Master's,Full-time,Single,Yes,Yes,Other,Yes,0
HPRXI9B3V8,64,111622,126179,733,100,2,12.98,12,0.51,Bachelor's,Part-time,Divorced,No,Yes,Education,Yes,0
1S479JL5VZ,24,100722,145078,833,51,3,8.83,24,0.8,Bachelor's,Self-employed,Single,No,No,Education,No,0
VQAAG2J5UM,34,86134,202154,639,91,4,9.02,12,0.34,PhD,Full-time,Married,Yes,Yes,Home,No,0
UJ6GX6CW12,54,21860,157939,624,93,2,16.76,60,0.57,Bachelor's,Part-time,Divorced,Yes,No,Auto,No,0
A8S1ZSASZA,33,90999,84667,570,88,3,7.55,12,0.73,Bachelor's,Part-time,Single,No,No,Home,Yes,0
NRVO1J4RGE,55,90995,145155,759,113,3,22.22,36,0.54,Bachelor's,Unemployed,Married,No,Yes,Home,Yes,0
VJBJ7OK9OC,38,26902,52858,675,88,4,9.76,48,0.14,High School,Full-time,Divorced,No,No,Education,No,0
BF3UR4OY3Q,55,130367,6379,547,22,3,5.7,24,0.62,Master's,Self-employed,Divorced,No,No,Other,No,1
PIIGD27YSZ,25,18033,207110,707,22,2,17.48,48,0.6,PhD,Self-employed,Single,Yes,No,Education,No,1
9VJPBXR4MV,62,109045,155507,398,94,1,13.12,48,0.56,Bachelor's,Full-time,Divorced,No,No,Education,Yes,0
1XPPK9ORLC,23,55287,64696,394,50,2,13.64,48,0.28,High School,Unemployed,Married,No,No,Auto,No,1
O3O4MNZNS6,65,54821,236058,511,55,4,20.66,60,0.67,Bachelor's,Full-time,Married,No,Yes,Home,No,0
R3IA8L5HSJ,21,83065,129645,732,98,2,15.79,48,0.69,Master's,Self-employed,Married,No,Yes,Home,No,0
4W8A753MYC,46,74781,88539,533,67,2,14.45,24,0.43,High School,Self-employed,Married,No,No,Other,Yes,0
43DH9Y7RXK,63,104005,171984,545,118,2,2.39,36,0.86,PhD,Full-time,Single,No,Yes,Business,No,0
G7RLP07KS7,47,75896,112067,423,1,3,18.62,36,0.15,Master's,Part-time,Married,No,No,Business,No,0
PLOOB8YU1E,35,56667,40820,497,82,1,19.15,36,0.46,High School,Part-time,Divorced,No,No,Other,No,0
K46NIN1R8T,24,67653,193196,689,76,4,6.57,12,0.41,Bachelor's,Self-employed,Divorced,No,No,Auto,Yes,0
E18GOFFC5Q,49,54157,31800,678,112,4,24.85,12,0.15,Master's,Self-employed,Married,Yes,Yes,Business,Yes,0
EC6C4X3J0A,69,40319,128546,379,116,3,2.4,36,0.67,High School,Full-time,Divorced,No,Yes,Auto,Yes,0
6KROSA80PY,48,114724,71509,315,100,3,15.01,36,0.74,High School,Part-time,Married,No,No,Education,No,0
0T2MRUFEEC,40,133475,130177,564,90,1,12.97,48,0.46,High School,Full-time,Single,Yes,Yes,Auto,No,0
B6KDGIVT5T,63,52489,40020,511,81,2,15.58,60,0.14,PhD,Full-time,Single,Yes,Yes,Auto,No,0
QXHV4I6A05,54,26074,107628,405,65,1,9.4,12,0.73,Master's,Full-time,Single,Yes,Yes,Home,No,0
UJ54TUQCYB,65,102262,31105,761,19,2,11.51,60,0.75,PhD,Unemployed,Single,No,No,Other,No,0
OMUD9KHP5P,30,144261,246606,460,39,1,11.25,36,0.76,PhD,Part-time,Married,Yes,Yes,Home,No,0
RGBA1AABBD,32,113534,80938,650,90,3,13.47,60,0.59,Bachelor's,Self-employed,Single,No,Yes,Home,No,0
LYROALOL5C,69,71849,92111,348,109,1,16.1,60,0.83,Master's,Unemployed,Divorced,No,Yes,Education,Yes,0
LR5GMQ88O8,51,30082,23408,710,99,1,12.3,60,0.62,High School,Full-time,Single,No,No,Home,No,0
9PHDJJ08VT,27,60172,194415,692,102,1,21.58,12,0.16,Bachelor's,Unemployed,Single,No,No,Education,No,1
A749HYZ9HW,55,54415,217443,508,46,1,2.78,36,0.32,Bachelor's,Unemployed,Divorced,Yes,No,Auto,Yes,0
LY84OKRTTL,21,30650,99036,439,3,3,22.12,60,0.15,High School,Unemployed,Single,Yes,Yes,Auto,No,1
KZKDD3KK4H,23,74224,103528,502,107,1,15.23,12,0.6,High School,Full-time,Divorced,No,Yes,Business,Yes,0
TJ8C1Y8IQQ,54,69177,246773,617,12,4,12.35,60,0.23,Master's,Unemployed,Married,Yes,Yes,Other,No,0
1YWBU7YH63,53,45591,112781,312,74,2,6.87,24,0.35,PhD,Full-time,Single,Yes,No,Auto,Yes,0
3H439GE4X9,43,82211,120434,553,94,1,8.27,48,0.7,PhD,Unemployed,Single,Yes,Yes,Home,No,0
0JEPQQWSZ4,66,17787,153107,452,31,1,7.43,36,0.32,High School,Unemployed,Married,Yes,No,Other,Yes,1
R5FI6G2J6Q,50,40464,222599,437,49,3,12.2,36,0.42,High School,Unemployed,Divorced,Yes,Yes,Business,No,0
Q44958QILM,52,30383,111411,385,111,4,12.12,24,0.26,High School,Full-time,Married,Yes,No,Education,Yes,0
6SSJAFLUHS,23,47994,212351,542,111,3,16.58,24,0.23,Master's,Unemployed,Divorced,No,No,Education,Yes,0
RWLUUFBLNY,66,70948,154581,335,67,1,4.92,36,0.3,Bachelor's,Unemployed,Single,Yes,Yes,Other,No,0
JJJTYGJJ6N,39,16626,163113,651,54,4,3.04,60,0.17,Master's,Part-time,Single,Yes,No,Other,Yes,0
V8TZM3MELN,51,121886,151388,484,92,1,14.84,48,0.31,Bachelor's,Self-employed,Married,Yes,No,Other,Yes,0
Y8LGJXPA0R,64,116007,198101,567,44,2,5.35,48,0.24,PhD,Self-employed,Divorced,No,Yes,Business,Yes,0
TS6D3LHFY0,43,104080,19981,368,3,1,7.57,12,0.48,High School,Part-time,Single,No,No,Education,No,0
T86A42OV5B,38,40083,155979,704,62,4,20.15,48,0.13,Bachelor's,Self-employed,Single,Yes,No,Business,No,0
4KIXEHDS7Q,35,137684,200773,541,59,3,3.09,36,0.76,High School,Part-time,Single,Yes,No,Other,No,0
RGCSHW1OCV,48,81579,95499,484,42,3,23.19,12,0.78,High School,Full-time,Divorced,No,No,Home,Yes,0
TW73BT7AYT,49,97245,102728,607,20,2,18.5,12,0.72,High School,Part-time,Single,No,No,Business,Yes,0
U7EOB98CND,55,42594,170790,541,51,2,12.13,12,0.53,Bachelor's,Self-employed,Single,Yes,Yes,Other,No,0
KA0IK10C1J,59,127478,242392,547,26,1,2.03,48,0.18,Master's,Part-time,Single,Yes,Yes,Auto,No,0
D304QLDC4N,68,106988,244639,576,56,1,7.47,24,0.65,High School,Part-time,Single,Yes,No,Education,No,0
4RSQQRQNID,49,68014,63350,547,79,1,20.83,36,0.15,High School,Full-time,Single,Yes,No,Auto,No,0
W5KI34Q1PN,26,85560,214457,318,80,1,10.61,36,0.33,PhD,Full-time,Married,No,No,Business,No,0
J7TMIA6ML5,58,30609,27761,630,114,3,22.21,36,0.21,Bachelor's,Full-time,Married,Yes,No,Home,No,0
5E6G9HV6U8,63,86968,152160,444,89,4,21.02,48,0.37,High School,Self-employed,Divorced,Yes,Yes,Other,No,0
0K1FWYPPEX,49,123058,7666,300,87,3,22.58,24,0.11,Bachelor's,Self-employed,Married,No,No,Auto,No,0
CYXJTMU6B1,20,105500,36562,536,16,3,22.43,36,0.19,PhD,Part-time,Single,Yes,No,Home,No,0
OYUQBOLOCF,62,134474,72958,563,28,3,8.58,48,0.34,High School,Unemployed,Married,No,Yes,Auto,Yes,0
86Y3XOOK5A,55,47078,241475,699,54,3,21.69,48,0.82,High School,Unemployed,Single,No,No,Education,Yes,1
7PSFBL2A76,43,122130,80089,307,55,2,14.3,12,0.7,High School,Full-time,Divorced,Yes,No,Home,No,1
U7F5X5T989,45,124205,31638,585,66,1,14.27,36,0.38,PhD,Unemployed,Married,No,Yes,Other,Yes,0
SWP7POQ8AQ,33,134468,99152,447,35,2,2.97,36,0.4,PhD,Unemployed,Divorced,No,No,Home,No,0
0S38UYS5GW,64,30480,229553,356,4,3,3.98,48,0.84,PhD,Full-time,Divorced,Yes,No,Other,No,0
GSCURBN6Q3,20,69634,34546,434,88,2,24.87,12,0.12,PhD,Self-employed,Married,Yes,No,Auto,No,0
4S07V6K6X3,50,81782,242274,832,35,2,16.86,60,0.78,Master's,Part-time,Divorced,Yes,Yes,Home,No,0
1N6A7T7GUJ,19,128587,92188,550,119,1,11.84,48,0.3,Master's,Full-time,Single,No,No,Home,No,0
97BC6I8K4N,23,34508,63758,746,36,4,18.48,12,0.38,High School,Part-time,Divorced,No,No,Education,Yes,0
U880PKQZ2B,34,54877,159414,739,97,2,12.19,36,0.61,Bachelor's,Full-time,Divorced,Yes,Yes,Auto,No,0
5JZZCSGLUV,57,148270,249739,309,34,2,7.82,36,0.51,High School,Self-employed,Single,Yes,No,Education,No,0
MGYJ93THBP,34,67676,41629,391,53,3,12.36,48,0.69,High School,Part-time,Married,Yes,No,Business,No,1
SXJSYBOMQF,59,141134,210194,473,38,4,4.94,36,0.64,High School,Full-time,Married,Yes,Yes,Other,Yes,0
76FG4ZVYBI,21,30201,247539,532,50,1,14.26,24,0.7,High School,Self-employed,Married,Yes,No,Auto,Yes,0
F3NFW4DWAM,35,69370,37066,671,70,4,4.89,24,0.9,Master's,Full-time,Divorced,No,No,Other,Yes,0
9PL08J0Z78,33,133706,49961,351,59,2,24.01,24,0.5,PhD,Unemployed,Divorced,No,Yes,Other,Yes,0
9EQDXRGY7K,48,91310,29142,699,55,2,5.02,24,0.73,Master's,Part-time,Single,Yes,No,Home,No,0
I20CRXLTOZ,25,101750,202066,829,70,3,6.81,60,0.84,High School,Full-time,Married,No,No,Home,Yes,0
7VGAWJLL8L,46,133986,126660,825,76,4,4.41,60,0.14,Master's,Self-employed,Single,No,No,Other,No,0
AWLTBLTN6Q,52,145103,69598,660,79,2,19.85,12,0.48,PhD,Full-time,Divorced,No,Yes,Home,No,0
28SVZLOC1P,64,83935,28147,676,70,3,9.41,24,0.21,High School,Part-time,Single,No,Yes,Other,Yes,0
9Q1ZZ89695,18,42257,219426,608,84,1,17.89,12,0.58,High School,Unemployed,Married,Yes,Yes,Business,Yes,0
OW4N9CT14A,52,72581,100471,349,118,2,3.31,60,0.82,Master's,Self-employed,Single,No,Yes,Other,No,0
U2HYXS8L8M,26,15499,150433,520,56,3,16.87,12,0.36,Master's,Self-employed,Divorced,No,No,Home,No,1
2B6M84WQYM,26,38883,42582,585,2,4,19.98,12,0.19,Bachelor's,Full-time,Single,No,No,Other,Yes,0
B9Z5SEZDT8,29,37326,206439,464,109,1,11.92,24,0.84,Master's,Part-time,Married,Yes,No,Other,No,0
MA0F4U8ORY,67,88507,142666,731,51,1,22.89,48,0.79,Bachelor's,Part-time,Divorced,No,No,Education,No,0
QLIWPGJ8U1,68,96995,172270,756,18,4,9.69,12,0.36,High School,Unemployed,Married,Yes,Yes,Education,Yes,0
DJDMRCJ8IS,69,48402,34867,779,91,2,16.88,48,0.46,High School,Part-time,Divorced,Yes,No,Business,No,0
25LQ0BHK4B,66,65483,31023,475,70,1,20.11,60,0.15,High School,Unemployed,Divorced,Yes,Yes,Home,Yes,0
FQQ9C3RLLK,20,24611,57989,807,7,3,10.53,24,0.69,Bachelor's,Part-time,Divorced,Yes,Yes,Auto,No,0
281WQWDGNP,66,37312,87516,504,83,3,15.3,12,0.11,Master's,Full-time,Single,No,No,Business,No,0
DPN7UN2348,33,24547,80140,472,21,4,3.19,60,0.52,Master's,Part-time,Married,No,Yes,Business,No,0
HZX6FU0KKJ,30,94063,209644,368,80,1,7.45,12,0.83,High School,Part-time,Married,Yes,No,Auto,No,0
9RLRRR8VE2,26,78031,61841,811,2,1,4.6,36,0.59,High School,Part-time,Married,No,Yes,Education,No,0
IXWUDO85BA,31,108603,68574,491,36,4,23.91,12,0.24,Master's,Self-employed,Single,Yes,Yes,Other,No,0
2CTADGWZMT,61,63322,47969,546,103,2,14.47,12,0.58,Bachelor's,Unemployed,Married,Yes,Yes,Auto,Yes,0
E7JG3AVTIC,33,65887,144701,758,118,3,4.85,36,0.15,Bachelor's,Full-time,Single,No,Yes,Home,No,0
H8A9IRG60W,30,86959,75309,410,35,2,6.46,48,0.27,High School,Unemployed,Divorced,No,Yes,Home,Yes,0
M3HT5Z3QF7,57,106090,203170,628,39,2,10.51,24,0.51,PhD,Unemployed,Divorced,No,No,Home,Yes,1
5YTM45XURG,49,24746,44815,631,110,1,10.2,24,0.22,PhD,Self-employed,Married,Yes,No,Education,No,0
VHQH2GHIPE,63,93284,72296,776,29,4,14.01,24,0.33,Master's,Self-employed,Divorced,Yes,No,Education,No,0
XW2TAUGNRR,49,66670,117971,356,11,1,3.38,24,0.54,Master's,Unemployed,Divorced,No,Yes,Other,No,0
L01T6BNCR2,43,24995,227806,559,3,1,6.88,24,0.86,Master's,Part-time,Divorced,Yes,Yes,Other,Yes,1
JVF3EG1JHB,55,121402,132978,650,100,2,7.58,24,0.7,Master's,Full-time,Divorced,No,No,Business,No,0
N9ZHZEIDS3,42,76470,230680,809,84,2,14.2,12,0.56,High School,Part-time,Single,Yes,No,Other,Yes,0
CEW35J01TU,18,136073,123038,519,29,4,11.27,36,0.29,High School,Full-time,Single,Yes,Yes,Business,Yes,0
FBNVRTD7SJ,47,64221,50175,468,86,4,4.73,36,0.89,Master's,Self-employed,Divorced,Yes,No,Auto,No,0
I5KPYZ23K4,68,91832,243030,832,11,2,10.44,12,0.3,PhD,Self-employed,Single,Yes,No,Business,Yes,0
9H40J0GDPG,48,55647,238708,684,5,2,4.26,24,0.21,High School,Unemployed,Married,Yes,No,Other,No,0
SORCEEZ0RI,33,61483,83963,360,4,1,19.28,36,0.11,Master's,Part-time,Divorced,No,Yes,Home,No,0
REUFA3BZFW,45,129230,10233,399,33,2,7.38,24,0.11,PhD,Unemployed,Single,Yes,No,Auto,No,0
QGZ85A2HIB,32,102614,90495,761,64,4,21.96,12,0.65,High School,Part-time,Divorced,No,Yes,Auto,No,0
XHHU24WIC0,54,53460,120553,507,70,2,6.43,12,0.43,PhD,Part-time,Married,Yes,Yes,Auto,Yes,0
3HUCK28H95,21,115039,195176,635,11,3,21.36,60,0.37,Bachelor's,Full-time,Married,Yes,Yes,Education,No,1
R1EU4N7DHT,62,109401,36993,379,83,4,21.52,48,0.2,Master's,Self-employed,Divorced,No,Yes,Education,Yes,0
SLDHRUF8MI,55,109138,241572,639,69,4,8.46,60,0.56,PhD,Unemployed,Married,Yes,No,Education,Yes,0
428FC9RLDX,38,61508,214052,580,89,3,19.65,24,0.7,High School,Unemployed,Married,Yes,No,Other,No,1
NPMWEBFL45,49,107670,188937,609,9,4,12.51,24,0.15,Bachelor's,Self-employed,Married,No,No,Business,No,0
SC9N86WHRL,34,74257,200256,811,112,2,6.85,12,0.13,Bachelor's,Part-time,Single,Yes,No,Education,No,0
9LFLOULX62,53,40384,41784,844,76,2,24.59,24,0.43,High School,Full-time,Single,Yes,No,Education,No,0
L2N3DGD51J,55,66422,90115,461,36,1,6.24,24,0.38,PhD,Self-employed,Divorced,No,Yes,Home,Yes,0
9FYLPOD89G,61,44772,216493,746,56,4,21.23,48,0.22,Bachelor's,Self-employed,Married,Yes,No,Business,No,0
5ISX6A68TX,34,105232,13996,695,105,1,20.63,48,0.75,Master's,Full-time,Married,No,No,Auto,No,0
GA7YXTCMV3,38,34866,171951,730,11,2,12.7,48,0.12,Bachelor's,Unemployed,Divorced,Yes,Yes,Auto,No,1
V5RXW3PAR4,53,19971,108112,503,57,2,5.69,60,0.71,PhD,Unemployed,Single,Yes,No,Auto,No,0
HSUHR7KK6P,42,34693,244385,312,22,1,14.74,48,0.73,High School,Full-time,Divorced,Yes,No,Auto,Yes,1
XXNNDZ2SYG,58,89934,109308,422,79,2,15.08,24,0.33,Master's,Unemployed,Single,No,No,Other,Yes,0
RAL2JIXSXH,65,103086,140974,644,63,2,8.34,48,0.19,PhD,Part-time,Single,No,No,Auto,Yes,0
SV28AG6AJA,28,53541,108711,462,54,2,11.34,36,0.68,Master's,Full-time,Married,No,No,Business,Yes,0
SD4182PMC0,27,45983,79233,510,97,2,7.68,36,0.37,PhD,Unemployed,Single,Yes,Yes,Home,No,0
2150BFJC03,54,43049,63150,758,73,4,5.48,12,0.38,PhD,Full-time,Married,Yes,No,Education,Yes,0
VM3DLJFB8V,48,17483,93435,426,40,1,23.96,60,0.68,High School,Self-employed,Divorced,No,No,Home,No,0
B4IB94YFXC,33,122019,164886,501,105,4,24.08,48,0.87,PhD,Part-time,Divorced,Yes,No,Business,Yes,0
3O41ESH6FA,26,77844,85527,556,102,2,4.93,36,0.25,High School,Unemployed,Married,Yes,No,Education,No,0
V83Q66248G,59,139179,184662,643,0,2,7.68,48,0.14,High School,Self-employed,Single,Yes,No,Education,No,0
0VW1L9T00T,20,108172,132562,587,41,3,6.83,48,0.42,PhD,Unemployed,Married,No,No,Home,No,0
96JSXBDIVK,48,21198,177837,785,9,1,3.65,60,0.32,Bachelor's,Unemployed,Divorced,No,No,Education,No,0
VF76QJS7PL,59,81626,187123,485,55,4,17.75,12,0.38,Master's,Full-time,Single,Yes,No,Business,No,0
OBRZ878IOO,53,98659,50227,767,26,2,11.0,12,0.18,High School,Unemployed,Married,Yes,Yes,Auto,Yes,0
5AKZEGMW64,69,63744,71022,394,46,2,23.28,60,0.66,High School,Part-time,Divorced,No,Yes,Business,No,0
WONR176ZY8,25,119083,83555,714,44,4,18.18,36,0.58,High School,Part-time,Married,No,No,Auto,Yes,1
8RT8Q4F25O,32,125538,187587,322,60,1,13.18,48,0.64,PhD,Part-time,Married,Yes,No,Business,No,0
GJZIP32XIT,41,64388,63322,833,84,1,6.14,36,0.76,High School,Unemployed,Married,Yes,No,Home,Yes,0
28O39T1CCC,65,44963,70299,490,116,1,11.85,12,0.53,Bachelor's,Unemployed,Divorced,No,No,Business,Yes,0
8S3S7QWVF2,66,92988,170442,361,8,3,6.36,48,0.72,PhD,Unemployed,Married,No,Yes,Auto,Yes,0
MEXDOG6PRK,59,35830,217839,461,18,2,19.89,48,0.62,Master's,Part-time,Divorced,No,Yes,Auto,Yes,0
S4LN1C1OF8,33,90818,155254,681,85,1,19.88,24,0.53,High School,Unemployed,Divorced,No,Yes,Home,Yes,0
MK0DLY5AIZ,68,140552,135100,836,29,1,23.74,48,0.81,High School,Self-employed,Married,No,No,Business,Yes,0
EP37ZPURV6,65,27778,184262,406,67,2,2.21,36,0.27,High School,Self-employed,Single,Yes,No,Other,No,0
8OXVPVNYRI,35,103490,64451,353,117,1,16.2,48,0.81,Bachelor's,Part-time,Divorced,No,No,Auto,No,0
4MR8DHXA21,53,37157,47804,695,9,2,15.45,48,0.34,PhD,Full-time,Single,Yes,Yes,Business,No,0
L719SLMJI0,33,47994,167273,687,48,2,7.2,48,0.69,High School,Part-time,Single,No,Yes,Other,Yes,0
H3977KNJKY,37,40330,43009,377,97,2,14.18,48,0.7,Master's,Self-employed,Married,Yes,No,Business,Yes,0
WHAJ8VJR8O,31,30753,216354,740,38,2,22.94,12,0.18,PhD,Self-employed,Divorced,No,Yes,Auto,No,0
WLM3GBG28Y,62,117064,13349,444,38,1,24.07,60,0.48,Master's,Part-time,Divorced,No,Yes,Education,Yes,0
4B69UVN4K8,45,101439,209649,741,86,2,17.76,48,0.8,High School,Part-time,Single,No,No,Other,Yes,1
LX32OBD3YY,58,58776,15098,788,72,4,6.68,36,0.38,High School,Self-employed,Single,No,No,Auto,Yes,0
ZK215NZCX7,20,65837,25821,511,37,2,9.57,48,0.26,High School,Unemployed,Married,Yes,Yes,Other,Yes,0
LWPIR976PV,67,143083,156657,572,33,2,17.82,48,0.74,Bachelor's,Full-time,Divorced,No,No,Business,No,1
L7G601SGHI,64,121992,23413,689,92,3,23.64,48,0.63,High School,Self-employed,Single,Yes,Yes,Auto,Yes,0
POF39IYFG5,37,95645,134991,439,115,1,4.94,48,0.81,PhD,Full-time,Married,Yes,No,Business,No,0
A7M8K7TLXO,67,49945,34590,308,3,3,17.66,60,0.81,High School,Part-time,Single,No,No,Business,No,0
UNYB7PYOQN,45,29149,151349,590,100,3,20.31,12,0.33,Bachelor's,Unemployed,Single,Yes,No,Business,No,0
7HE25VKOQ8,40,35298,118665,304,20,2,6.71,36,0.67,Master's,Part-time,Married,No,Yes,Auto,No,0
72FAZOBSZO,58,123726,69978,685,76,1,13.96,12,0.21,High School,Unemployed,Single,Yes,No,Business,Yes,0
XW7RO76D8L,33,110759,186128,539,35,2,24.85,60,0.81,Bachelor's,Part-time,Single,No,Yes,Education,No,0
XUVRJ5YMGG,52,47139,161642,798,73,1,23.09,24,0.38,Bachelor's,Unemployed,Married,Yes,No,Home,Yes,1
VJU0VKXF6Q,60,104802,92678,564,19,4,4.66,12,0.31,Bachelor's,Full-time,Married,Yes,No,Home,Yes,0
1CF2Y7RI8B,29,64820,212763,532,55,4,20.79,24,0.42,High School,Full-time,Single,No,No,Business,No,1
XXRXQJHBY2,28,59194,98030,827,26,2,24.09,12,0.59,Master's,Part-time,Divorced,Yes,No,Other,No,0
C8G5ZED6AK,22,108768,241378,454,55,2,13.19,60,0.23,PhD,Unemployed,Single,No,Yes,Education,No,1
1TUKIHCGN8,18,77778,7642,759,26,2,10.43,36,0.64,Bachelor's,Part-time,Single,No,No,Other,No,1
H2MV558JAI,51,44101,135222,595,103,4,10.74,12,0.87,Bachelor's,Part-time,Single,Yes,Yes,Home,Yes,0
SO3Q6Q9XPQ,62,78074,95547,717,114,3,8.62,36,0.52,Bachelor's,Part-time,Divorced,Yes,Yes,Education,No,0
L7Y9ZNW9J0,27,30036,29766,715,24,4,11.6,48,0.25,High School,Self-employed,Divorced,No,Yes,Business,No,1
GX7Q68JJUJ,54,96448,45473,527,79,4,19.4,12,0.69,Bachelor's,Full-time,Married,No,Yes,Home,Yes,1
28X85VX8U0,26,19735,162941,443,12,1,7.78,12,0.11,Bachelor's,Unemployed,Married,Yes,Yes,Home,No,1
X5XIL1Z810,69,134457,52138,401,7,4,12.19,12,0.63,Bachelor's,Unemployed,Divorced,Yes,No,Home,Yes,0
52Z7EVS3T1,37,41477,73498,460,84,1,20.8,12,0.46,High School,Self-employed,Divorced,No,No,Auto,Yes,0
6XFHO25EO2,59,92724,105823,802,16,1,22.91,24,0.88,High School,Full-time,Single,Yes,Yes,Home,No,0
DUERVYATQ2,65,72609,155440,336,99,1,2.56,48,0.2,PhD,Self-employed,Married,No,Yes,Education,Yes,0
ND03H51TRT,46,81153,64710,773,100,3,7.2,24,0.86,Master's,Full-time,Divorced,No,Yes,Auto,Yes,0
STWKHAB71L,25,86754,134913,817,113,3,18.93,12,0.78,PhD,Self-employed,Single,Yes,No,Business,No,0
I8O02UZQOU,51,147481,22429,301,91,4,19.66,24,0.54,PhD,Unemployed,Married,Yes,Yes,Home,No,0
4NXLPV5YBR,65,16647,27792,590,4,1,8.57,48,0.54,High School,Full-time,Divorced,No,Yes,Other,No,0
XBPE70QDWP,52,83632,15901,717,88,1,5.43,60,0.26,Bachelor's,Unemployed,Married,No,No,Auto,No,0
C2ORK13Q6I,38,55889,202881,447,114,2,19.0,36,0.87,High School,Part-time,Divorced,Yes,No,Auto,No,0
J4GGOSZROM,58,17519,154427,589,26,3,13.41,36,0.22,PhD,Self-employed,Single,Yes,No,Other,Yes,0
GZ0K97JDEC,32,131460,172696,338,77,2,18.96,48,0.73,PhD,Self-employed,Single,No,Yes,Other,Yes,1
DW5CA2X067,40,72560,68599,716,5,1,11.66,36,0.82,Master's,Unemployed,Single,No,No,Business,Yes,0
M7JNV0LPOB,27,93469,31254,708,115,2,12.03,36,0.71,High School,Part-time,Single,Yes,Yes,Other,No,0
B7UYK370GV,27,68314,52041,683,19,4,22.1,12,0.59,High School,Self-employed,Married,Yes,Yes,Home,Yes,0
37KV044KDM,31,93829,84885,379,78,3,2.33,36,0.38,PhD,Unemployed,Single,Yes,No,Other,No,0
OXANX2V4W9,21,147790,154275,503,15,4,8.29,36,0.21,High School,Self-employed,Single,No,Yes,Business,Yes,0
6WSFR2JQ5U,42,113140,43436,312,13,3,2.94,36,0.25,Bachelor's,Part-time,Single,No,No,Home,Yes,0
QZURCZ9835,37,30736,57668,446,52,2,20.84,36,0.34,PhD,Part-time,Single,Yes,Yes,Education,Yes,0
8EJQ00N97O,42,90115,169310,570,109,1,10.79,24,0.37,Bachelor's,Self-employed,Single,Yes,No,Education,No,0
CBNXXLKE3C,32,130620,176410,366,35,4,10.27,24,0.17,Master's,Full-time,Single,No,Yes,Auto,No,0
2T5XS31AZI,48,136581,237647,712,82,3,13.02,60,0.57,Bachelor's,Part-time,Single,Yes,No,Other,Yes,0
8XN63HWRDR,22,138680,62811,690,102,4,7.73,36,0.37,PhD,Unemployed,Divorced,Yes,Yes,Auto,Yes,0
4J7IDGD0CH,23,74488,161552,515,26,3,7.7,12,0.51,Bachelor's,Self-employed,Divorced,Yes,Yes,Home,Yes,0
TW5HJSJUU4,32,138852,90192,318,17,2,22.97,60,0.32,PhD,Unemployed,Single,No,Yes,Auto,Yes,1
U0CAFY0DWO,31,145469,7291,624,103,1,15.42,12,0.65,Bachelor's,Part-time,Divorced,Yes,No,Home,No,0
NSO1KW8SYS,49,113223,89890,739,109,2,22.78,12,0.72,High School,Part-time,Married,No,No,Home,No,0
FC80E50NCF,21,40074,14923,485,66,3,2.18,48,0.2,Master's,Self-employed,Single,No,No,Other,Yes,0
1PFL9K9OP2,52,122394,132817,839,35,2,15.11,48,0.66,PhD,Part-time,Divorced,Yes,No,Home,Yes,0
G2YF7IIS2Y,51,43509,68235,320,115,1,8.77,24,0.56,High School,Self-employed,Divorced,No,No,Other,No,0
63QTQZLJCK,52,16757,165221,608,50,2,7.21,60,0.38,PhD,Full-time,Divorced,No,Yes,Auto,Yes,0
413HUL9CCX,30,96318,98053,527,40,2,16.84,12,0.75,PhD,Self-employed,Married,No,No,Education,Yes,0
Z49KF9VS3P,61,100607,106302,718,73,2,10.4,36,0.43,Master's,Full-time,Married,Yes,No,Auto,No,0
XFDZ3X3LRZ,48,115272,146660,421,28,3,18.19,36,0.82,High School,Full-time,Divorced,No,No,Home,No,0
TJ9NTIZRDW,30,127724,34471,393,74,1,18.91,12,0.69,Master's,Unemployed,Divorced,No,Yes,Education,No,0
QAVRMZPV9M,55,106617,131402,715,7,4,23.92,36,0.83,Master's,Part-time,Married,Yes,Yes,Business,Yes,0
9HUFSK904O,64,149759,48946,371,18,2,7.07,24,0.74,Bachelor's,Full-time,Married,No,No,Other,No,0
U3RG59S64N,44,128522,169601,336,23,2,9.59,36,0.68,PhD,Unemployed,Married,No,No,Business,No,0
2ZBD1AIG9T,27,61654,208730,815,4,3,16.32,48,0.79,Bachelor's,Full-time,Married,Yes,No,Other,No,1
YWXEQA66W8,61,46657,56203,440,19,1,4.41,48,0.14,Master's,Self-employed,Married,Yes,No,Business,No,0
1BN3107JO7,36,27312,136879,532,35,3,9.25,36,0.62,Master's,Unemployed,Single,No,No,Home,Yes,0
BD037N2SIB,36,37769,5663,530,94,3,2.91,36,0.57,PhD,Unemployed,Single,No,Yes,Other,Yes,0
2K5THR63SW,32,102928,135700,712,44,3,7.19,12,0.33,Bachelor's,Full-time,Married,Yes,Yes,Business,Yes,0
5K1RO4FWMV,47,83640,24384,428,45,1,5.44,36,0.21,Master's,Part-time,Married,Yes,Yes,Home,Yes,0
DBASWOAAFW,66,37882,118289,772,22,4,10.46,12,0.23,High School,Full-time,Married,No,Yes,Business,No,0
MWSPTGPPAW,56,30177,181039,419,119,3,2.66,12,0.29,High School,Self-employed,Married,Yes,Yes,Auto,No,0
S0K55OYNMD,48,16435,231728,598,90,1,12.45,12,0.77,High School,Self-employed,Married,Yes,No,Education,No,0
TBGAZZQYZ5,25,25737,20855,819,56,2,24.64,12,0.68,Master's,Unemployed,Divorced,Yes,Yes,Education,No,0
CY39TLB85Q,41,86372,172139,633,26,3,9.63,48,0.32,Master's,Self-employed,Divorced,Yes,Yes,Education,No,0
0NZ18GQPGT,22,44356,193429,712,110,1,13.93,24,0.78,Master's,Unemployed,Married,Yes,No,Education,Yes,0
6X2KW783PW,33,36357,73938,409,98,3,3.0,24,0.8,Bachelor's,Self-employed,Married,Yes,Yes,Home,Yes,0
1JPTCCB3CR,55,39972,32018,548,9,4,7.4,12,0.27,High School,Part-time,Single,No,No,Business,Yes,0
KERFYTP08E,43,64509,245649,405,112,1,4.8,60,0.51,Bachelor's,Full-time,Single,Yes,No,Auto,No,0
1OUUB5KKQL,23,84226,11489,374,45,4,14.77,48,0.31,Bachelor's,Full-time,Married,No,No,Other,No,0
OI1LV3O12N,62,82548,238054,607,14,1,4.89,24,0.5,High School,Full-time,Single,No,No,Home,Yes,0
JDL7C8X4F3,38,135772,30600,539,113,1,19.01,12,0.18,PhD,Part-time,Single,No,Yes,Education,No,0
XMD16TQ352,24,60308,85523,831,24,4,21.65,48,0.37,Bachelor's,Unemployed,Divorced,No,Yes,Other,No,1
BNI83IBZVR,47,71345,94138,507,71,3,15.97,24,0.22,Bachelor's,Full-time,Married,No,Yes,Home,Yes,0
9TA4JKG8T3,35,94109,35722,848,113,4,18.48,36,0.27,High School,Unemployed,Married,No,No,Other,No,0
92I79219CJ,57,92682,31327,792,18,3,6.18,48,0.56,Bachelor's,Self-employed,Divorced,Yes,Yes,Home,No,0
VQN0D6BTBL,64,52319,121375,700,30,3,13.52,24,0.14,Bachelor's,Part-time,Single,No,Yes,Home,Yes,0
MX1E3NHM0X,68,55256,78129,725,81,3,12.74,36,0.75,Bachelor's,Part-time,Married,Yes,Yes,Business,No,0
GGALMKJUSR,48,90754,5902,462,91,2,10.46,60,0.8,Master's,Part-time,Married,No,No,Home,Yes,0
WD6L6YMZMN,20,122136,188807,770,98,3,4.08,60,0.82,High School,Full-time,Single,No,No,Home,Yes,1
F1LX7A7GH2,53,80830,208584,542,81,1,21.94,36,0.28,High School,Self-employed,Married,Yes,No,Education,Yes,0
6EAQ7S0H8T,44,88466,231705,769,17,1,22.33,60,0.13,PhD,Full-time,Divorced,Yes,Yes,Auto,No,0
Z0FGJVCXYF,48,76399,114701,659,98,3,18.05,24,0.81,Master's,Part-time,Divorced,No,Yes,Business,Yes,1
450DRWT5BA,64,85832,112447,657,26,1,23.18,60,0.3,PhD,Part-time,Single,Yes,No,Business,No,0
1MH6361CBP,55,49738,23764,333,96,1,20.9,36,0.59,High School,Full-time,Married,Yes,Yes,Home,Yes,0
1BQRG51CBL,46,96816,75075,605,47,3,4.68,12,0.32,High School,Part-time,Single,No,No,Business,Yes,0
70R3496SCW,20,113308,191291,413,2,1,6.23,36,0.33,Master's,Full-time,Single,No,No,Education,No,1
UYZPHL31W8,31,143112,211857,396,46,1,6.31,12,0.81,PhD,Self-employed,Married,Yes,No,Other,Yes,0
GNHVL3NHSZ,47,35057,240750,509,42,4,9.88,12,0.9,Bachelor's,Part-time,Married,No,Yes,Home,No,1
LR5Y50AMUA,46,149700,53035,620,3,4,13.53,48,0.28,Bachelor's,Self-employed,Single,No,No,Business,No,0
P5NW9YHP6R,55,61401,241972,579,33,3,14.31,12,0.82,Master's,Full-time,Married,Yes,Yes,Home,Yes,0
N56HP2I6NN,59,59975,79638,527,72,2,11.29,12,0.35,Bachelor's,Self-employed,Divorced,Yes,No,Education,No,0
TYM3WSCFQC,48,107424,106301,354,12,4,13.67,24,0.42,Master's,Unemployed,Single,Yes,Yes,Auto,Yes,0
MIJEUB55VS,40,93737,232095,582,76,3,15.36,36,0.43,PhD,Part-time,Divorced,No,No,Auto,Yes,0
6LHXMKTJ2A,20,79549,236952,542,66,1,15.31,48,0.88,PhD,Self-employed,Divorced,Yes,Yes,Education,No,1
O9ECERT83A,29,19262,67131,434,31,2,10.21,48,0.88,PhD,Unemployed,Married,Yes,Yes,Home,Yes,0
BHOB3SNE3G,38,103328,139112,372,30,2,5.83,12,0.72,High School,Part-time,Divorced,No,Yes,Education,No,0
634KJ1A2X9,46,68561,163358,796,89,2,18.28,48,0.3,High School,Full-time,Married,Yes,Yes,Other,No,0
GEW4MQK47A,46,41931,55067,326,25,2,15.23,48,0.2,PhD,Part-time,Single,No,No,Home,No,0
0M85220UYT,40,58791,10650,724,61,4,18.78,48,0.24,PhD,Self-employed,Married,Yes,No,Home,No,0
PT7OEMCRS4,23,21023,40758,783,56,2,11.56,60,0.31,PhD,Self-employed,Divorced,Yes,Yes,Home,No,0
CEAX6MS397,47,143596,246259,780,25,1,18.91,36,0.36,PhD,Self-employed,Married,No,No,Business,No,0
3G4I4W443M,24,132253,144955,717,117,1,19.53,24,0.26,Bachelor's,Part-time,Married,No,Yes,Education,Yes,0
TV43BGY2I0,45,54186,5498,637,90,4,6.06,12,0.69,Bachelor's,Unemployed,Divorced,No,No,Home,No,0
U036E5N1A1,33,125862,217250,301,52,2,15.43,24,0.71,Master's,Part-time,Married,No,Yes,Education,No,1
MH3901UHME,57,89627,35761,630,28,2,9.38,36,0.86,Bachelor's,Unemployed,Divorced,No,No,Education,Yes,0
OJGA4TPVGD,19,39114,201046,651,83,4,9.48,60,0.34,High School,Self-employed,Divorced,Yes,No,Business,Yes,0
T2CMBNAUKE,63,63487,187951,566,83,4,11.31,60,0.61,High School,Full-time,Single,Yes,Yes,Home,No,0
F70X9WOREQ,52,81474,145640,595,42,3,23.12,36,0.55,PhD,Full-time,Married,No,No,Auto,Yes,0
QAR5TI4U2N,65,112011,96702,553,34,4,24.98,48,0.29,Bachelor's,Full-time,Married,No,No,Education,No,0
G3GFFPNGU3,46,36766,89037,823,43,3,24.99,12,0.26,Bachelor's,Self-employed,Single,No,Yes,Home,No,0
02P1BL85NV,62,58977,84033,575,69,2,9.2,48,0.85,PhD,Part-time,Single,No,Yes,Other,Yes,0
3QXYP8XKF4,44,111939,194489,706,62,4,21.49,24,0.73,High School,Unemployed,Married,No,Yes,Business,Yes,0
G6F7DTX59A,53,93697,207719,498,113,1,4.18,60,0.78,High School,Unemployed,Divorced,No,No,Education,Yes,0
HB7XLZIGM7,44,100794,10142,786,98,2,3.19,24,0.49,Master's,Full-time,Single,No,Yes,Auto,Yes,0
ALJGKO7TEM,35,148900,36357,675,33,3,22.02,36,0.32,PhD,Full-time,Divorced,No,Yes,Home,Yes,0
AAODZ2L1VE,58,85253,239869,350,31,3,5.14,12,0.64,Bachelor's,Part-time,Single,Yes,Yes,Education,No,0
8078XG9MI1,68,114250,165734,320,57,2,14.0,48,0.68,Master's,Part-time,Divorced,Yes,Yes,Auto,Yes,0
1ZZVWYWZIV,36,116818,138888,670,104,1,22.17,60,0.12,Master's,Unemployed,Single,Yes,Yes,Auto,Yes,0
CMVDRZ7XYL,25,72223,227169,631,93,3,24.75,24,0.73,Bachelor's,Self-employed,Married,No,No,Business,No,0
N2F3NYBP82,59,76341,216462,764,55,1,2.74,48,0.73,High School,Self-employed,Single,Yes,No,Business,Yes,0
NF6PZ0QS2S,55,79017,108253,375,79,3,22.02,60,0.25,Master's,Unemployed,Married,No,Yes,Home,No,0
W509DI4BLN,46,28856,100506,437,84,1,19.11,48,0.19,High School,Unemployed,Single,No,Yes,Business,No,1
EF1XK37TL9,41,65551,207932,354,82,4,18.06,36,0.46,High School,Unemployed,Divorced,No,Yes,Education,Yes,0
OZEGCUUD81,39,105267,98151,348,102,3,20.01,60,0.51,Bachelor's,Full-time,Divorced,No,No,Auto,No,0
TAH7XTCG5Q,65,115548,228374,460,105,2,22.29,12,0.89,PhD,Part-time,Divorced,No,No,Education,No,0
P4SBX6BYB8,21,72669,112211,514,64,1,20.42,24,0.62,Bachelor's,Unemployed,Married,No,Yes,Education,Yes,0
9XSLHWJWTE,19,40840,234170,843,110,4,14.28,24,0.53,PhD,Unemployed,Single,No,Yes,Other,Yes,0
3QJSJ1ONHD,22,148729,166121,637,72,1,4.18,12,0.38,Master's,Part-time,Married,No,Yes,Home,Yes,0
9C13QT5O19,31,107577,121089,385,81,2,14.86,24,0.84,Bachelor's,Full-time,Divorced,Yes,No,Business,Yes,0
HPOVKXQWH8,33,53598,136102,380,2,3,12.83,60,0.36,Master's,Full-time,Married,No,No,Education,No,0
ZHM7S6S8DM,40,133794,55415,428,6,4,6.38,48,0.37,PhD,Unemployed,Single,No,Yes,Home,Yes,0
NDVNKGODXH,56,131411,246653,643,52,1,21.27,12,0.5,Master's,Part-time,Married,No,Yes,Business,No,0
KS3F78BV9S,48,145327,100407,307,32,2,14.51,24,0.66,High School,Self-employed,Married,Yes,Yes,Business,No,0
FXH344XVUB,56,88660,24868,786,28,1,9.29,36,0.42,PhD,Self-employed,Married,No,Yes,Education,Yes,0
H4E8DUTHWT,42,48298,110078,601,66,2,14.27,48,0.78,Bachelor's,Part-time,Divorced,Yes,No,Education,No,0
XTDSY5TBQD,32,96931,151017,757,49,4,13.03,36,0.81,Bachelor's,Unemployed,Single,No,Yes,Home,Yes,0
QEAUWSNWX5,55,55225,147375,542,50,1,13.14,12,0.82,PhD,Full-time,Married,No,No,Other,No,0
SD2XJJZLWU,27,127585,65038,605,26,2,18.0,48,0.23,Bachelor's,Part-time,Single,No,Yes,Auto,Yes,1
T18OD5NQ3G,67,50595,56849,823,109,2,13.36,60,0.52,Bachelor's,Unemployed,Single,Yes,No,Other,No,0
2NZ0JXG859,32,133434,188080,690,110,3,2.46,36,0.42,Bachelor's,Part-time,Single,No,No,Other,Yes,0
PLUZSJ69LB,24,139635,87335,343,30,4,23.07,12,0.47,PhD,Full-time,Married,Yes,Yes,Auto,Yes,0
6HE5HM8PGZ,56,137974,30690,374,49,1,2.34,24,0.86,PhD,Part-time,Divorced,Yes,No,Auto,Yes,0
8PN6B14V6A,34,113567,187860,752,56,3,3.64,60,0.85,Master's,Self-employed,Single,Yes,Yes,Auto,No,0
XSG70GY0R2,40,29323,69892,390,39,2,11.87,48,0.59,Master's,Part-time,Single,No,Yes,Home,Yes,1
34X4T5UY0A,24,135968,211760,365,79,4,11.64,12,0.12,Bachelor's,Self-employed,Married,Yes,No,Education,No,0
D6ONVRIWQO,60,116370,113783,539,111,1,19.81,36,0.71,Master's,Part-time,Married,No,Yes,Education,No,0
QEBX8ULMMM,31,75933,217799,470,78,2,18.26,12,0.82,Bachelor's,Unemployed,Single,No,Yes,Home,Yes,0
PTLDJ4Y30V,36,116859,234320,677,13,4,21.83,12,0.57,Bachelor's,Self-employed,Married,Yes,Yes,Education,Yes,0
YYPDJCC7JP,58,104089,110609,330,109,3,8.15,48,0.65,Bachelor's,Unemployed,Divorced,No,Yes,Home,Yes,0
QQYQIE7R6W,41,17127,104822,744,75,1,3.32,24,0.85,PhD,Self-employed,Divorced,No,No,Education,Yes,0
FVI7Y1IVBF,61,85383,98217,669,46,2,11.02,24,0.69,Bachelor's,Part-time,Single,No,No,Business,No,0
U8WOCSZKOT,18,69494,90204,704,105,2,6.77,48,0.33,Bachelor's,Full-time,Single,No,Yes,Business,No,0
JFY1P0LHM2,60,114544,7637,427,39,3,19.6,36,0.15,Bachelor's,Part-time,Single,No,No,Other,Yes,0
XG5WPXX0TY,24,105732,33013,400,58,3,15.64,36,0.48,High School,Full-time,Married,Yes,Yes,Auto,Yes,0
KPDMAZIW1X,66,149481,139584,572,101,3,9.43,36,0.3,PhD,Full-time,Married,No,No,Other,Yes,0
CDIBVQE9LS,45,91699,56851,566,0,1,15.96,48,0.4,High School,Self-employed,Divorced,No,Yes,Business,Yes,0
EW0KIV4XPI,38,49729,166500,346,105,4,7.55,48,0.86,Bachelor's,Unemployed,Divorced,No,Yes,Home,Yes,0
HEMKEBHBV6,67,142179,166131,426,65,4,15.89,12,0.14,PhD,Full-time,Divorced,No,No,Business,No,0
PE3JMAJFY0,56,113690,81611,585,80,4,15.97,24,0.76,PhD,Part-time,Divorced,No,No,Other,Yes,0
ND13A9DNCG,34,45698,184335,421,13,4,21.97,24,0.22,Master's,Unemployed,Married,Yes,Yes,Other,No,0
HX0T8QEFEY,62,52620,213389,695,61,4,12.72,24,0.21,Master's,Full-time,Single,No,No,Auto,Yes,0
VE89UBY4I3,24,22739,48300,479,99,4,16.24,24,0.66,Bachelor's,Full-time,Single,Yes,No,Auto,Yes,1
8F4FVL332M,31,85789,56185,526,43,1,8.79,36,0.45,Master's,Self-employed,Married,Yes,Yes,Auto,No,0
4Y8K2YOEBR,26,46076,112684,812,108,1,2.69,24,0.26,High School,Unemployed,Married,No,No,Auto,No,0
LQPN5AJSXK,39,97121,216619,627,92,1,5.88,60,0.74,Master's,Unemployed,Married,Yes,Yes,Auto,Yes,0
JLDR1ZZJR1,27,89111,143588,663,42,3,17.21,48,0.22,Bachelor's,Part-time,Divorced,Yes,No,Home,No,0
ICM3OSYC69,56,119306,165790,672,10,2,2.94,48,0.89,High School,Unemployed,Single,Yes,No,Auto,Yes,0
X7OOHXW4YH,67,145055,210574,742,108,2,13.71,48,0.85,High School,Full-time,Divorced,No,Yes,Business,Yes,0
TE3C2KCTJR,60,106260,129454,756,72,4,10.2,48,0.57,Master's,Part-time,Divorced,No,No,Business,No,0
ITH2G4VEIQ,22,67376,203413,332,60,1,17.02,36,0.55,High School,Self-employed,Divorced,No,Yes,Business,Yes,0
H899QDFZF3,22,15065,6738,555,55,1,8.99,48,0.28,Master's,Part-time,Single,No,Yes,Business,Yes,0
SJOY8PGG13,53,83613,141185,624,18,3,2.08,36,0.37,Bachelor's,Part-time,Single,Yes,Yes,Business,Yes,0
7UEW0T6KH8,50,147768,221183,838,12,3,23.88,24,0.15,Bachelor's,Unemployed,Married,No,Yes,Business,No,0
FUANCMYA3A,59,103689,239740,497,29,1,4.69,24,0.79,PhD,Unemployed,Single,Yes,No,Auto,No,0
TXDEUON9NX,31,48097,86976,380,46,3,17.96,36,0.14,Master's,Unemployed,Divorced,No,Yes,Education,Yes,0
J6KSFYRVXK,57,25944,121901,694,96,1,23.9,36,0.2,Master's,Unemployed,Divorced,No,No,Home,Yes,0
FZFPN5W2AC,66,147731,141442,655,59,3,7.56,36,0.47,Master's,Part-time,Single,Yes,No,Home,Yes,0
3C0EXY9NS5,62,90476,53093,659,32,4,18.81,12,0.19,Bachelor's,Part-time,Married,No,No,Auto,No,1
BOYVG6316H,43,21595,249438,343,53,1,7.23,48,0.58,Bachelor's,Full-time,Single,No,No,Home,Yes,0
LA2QJ08SLM,28,108436,44211,477,10,3,3.86,48,0.28,Master's,Unemployed,Single,No,Yes,Auto,No,0
P48UFCKUIX,20,107669,124486,736,0,3,6.83,24,0.41,High School,Unemployed,Married,No,Yes,Home,Yes,0
X2DNCK494R,67,134565,50160,845,6,3,8.8,60,0.35,Master's,Part-time,Married,Yes,No,Home,Yes,0
XPTPQZO2NT,62,107867,172727,489,81,1,19.79,12,0.26,PhD,Unemployed,Single,No,Yes,Auto,No,0
Z2FF2K1LR6,38,57457,149730,480,106,2,19.15,24,0.39,High School,Unemployed,Divorced,No,No,Other,No,1
87I3GKS1EG,51,143150,239675,413,60,4,23.08,48,0.7,High School,Full-time,Single,Yes,Yes,Auto,Yes,0
M9C7RIH663,44,128741,96862,665,1,1,11.13,24,0.14,Master's,Part-time,Single,Yes,Yes,Other,Yes,0
7XDF7J3JHM,59,80183,236994,837,48,2,9.98,60,0.12,High School,Part-time,Married,No,Yes,Other,Yes,0
X4J75RPWGN,49,135881,161835,678,92,3,10.91,60,0.25,Master's,Unemployed,Single,No,Yes,Home,No,0
DDQ2GY7V9F,47,132166,235905,770,72,3,9.56,12,0.18,Bachelor's,Unemployed,Divorced,No,Yes,Education,No,0
15KYYUSUNS,59,72191,176440,767,5,2,6.5,60,0.21,PhD,Part-time,Married,Yes,No,Other,No,0
SN6IGEU9ZS,32,28825,148953,580,104,1,16.42,60,0.7,PhD,Full-time,Married,No,Yes,Home,No,0
1ZHDKI2186,59,18148,57494,314,25,1,19.64,36,0.1,High School,Self-employed,Divorced,No,No,Business,Yes,0
EPFDASM13D,29,89382,220675,804,102,4,11.28,48,0.87,High School,Part-time,Married,Yes,Yes,Home,Yes,0
OY87I24HWU,50,58970,197265,598,18,2,10.86,24,0.24,Bachelor's,Self-employed,Divorced,Yes,No,Education,Yes,0
L398011B1I,18,16397,221761,477,97,4,16.64,48,0.61,PhD,Full-time,Married,Yes,Yes,Home,No,0
EVSXDK7B57,56,35647,226957,473,112,1,15.64,36,0.54,Bachelor's,Unemployed,Married,Yes,Yes,Other,Yes,0
GOUJ74HVTI,35,61877,188747,772,95,2,20.69,24,0.18,Bachelor's,Unemployed,Divorced,Yes,No,Home,No,0
1317Z2PMRT,22,53962,129730,424,43,1,19.55,36,0.16,Bachelor's,Unemployed,Divorced,Yes,Yes,Home,No,0
2ASOTBRGR0,33,136561,79888,360,97,3,10.14,12,0.53,High School,Self-employed,Single,No,No,Education,Yes,0
TOA4D51PFW,52,95102,15041,787,69,2,6.79,60,0.3,Bachelor's,Unemployed,Single,No,No,Other,No,0
O64AKLL026,42,31724,43548,749,85,3,21.41,48,0.53,Bachelor's,Unemployed,Divorced,No,No,Business,No,0
IECTRCUCUU,24,31582,104949,447,108,3,23.69,48,0.81,High School,Full-time,Divorced,No,No,Other,Yes,0
1Z48AB88SL,51,87472,53445,531,56,1,22.08,48,0.74,High School,Part-time,Married,No,Yes,Other,No,0
RMC7VZGRWR,59,69804,79186,381,112,2,22.55,48,0.67,High School,Self-employed,Divorced,Yes,Yes,Other,No,0
ORU6OFQA0W,67,116875,219295,779,33,2,7.18,48,0.72,Bachelor's,Self-employed,Single,Yes,Yes,Business,Yes,0
W3TYUQL7MH,56,84260,105649,484,115,3,21.95,36,0.49,High School,Unemployed,Single,Yes,Yes,Other,Yes,0
8DC1VJ09SP,55,35556,198044,607,89,2,4.24,48,0.6,Master's,Part-time,Married,No,No,Business,Yes,0
G5GVBTRR11,46,41013,78324,521,14,3,8.26,36,0.4,Bachelor's,Full-time,Married,No,Yes,Other,Yes,0
4BNS6NSXZ5,40,38480,244892,613,9,3,11.35,12,0.83,Bachelor's,Unemployed,Married,No,No,Auto,No,0
S1HUZY40L9,45,33660,184941,599,33,4,13.9,36,0.56,High School,Part-time,Divorced,Yes,No,Other,No,0
4X16P27CMU,35,81050,140210,333,36,1,4.51,24,0.2,Bachelor's,Full-time,Married,Yes,No,Education,Yes,0
1L6IB24JPG,19,147845,185179,346,80,4,12.95,12,0.52,High School,Part-time,Single,No,No,Other,Yes,0
8PIWGYNB3R,65,116823,77530,820,100,3,7.58,36,0.34,Bachelor's,Part-time,Divorced,Yes,No,Education,No,0
80OTYQO60U,36,45154,54617,831,34,4,5.54,60,0.79,PhD,Self-employed,Divorced,No,Yes,Other,No,0
715LGG3OFN,52,109254,19267,529,30,2,3.66,48,0.73,Bachelor's,Self-employed,Married,No,No,Other,Yes,0
YJTVQ0XNBT,46,88454,31266,635,57,2,17.76,48,0.55,PhD,Unemployed,Married,Yes,Yes,Other,No,0
KSFRPJYWDN,33,146459,235119,344,39,3,9.4,24,0.61,Master's,Full-time,Single,Yes,No,Other,No,0
BLZTYPQWR9,68,148016,23404,787,14,3,3.55,36,0.23,Bachelor's,Full-time,Married,Yes,Yes,Other,Yes,0
FG5RIYCL6J,26,118635,26192,335,73,1,10.29,12,0.57,High School,Self-employed,Married,No,No,Home,Yes,0
C52IH859Y4,43,85906,136109,794,22,4,14.52,36,0.3,High School,Self-employed,Single,Yes,No,Home,Yes,0
FF4EO5R0LY,47,59685,57540,765,101,3,4.46,36,0.31,Bachelor's,Part-time,Single,Yes,No,Home,No,0
JRQYDOLPIJ,19,42187,36293,694,79,4,18.94,60,0.24,Bachelor's,Full-time,Divorced,Yes,No,Auto,No,0
RMR0O9UJ97,19,131402,14457,392,70,1,9.51,60,0.13,Master's,Unemployed,Married,Yes,No,Other,Yes,1
4BHZVBM4W3,19,99670,218162,841,111,2,15.89,60,0.59,Bachelor's,Self-employed,Married,No,No,Auto,Yes,0
4MRU44OQ69,24,21699,57072,673,36,4,2.71,36,0.11,Master's,Self-employed,Single,No,No,Business,No,0
HEV4N3NDK7,59,134367,113571,764,98,2,16.47,60,0.16,High School,Unemployed,Divorced,Yes,Yes,Home,No,0
W1GF18A3RK,46,144850,144803,683,77,3,24.76,60,0.35,PhD,Self-employed,Divorced,Yes,Yes,Education,Yes,0
7S9LM7CMDB,66,65597,90592,333,56,4,3.97,24,0.83,High School,Full-time,Divorced,Yes,No,Business,No,0
QIWH1VJGTW,65,18581,109142,636,116,2,22.74,60,0.49,PhD,Part-time,Divorced,No,Yes,Auto,Yes,0
TB997RNK16,57,132586,106512,697,50,4,22.38,24,0.33,High School,Self-employed,Married,No,No,Other,No,0
E2GTTKMLJV,24,22501,244711,744,76,4,23.18,12,0.2,High School,Full-time,Divorced,Yes,Yes,Other,Yes,0
LATPRGQZQY,37,129891,222979,603,26,2,13.44,36,0.57,Bachelor's,Unemployed,Married,Yes,Yes,Home,Yes,0
CDR36N5872,38,40133,233771,609,16,1,18.74,24,0.74,PhD,Full-time,Married,Yes,Yes,Home,No,0
YMWWBG07UY,26,111041,74520,801,91,2,18.31,24,0.23,Bachelor's,Unemployed,Married,Yes,Yes,Home,Yes,0
PJSX9O2NCC,33,36647,138880,468,39,1,21.59,12,0.31,High School,Full-time,Single,No,No,Business,No,0
7RNVAZGHJS,49,121064,119033,617,50,4,16.07,36,0.43,PhD,Part-time,Married,Yes,No,Business,Yes,0
PJJRCCRV7Y,53,118129,202985,532,110,3,2.05,24,0.13,High School,Full-time,Single,No,No,Business,No,0
C26VNIFMWI,23,17721,218809,459,10,1,23.62,48,0.11,High School,Unemployed,Married,No,Yes,Auto,Yes,1
VZG26GNKX6,36,148927,134591,367,72,2,4.08,12,0.33,High School,Unemployed,Divorced,Yes,No,Home,No,0
SLH25BIY9I,47,56392,123471,418,65,2,18.74,36,0.49,Bachelor's,Self-employed,Divorced,Yes,No,Home,No,0
XMKMTT7R1H,23,107997,93634,541,56,4,5.48,48,0.45,High School,Full-time,Divorced,Yes,Yes,Other,No,0
3S3XOO060Y,68,146889,242820,569,4,3,15.83,12,0.29,Bachelor's,Part-time,Married,No,No,Auto,No,0
MXIT4BL8UQ,67,86247,248173,454,28,3,5.29,36,0.58,Master's,Full-time,Divorced,No,No,Education,Yes,0
EGIWRRU0M0,54,105663,85187,321,113,2,5.78,24,0.89,High School,Self-employed,Married,No,No,Business,Yes,0
ALMLX9IA40,47,19757,168410,498,106,1,6.39,36,0.1,Master's,Full-time,Single,No,Yes,Home,Yes,0
PJPJ46X4WC,28,78277,145024,629,92,2,6.35,12,0.2,PhD,Part-time,Single,Yes,Yes,Other,Yes,0
Z18HHOACWG,27,52526,123869,569,56,4,19.14,12,0.9,PhD,Unemployed,Single,Yes,No,Other,Yes,0
1FAQ1P9W3Q,26,53811,186310,695,43,3,21.88,36,0.14,High School,Self-employed,Single,No,Yes,Other,Yes,0
B0PZ9DRXPK,42,50245,177848,588,21,1,11.88,48,0.38,PhD,Full-time,Married,Yes,No,Education,No,0
KQIXI6G2LT,52,23892,245944,664,41,3,12.55,24,0.89,PhD,Self-employed,Divorced,Yes,No,Auto,No,0
H9WTWQ2HJG,35,115882,40973,431,54,1,23.51,12,0.11,Bachelor's,Unemployed,Divorced,Yes,Yes,Home,Yes,1
ONVGZRZSZ5,51,25099,6466,353,14,1,24.72,12,0.82,Master's,Full-time,Married,Yes,No,Education,Yes,0
4BRZ2G7SML,27,141242,215869,739,76,3,6.58,60,0.5,Bachelor's,Full-time,Divorced,Yes,Yes,Auto,No,0
ZBZ7VJTH5L,64,19849,98605,838,45,4,9.14,12,0.4,Master's,Self-employed,Married,Yes,Yes,Auto,Yes,0
QZDJDE937I,37,142829,171201,433,56,1,4.5,48,0.73,PhD,Unemployed,Single,No,Yes,Education,Yes,0
RKX9VA4S8C,38,29175,155372,378,116,3,10.23,24,0.14,Master's,Part-time,Married,No,Yes,Education,No,0
G5WNEO4250,29,78340,182232,707,67,3,16.98,60,0.86,Master's,Unemployed,Married,No,No,Business,No,1
SAGKFQTI2V,32,100877,55224,626,10,1,5.01,12,0.86,Bachelor's,Part-time,Single,Yes,Yes,Other,Yes,0
YZGD84O009,56,142835,50450,584,27,4,11.46,60,0.46,Bachelor's,Unemployed,Divorced,No,Yes,Education,Yes,0
DJW8DGDB61,57,145016,198940,559,76,1,9.96,36,0.18,High School,Self-employed,Married,Yes,No,Business,Yes,0
YNV0HER5ZJ,57,85220,226270,370,115,1,10.67,48,0.44,High School,Full-time,Divorced,Yes,Yes,Home,Yes,0
6W1WOUBWNC,51,45976,156405,641,10,1,3.92,12,0.87,PhD,Full-time,Divorced,Yes,No,Education,No,0
L39K0EZG6R,33,45334,217796,458,6,1,19.58,48,0.62,Bachelor's,Full-time,Single,No,No,Other,No,0
2OXKKM03ZQ,34,134570,118472,453,105,2,17.71,36,0.13,Bachelor's,Part-time,Single,Yes,No,Education,No,0
OAO1NVJUNR,44,89172,120903,612,75,4,9.51,48,0.49,Bachelor's,Self-employed,Single,Yes,Yes,Other,No,0
RU4JUJV7DH,60,130591,192420,517,43,3,2.94,12,0.43,Bachelor's,Self-employed,Divorced,No,No,Home,No,0
DI5HVO7C92,37,115454,183263,846,106,4,5.95,36,0.86,Master's,Full-time,Married,No,Yes,Other,No,0
RM8TQ0YDOO,29,83889,239057,333,47,2,8.89,12,0.82,High School,Unemployed,Divorced,Yes,Yes,Home,Yes,0
W2U6PRCY40,44,115638,175034,353,31,3,18.28,60,0.45,High School,Part-time,Divorced,Yes,No,Home,No,0
FZTB4DBI1S,23,124861,201863,809,110,4,17.3,36,0.87,High School,Full-time,Divorced,No,No,Home,No,0
2U8NGQ137F,25,66998,131082,759,12,4,10.21,48,0.45,Bachelor's,Full-time,Divorced,Yes,Yes,Other,No,0
QDO17OI5DT,32,65608,155848,592,69,2,24.66,24,0.78,Bachelor's,Unemployed,Divorced,No,No,Other,Yes,1
TU9YDY9KR7,37,25346,103576,389,22,1,17.79,48,0.41,Master's,Self-employed,Single,Yes,No,Auto,No,0
RL39ULL4XE,62,21482,158254,510,114,1,19.31,48,0.13,PhD,Part-time,Single,No,Yes,Education,Yes,0
JONWLRS6SP,32,136312,29048,794,92,4,4.2,48,0.22,Master's,Unemployed,Single,No,Yes,Education,Yes,0
01J1ERYN83,31,89228,129813,427,71,2,16.15,36,0.86,High School,Unemployed,Married,Yes,Yes,Business,Yes,0
BGTBYC676M,51,16828,61303,769,107,4,20.98,12,0.21,Master's,Full-time,Divorced,No,Yes,Education,Yes,0
O49VQZ42AC,31,25006,204097,356,76,1,19.86,12,0.78,PhD,Full-time,Single,No,Yes,Auto,Yes,1
GQRBJ9U1GO,64,93091,7151,845,32,2,11.29,60,0.75,Bachelor's,Full-time,Divorced,No,No,Education,Yes,0
AH4B0PKYX6,39,70875,237918,765,42,2,17.48,48,0.85,Master's,Self-employed,Married,Yes,Yes,Home,No,0
PZWX83CJQQ,19,33583,60742,458,65,2,9.63,12,0.85,PhD,Part-time,Divorced,No,No,Other,Yes,1
F1YR1NCQLB,63,96293,158271,541,9,4,6.21,12,0.48,Bachelor's,Self-employed,Divorced,Yes,Yes,Business,No,0
TSIWBRL7JI,59,103427,249847,811,98,1,24.19,36,0.26,High School,Part-time,Married,Yes,Yes,Home,Yes,0
7UGV5BQZQZ,62,125525,66972,532,39,1,11.77,60,0.63,Bachelor's,Part-time,Single,No,No,Auto,No,0
SXDLU59FWV,21,22247,176848,497,22,4,19.69,36,0.13,PhD,Self-employed,Married,Yes,Yes,Auto,Yes,0
LFCESK706J,51,106369,160336,636,17,3,6.87,36,0.47,PhD,Part-time,Divorced,Yes,No,Education,No,0
H7Z4Z8PP0Y,50,100619,45233,356,109,3,13.68,48,0.7,Bachelor's,Unemployed,Divorced,Yes,No,Auto,Yes,0
9UPMMOXX1J,44,74527,61746,811,101,3,2.53,12,0.68,High School,Unemployed,Single,No,No,Other,No,0
FU5YFLS614,21,123846,146518,836,66,2,6.78,12,0.56,Bachelor's,Self-employed,Married,No,Yes,Education,No,0
Q7KCVN27N8,56,59479,245513,686,38,3,11.71,12,0.27,High School,Unemployed,Single,Yes,Yes,Education,No,0
9WHCUZPZ2G,66,144317,127592,847,32,2,18.84,12,0.65,Master's,Unemployed,Divorced,Yes,Yes,Home,Yes,0
0MI16M2SYB,34,51454,78557,312,9,3,6.69,48,0.1,Master's,Part-time,Married,No,No,Other,No,0
G75KJTHKVT,26,112431,244083,557,22,1,3.28,36,0.27,High School,Full-time,Single,Yes,No,Business,Yes,0
1ZD8MUVZAX,50,25190,158214,509,8,1,3.29,12,0.27,Bachelor's,Full-time,Single,Yes,No,Home,No,0
SLNS0DZQU8,68,112223,223520,335,72,3,13.77,36,0.79,Bachelor's,Unemployed,Single,No,Yes,Other,Yes,0
NZMN9YGYDX,56,137998,199263,770,106,3,13.73,48,0.85,Master's,Part-time,Single,Yes,No,Other,Yes,0
QNEDHLX7LB,52,119865,163307,807,99,2,12.01,48,0.35,PhD,Part-time,Divorced,No,No,Education,Yes,0
ET711ZGF2X,36,68216,78401,839,13,2,4.34,60,0.81,High School,Full-time,Married,Yes,No,Other,No,0
OJDPCR4F6Z,63,46242,122728,565,76,1,17.11,36,0.63,Master's,Self-employed,Single,No,No,Business,Yes,0
J9XLCF7FQ9,34,113319,154425,752,13,2,14.84,48,0.65,Bachelor's,Self-employed,Married,No,Yes,Other,No,1
I2JD8LKMAW,64,24867,102321,415,117,2,13.7,60,0.84,Bachelor's,Self-employed,Single,No,Yes,Home,No,0
6TDEDI960M,57,54807,165853,642,113,4,17.95,12,0.37,Master's,Part-time,Divorced,Yes,No,Home,No,0
P3L1UJ3GJT,30,30212,208809,441,109,2,5.97,12,0.42,High School,Self-employed,Divorced,No,No,Auto,Yes,0
5461ETJ7WC,58,105339,221028,530,52,3,6.25,36,0.4,Bachelor's,Self-employed,Married,Yes,No,Other,No,0
PJFBACJA36,63,142220,158888,824,16,1,17.24,24,0.63,PhD,Unemployed,Divorced,Yes,No,Education,Yes,0
NGMKLCTD2E,55,108212,113851,462,5,1,8.74,48,0.34,Master's,Unemployed,Married,No,No,Auto,No,0
OOCY60RXQ1,18,69113,143490,737,101,3,16.85,12,0.39,High School,Unemployed,Single,No,No,Other,Yes,0
JPOHWJFPJJ,67,80930,138084,564,85,1,23.33,60,0.55,High School,Full-time,Married,Yes,Yes,Home,Yes,0
Q4WD72NN53,20,63397,207306,819,69,1,11.47,60,0.33,High School,Full-time,Divorced,Yes,Yes,Education,No,1
57X2O2R479,39,68059,145380,308,80,1,2.9,36,0.47,Bachelor's,Self-employed,Single,Yes,Yes,Education,Yes,0
RCT3EVLLZ3,34,72660,124952,576,3,2,22.29,12,0.86,Master's,Unemployed,Married,Yes,No,Other,Yes,0
ZSIILCVG8P,34,135230,94749,484,48,1,7.28,60,0.18,PhD,Part-time,Divorced,No,No,Auto,No,0
SSTH8IRF8C,21,125976,28753,802,101,4,20.93,36,0.42,Master's,Self-employed,Married,No,Yes,Business,Yes,0
VE4W5C33AR,43,50782,172606,515,57,3,4.15,24,0.89,Master's,Self-employed,Married,No,Yes,Other,Yes,0
22HVVI5JOF,19,57562,38768,339,67,3,21.0,60,0.82,High School,Self-employed,Married,No,No,Home,Yes,0
UYI3BPQUXB,66,92122,143322,760,93,2,9.34,24,0.54,High School,Unemployed,Divorced,No,Yes,Home,No,0
X2YK7YZCFC,51,33220,28769,513,25,3,14.31,12,0.1,Bachelor's,Part-time,Divorced,Yes,Yes,Auto,Yes,0
XE3JM4X8FH,62,98661,33903,823,1,3,23.11,60,0.82,Master's,Part-time,Divorced,No,No,Other,No,1
U8WQ8HBAWH,52,57939,113266,677,114,3,15.45,24,0.61,Bachelor's,Part-time,Married,Yes,No,Education,Yes,0
51LUQY1YGL,38,80942,57084,726,48,4,4.53,36,0.51,High School,Unemployed,Single,Yes,Yes,Other,Yes,0
8ZRCY50OJR,46,110752,181511,717,31,2,24.37,36,0.71,Bachelor's,Part-time,Single,Yes,No,Auto,Yes,0
ALQCSPJ373,58,132996,163102,736,38,4,10.35,12,0.59,PhD,Unemployed,Single,No,Yes,Auto,No,0
F3YA95VKPU,34,118371,65113,836,23,1,19.59,36,0.46,Bachelor's,Unemployed,Married,No,Yes,Education,No,0
L7ZW84LEWW,31,81892,177534,464,40,3,24.42,24,0.85,PhD,Full-time,Divorced,No,Yes,Business,No,0
8A0JQ9F77N,43,78764,160805,768,118,2,10.93,48,0.25,Bachelor's,Full-time,Married,Yes,Yes,Home,Yes,0
QR0LZ3MSKV,25,88753,32129,335,5,3,21.84,60,0.82,Bachelor's,Part-time,Married,Yes,No,Education,No,1
DUQ43CYVRD,59,45550,74393,344,30,2,7.58,60,0.14,Bachelor's,Self-employed,Married,No,No,Home,No,0
SS57D500G4,61,147034,191504,833,60,3,5.08,24,0.29,PhD,Full-time,Divorced,No,No,Home,Yes,0
7Y9CBTWF1U,43,27492,151715,455,42,3,16.5,24,0.53,PhD,Full-time,Married,Yes,Yes,Auto,No,1
YMNYOMM7KD,46,71095,85158,775,96,4,19.08,24,0.3,High School,Unemployed,Divorced,No,No,Home,No,0
59D475ORTA,67,26888,71133,338,98,4,6.67,12,0.59,PhD,Full-time,Divorced,Yes,No,Education,Yes,0
SK0Q8W3IVD,26,108945,33614,617,59,2,14.11,60,0.86,High School,Unemployed,Divorced,No,No,Auto,Yes,0
JGNJGDZB2X,28,61078,39857,593,80,2,5.64,24,0.7,PhD,Full-time,Married,Yes,No,Other,Yes,0
LNI5H1M6KZ,64,83746,94969,381,68,3,7.89,36,0.1,PhD,Self-employed,Divorced,No,No,Education,Yes,0
HENIB8BK4A,59,102548,248232,353,23,1,20.57,60,0.62,High School,Full-time,Divorced,No,Yes,Auto,No,0
A2N0C2TLIA,69,55016,180061,384,0,1,3.68,36,0.13,High School,Part-time,Divorced,Yes,No,Business,Yes,0
883V5HL0J2,45,86463,152458,803,29,1,22.88,24,0.54,PhD,Self-employed,Divorced,Yes,Yes,Education,Yes,0
GUS9WTA07U,61,33438,248275,314,55,3,12.72,12,0.52,High School,Part-time,Married,Yes,No,Business,Yes,0
O43YARCGB3,63,106550,224136,528,26,2,3.99,48,0.82,Master's,Unemployed,Divorced,Yes,Yes,Home,No,0
Z2AHW7IH6Q,38,109218,190874,407,22,4,18.43,60,0.11,PhD,Unemployed,Married,No,Yes,Other,Yes,0
UWVHT1WRWL,18,86789,194667,668,11,4,24.86,24,0.46,Bachelor's,Part-time,Single,No,Yes,Home,No,0
UAZBCTZBUM,33,101879,214814,628,21,4,16.43,60,0.59,High School,Part-time,Married,Yes,Yes,Education,Yes,0
IT9FTMBKVR,37,131933,141650,487,5,3,22.71,24,0.52,PhD,Part-time,Married,No,No,Other,No,1
OFEDDTMQWK,60,77497,109914,712,10,1,11.9,48,0.5,Bachelor's,Unemployed,Divorced,Yes,Yes,Business,No,0
IVD7JRR1T9,57,76540,146967,357,36,3,8.84,24,0.59,Bachelor's,Self-employed,Single,No,Yes,Auto,Yes,0
76O14TBKNR,45,29002,188200,645,17,3,18.06,60,0.68,Bachelor's,Unemployed,Married,Yes,Yes,Home,Yes,1
U448931PEO,34,52827,50581,630,35,1,12.32,24,0.67,Master's,Self-employed,Single,Yes,Yes,Other,Yes,0
0JK2B2HBUN,45,94244,151722,678,101,4,13.18,36,0.82,Master's,Self-employed,Single,Yes,No,Home,No,0
9F7RW4R36B,68,48314,183783,599,108,4,8.57,48,0.8,PhD,Full-time,Divorced,No,No,Education,Yes,0
04SQHJJCO8,45,113032,44971,560,39,4,4.21,36,0.34,PhD,Full-time,Married,No,No,Business,Yes,0
B1I3VGKG3O,35,120471,82222,382,72,1,16.61,24,0.22,PhD,Self-employed,Married,No,No,Auto,Yes,0
Z78CMP79DC,27,84999,48295,320,1,4,14.74,60,0.4,Bachelor's,Part-time,Single,Yes,Yes,Other,Yes,0
N48LWHNAOA,34,134967,75842,643,78,2,9.48,60,0.4,Bachelor's,Full-time,Divorced,Yes,Yes,Auto,Yes,0
3YU0Y7IT2E,49,19616,6798,370,119,4,2.34,48,0.53,Bachelor's,Unemployed,Divorced,Yes,Yes,Home,Yes,0
ALG7DPVRTN,40,116382,61040,687,66,2,2.98,48,0.6,PhD,Full-time,Married,No,No,Education,No,0
471VFOFT4J,47,83806,26196,782,84,4,6.74,24,0.28,High School,Unemployed,Single,No,No,Home,Yes,0
SH3UMT37HC,57,141265,72864,344,23,3,5.96,12,0.33,Bachelor's,Part-time,Divorced,No,Yes,Business,No,0
9B26UB3EAM,36,137966,176159,771,15,1,15.89,12,0.15,Master's,Full-time,Married,Yes,No,Business,Yes,0
2T0BASTM5V,50,145527,137619,485,36,3,4.31,24,0.43,PhD,Full-time,Married,No,No,Home,No,0
G4OOTQA235,55,72557,70791,594,116,1,23.0,48,0.88,PhD,Self-employed,Divorced,No,Yes,Other,Yes,0
AH100P1CAS,55,112188,136082,481,98,2,2.5,36,0.31,Bachelor's,Unemployed,Single,No,Yes,Education,Yes,0
FOEAJ4A9PX,26,63606,131155,567,28,2,6.22,48,0.4,PhD,Part-time,Married,Yes,Yes,Business,No,0
XKNQ27RJWK,29,134576,44351,736,71,2,21.97,12,0.68,High School,Self-employed,Single,No,Yes,Auto,No,0
CUTIZOKKTK,37,146553,51774,822,2,1,4.74,12,0.33,Bachelor's,Part-time,Married,No,No,Business,No,0
RZ08XM1KXW,51,29767,117646,423,69,1,12.27,60,0.5,Master's,Part-time,Single,Yes,No,Home,No,0
82D2MINXEM,57,140136,171528,424,76,2,7.65,36,0.23,PhD,Self-employed,Single,Yes,No,Business,Yes,0
JDB0B9TBWB,58,112389,55062,728,7,3,16.9,24,0.65,Bachelor's,Part-time,Married,Yes,No,Auto,Yes,0
0DVQ6BGBDX,27,113108,15587,575,15,3,7.02,48,0.85,Master's,Self-employed,Divorced,Yes,Yes,Education,Yes,0
IFYTK93EVN,47,65321,129075,675,52,1,3.6,48,0.77,High School,Unemployed,Married,No,No,Auto,Yes,0
A27NNQMK5D,66,39876,74451,781,14,1,4.28,48,0.37,Master's,Unemployed,Divorced,Yes,No,Home,Yes,0
O92M3IRHOG,33,28316,146812,729,13,4,3.9,60,0.74,PhD,Part-time,Single,Yes,No,Auto,Yes,1
W2PK8X13GY,29,28643,54153,842,78,3,24.12,48,0.31,Master's,Full-time,Divorced,Yes,Yes,Education,No,0
DQV6JGTNE1,47,54556,145372,655,43,2,7.98,60,0.42,PhD,Unemployed,Single,Yes,No,Other,No,0
JWR8Y2EFR9,33,144961,167257,404,70,4,22.8,24,0.71,Master's,Self-employed,Married,Yes,Yes,Other,No,0
ZOVV12QM4N,46,114669,100577,608,110,2,11.89,48,0.6,Bachelor's,Full-time,Divorced,Yes,No,Education,No,0
PQS68378IE,34,75538,209073,647,101,2,8.67,48,0.22,Bachelor's,Self-employed,Married,No,Yes,Education,No,0
DU9JYD8T3M,49,123096,133361,816,75,4,7.12,36,0.81,PhD,Part-time,Married,No,Yes,Business,Yes,0
6YOQPJ3244,26,36374,158601,498,0,3,18.39,48,0.49,Bachelor's,Full-time,Married,Yes,Yes,Other,No,1
7JSCF7KEOS,61,17409,7605,304,53,4,8.56,12,0.5,High School,Unemployed,Single,No,No,Auto,Yes,0
R36ZSXQRHN,61,97860,224557,327,93,3,23.93,60,0.35,PhD,Full-time,Divorced,Yes,Yes,Other,Yes,0
KTAMD50ROY,60,135335,90777,436,10,4,4.01,60,0.12,PhD,Full-time,Married,No,Yes,Other,No,0
LF41YPUWWB,52,111322,163956,741,111,4,14.93,36,0.18,High School,Full-time,Single,No,Yes,Auto,No,0
C844C0SY8D,68,53396,188727,521,36,4,14.61,24,0.46,PhD,Part-time,Married,No,Yes,Education,No,0
WK1YMQ724J,59,46023,205876,481,52,1,14.9,48,0.84,Bachelor's,Full-time,Single,Yes,Yes,Auto,No,0
2D54VZ9QTB,44,121134,203681,823,1,4,5.2,36,0.16,PhD,Part-time,Divorced,No,Yes,Home,No,0
GUI3BHCJ6P,25,58359,204856,320,99,4,9.2,36,0.59,High School,Unemployed,Single,No,No,Auto,No,0
7MSTEQDN3J,27,34841,106551,592,68,4,9.82,24,0.55,PhD,Full-time,Single,Yes,Yes,Other,Yes,0
30DMBTSJD5,23,37055,247647,486,26,1,20.96,36,0.78,Master's,Unemployed,Divorced,Yes,Yes,Auto,No,0
44N7L10XSI,34,49843,5912,717,27,1,5.83,24,0.16,High School,Part-time,Divorced,Yes,Yes,Auto,Yes,0
TWFJYB6C88,33,46664,17196,472,88,3,8.45,48,0.87,Master's,Part-time,Divorced,Yes,Yes,Auto,Yes,0
TKY8VT7J7L,29,141858,28675,401,74,3,17.28,36,0.23,Bachelor's,Part-time,Single,Yes,No,Other,No,0
5ZDGCOA52S,49,94924,157248,574,34,2,24.75,12,0.6,Master's,Unemployed,Divorced,Yes,Yes,Business,No,0
IHDNKD6RB0,23,69478,33473,320,98,2,22.64,24,0.34,Master's,Part-time,Single,No,No,Home,Yes,0
DGBCS1O7TU,21,51999,243018,377,111,3,22.7,48,0.38,Bachelor's,Full-time,Divorced,No,Yes,Auto,No,0
PC9SVFEHGI,54,60330,15716,315,0,2,16.44,36,0.2,High School,Part-time,Single,No,No,Business,No,0
BMJIOAK34L,26,113831,38222,457,59,4,22.57,24,0.72,PhD,Self-employed,Married,No,No,Education,Yes,0
DVOI2K7IQS,40,95675,237929,651,64,3,11.55,48,0.67,Bachelor's,Part-time,Divorced,No,No,Home,No,1
I40D9G2TCQ,21,110645,158222,481,56,3,18.58,24,0.62,PhD,Part-time,Married,No,Yes,Other,No,0
J4KG6UA9YL,59,134593,210230,769,41,4,3.97,36,0.4,Bachelor's,Full-time,Married,No,No,Education,No,0
91P99UJ0TJ,57,92096,190519,319,68,3,7.16,60,0.25,PhD,Part-time,Single,No,No,Education,Yes,1
248OZ6AA4Z,65,133329,141488,303,61,3,19.81,24,0.66,PhD,Self-employed,Divorced,No,Yes,Auto,No,0
IENHOLIWJA,62,78905,86973,513,112,1,20.03,60,0.8,Master's,Self-employed,Single,Yes,No,Home,Yes,0
8P0B617960,34,17508,182065,349,81,2,13.41,60,0.27,Master's,Part-time,Single,Yes,No,Business,Yes,1
PUFHW8NTBB,18,67086,179693,536,68,3,12.27,36,0.41,PhD,Unemployed,Divorced,No,No,Home,No,1
8UA2YN46C4,41,144321,43211,495,29,3,17.32,60,0.24,Master's,Unemployed,Single,No,No,Education,No,0
JVPGLVIJMT,18,31719,79829,448,1,1,16.8,48,0.34,Master's,Full-time,Married,No,No,Home,No,0
8PXW1Y3C2N,46,143891,94740,706,66,1,10.15,36,0.47,PhD,Full-time,Divorced,No,No,Auto,No,0
OKC9JEGQGQ,39,22847,225629,353,62,3,19.64,60,0.57,Bachelor's,Self-employed,Single,Yes,Yes,Education,No,1
FQNTBEIFJG,56,80604,13994,673,1,3,22.11,24,0.39,Master's,Self-employed,Single,Yes,No,Education,Yes,0
TGTIJ6IMOI,20,26431,154726,614,39,2,20.15,36,0.36,PhD,Self-employed,Divorced,Yes,No,Business,No,1
P6M7Y1PEIP,67,98211,53542,798,25,3,3.33,48,0.76,Master's,Part-time,Single,Yes,Yes,Auto,No,0
AT13UVQDGQ,57,60616,237170,733,46,2,17.35,12,0.5,Bachelor's,Part-time,Single,Yes,No,Business,Yes,0
13XAQG5AG6,57,73627,169437,820,87,4,8.42,12,0.32,PhD,Full-time,Married,No,Yes,Other,Yes,0
9Y26UWRPWQ,34,125890,233803,777,40,4,6.19,36,0.49,Master's,Unemployed,Divorced,No,No,Home,Yes,1
HQ5S27S7EX,48,98867,74381,594,109,3,15.24,24,0.8,Master's,Full-time,Single,No,Yes,Auto,No,0
DOPU11T1PO,50,44158,35838,775,6,3,20.22,60,0.22,High School,Part-time,Married,No,Yes,Auto,No,0
EWEG6F3H41,27,141202,175365,571,42,1,15.19,24,0.24,Bachelor's,Part-time,Single,Yes,No,Education,No,0
CZQ485OY3Y,44,134221,114095,690,109,1,21.7,24,0.64,High School,Self-employed,Divorced,Yes,Yes,Home,Yes,0
BZD6TCOX2B,33,130525,148080,698,62,3,23.07,24,0.34,Master's,Full-time,Single,No,No,Other,No,0
FPDDIZOC23,42,141244,171717,598,58,4,8.43,24,0.82,Bachelor's,Part-time,Divorced,No,Yes,Other,No,0
QIK2FA0NL7,68,107835,101861,648,69,3,3.56,48,0.85,High School,Unemployed,Single,Yes,Yes,Other,No,0
HU0YI91V7I,66,92768,85762,326,56,4,3.32,12,0.66,Master's,Self-employed,Divorced,No,Yes,Other,No,0
F9LKR5AW1W,60,148535,166632,642,79,2,24.06,24,0.73,PhD,Full-time,Married,No,Yes,Home,No,0
NNC2POH1TN,24,122455,96851,387,116,2,13.11,24,0.14,PhD,Unemployed,Single,Yes,Yes,Auto,Yes,0
C9SUZV3Y51,57,148240,234692,800,1,3,2.21,12,0.7,Bachelor's,Self-employed,Divorced,No,Yes,Business,Yes,0
SLZ51VNV62,22,133137,244171,638,8,4,20.84,24,0.56,High School,Full-time,Single,No,No,Home,No,0
4OO2S2ZLPH,32,66915,17284,370,61,1,8.41,60,0.17,Master's,Full-time,Married,No,No,Other,Yes,0
W96BEAPYIM,30,76205,149921,842,1,2,9.62,24,0.87,Bachelor's,Part-time,Married,No,Yes,Other,No,0
U676WAGFC5,23,63773,36628,792,75,1,13.8,24,0.62,High School,Unemployed,Married,No,No,Education,No,0
TBRII60XEA,22,91391,249316,810,88,4,20.1,24,0.1,High School,Self-employed,Divorced,No,No,Business,No,1
333634TEBK,42,129156,180019,798,99,4,3.04,12,0.43,Bachelor's,Part-time,Divorced,No,Yes,Home,No,0
E3QJPVAWKZ,66,49358,38221,673,5,3,16.18,12,0.43,Bachelor's,Unemployed,Single,Yes,Yes,Business,No,0
0VAX1Y0IFG,34,52458,242498,694,95,1,11.01,60,0.18,High School,Full-time,Married,No,No,Business,No,0
F3ES4M0935,47,90856,216864,472,46,4,20.96,24,0.19,PhD,Self-employed,Divorced,Yes,Yes,Auto,Yes,0
7ZYKIC4HRC,59,106869,62219,422,81,3,6.88,24,0.88,PhD,Self-employed,Married,No,Yes,Business,No,0
FJAWMP9R1O,19,93180,90742,465,115,2,20.81,48,0.67,Bachelor's,Self-employed,Married,No,Yes,Other,Yes,0
9CBZGHV75X,35,122940,121177,802,11,1,4.81,24,0.2,High School,Self-employed,Divorced,Yes,Yes,Business,No,0
5OREUO4FJK,52,23345,120141,602,76,1,18.19,24,0.67,Bachelor's,Self-employed,Married,Yes,No,Auto,No,0
CFZ419PH7I,23,145966,43255,490,32,4,9.62,36,0.75,Bachelor's,Self-employed,Divorced,Yes,No,Home,Yes,0
3OEIPJMX9U,23,147812,75086,693,62,4,8.1,60,0.27,PhD,Self-employed,Married,Yes,Yes,Other,No,0
PKLQD86D2H,64,33516,117084,615,35,4,16.83,36,0.32,PhD,Part-time,Single,No,No,Auto,Yes,0
D7H5LQ8WJV,38,133497,26180,457,73,1,14.85,12,0.23,PhD,Part-time,Single,Yes,Yes,Auto,No,0
PK0Y09399W,19,43384,84412,325,95,4,12.29,12,0.47,PhD,Self-employed,Married,Yes,Yes,Other,No,0
5D5KW58EEE,53,71649,33112,361,43,2,7.58,60,0.82,High School,Part-time,Married,Yes,Yes,Auto,Yes,0
MI2YR04ID5,63,133902,44561,569,19,2,18.18,48,0.29,High School,Self-employed,Divorced,Yes,Yes,Home,No,1
YF33HSR2RQ,62,83474,113416,679,49,1,2.35,48,0.2,PhD,Unemployed,Married,No,No,Other,Yes,1
1534SXM35S,51,142347,97197,730,82,3,8.84,36,0.58,Master's,Self-employed,Single,No,No,Education,Yes,0
2MFHYKYRM3,23,80473,48424,585,67,3,6.98,24,0.5,PhD,Full-time,Married,Yes,No,Education,Yes,0
4OKPD0UOQ5,31,120642,57001,847,52,4,12.01,24,0.3,High School,Unemployed,Single,No,No,Auto,Yes,0
IMS1U4LQQR,24,116391,145681,724,82,4,14.21,36,0.85,Bachelor's,Self-employed,Married,No,No,Other,Yes,0
7LFJJ13DPE,57,29493,117036,749,17,3,15.46,24,0.18,High School,Unemployed,Single,No,Yes,Other,No,0
OLYSCZ8E54,45,17428,137264,417,119,4,23.09,60,0.75,Master's,Part-time,Divorced,Yes,Yes,Other,Yes,0
L320YDVVSE,29,116346,207881,356,102,1,24.94,24,0.24,PhD,Part-time,Single,No,Yes,Auto,No,0
25BXBKG8UJ,53,125193,173719,540,95,4,7.98,36,0.38,PhD,Full-time,Single,No,Yes,Education,No,0
T32IZGG7XO,26,24673,68552,334,6,2,17.33,48,0.47,High School,Full-time,Divorced,Yes,Yes,Home,Yes,0
T41IYFKOSL,47,92638,94962,623,9,2,7.26,36,0.28,Bachelor's,Unemployed,Single,Yes,Yes,Business,Yes,0
HKG3GE82L3,26,15010,143550,492,76,4,13.82,60,0.46,PhD,Part-time,Married,Yes,No,Business,No,0
C47M1FDLTT,45,57163,226910,817,21,2,12.98,36,0.21,Master's,Unemployed,Single,Yes,Yes,Education,Yes,1
SAYJ46OQ34,40,130047,227969,817,58,1,12.31,60,0.68,PhD,Part-time,Divorced,No,No,Other,No,0
RKC2955RWY,22,72427,144014,551,40,1,7.92,48,0.25,PhD,Unemployed,Divorced,Yes,Yes,Education,Yes,0
DALDC6UWDF,48,41666,63096,745,33,3,22.31,36,0.58,Bachelor's,Full-time,Single,Yes,Yes,Other,No,0
AMXCP5C1UR,34,32698,192771,366,95,4,8.94,48,0.49,Bachelor's,Self-employed,Divorced,Yes,No,Other,Yes,0
5N6G53KE6V,39,92908,215597,449,12,2,21.89,36,0.74,PhD,Self-employed,Married,Yes,Yes,Auto,No,0
NRW3ICCA60,63,66203,204006,597,9,2,16.55,24,0.25,Bachelor's,Unemployed,Single,No,No,Business,No,0
Q8B90MJZYF,24,111125,224727,582,110,4,5.06,24,0.12,High School,Full-time,Single,Yes,No,Other,No,0
QBV2DNPC1T,43,124567,220151,310,48,4,15.31,48,0.2,High School,Part-time,Married,No,No,Auto,No,0
NLCDFDBXPS,28,39249,210175,304,80,3,18.79,48,0.38,High School,Full-time,Single,No,No,Other,Yes,0
UYQBAZF8P5,58,132884,201909,500,36,1,19.11,60,0.71,High School,Unemployed,Married,No,No,Other,Yes,0
93XZX1G740,27,64797,210756,346,17,3,6.35,24,0.87,Master's,Unemployed,Divorced,Yes,No,Auto,No,0
LGR2KNQJ7L,37,135031,148473,782,63,4,20.11,36,0.3,High School,Full-time,Divorced,No,Yes,Other,No,0
7L4YMXBO4T,68,36471,133332,625,99,3,7.18,24,0.72,Master's,Self-employed,Divorced,No,No,Other,No,0
JLJXJA1G1C,37,130758,160562,356,75,1,19.28,60,0.45,High School,Self-employed,Married,Yes,Yes,Auto,Yes,0
K33GO6T2OP,25,97857,78600,784,57,1,13.25,36,0.37,Master's,Full-time,Married,No,No,Auto,No,0
RZ4EQ80YGQ,42,109409,77081,336,40,1,10.02,36,0.21,Bachelor's,Full-time,Divorced,No,No,Other,No,0
ZFXQW4WXDV,21,106422,248413,844,60,1,20.78,48,0.73,Bachelor's,Part-time,Single,No,Yes,Business,Yes,0
T29Q1SV27F,38,23794,44007,463,27,2,8.29,48,0.68,Bachelor's,Self-employed,Married,No,No,Business,No,0
GZ6S0D4R53,63,106418,85994,781,22,2,11.52,36,0.15,Bachelor's,Unemployed,Divorced,No,Yes,Business,Yes,0
E4D0HDFATW,63,132054,213496,541,89,2,7.22,36,0.74,PhD,Full-time,Divorced,Yes,No,Auto,Yes,0
G4DFRXSGU2,49,99990,67034,451,40,2,2.07,12,0.85,PhD,Unemployed,Married,No,Yes,Auto,Yes,0
35GRV2X981,27,93891,129101,820,103,3,12.76,48,0.49,Bachelor's,Part-time,Single,Yes,Yes,Home,Yes,1
4G5BTGVO8Y,55,112521,143982,613,26,4,24.72,12,0.25,Master's,Full-time,Married,Yes,Yes,Home,Yes,0
GPW268WJLW,29,101782,150023,715,106,2,23.17,36,0.88,PhD,Unemployed,Single,Yes,Yes,Other,No,1
S3OQLC60G4,34,144793,149763,736,48,1,18.83,12,0.37,Bachelor's,Part-time,Divorced,Yes,No,Auto,No,0
SPAR868I40,51,144232,119610,371,9,1,8.48,12,0.26,Master's,Unemployed,Divorced,No,Yes,Education,Yes,0
YHM9403QZU,18,76655,109723,568,48,4,17.47,12,0.41,Bachelor's,Unemployed,Married,No,No,Education,Yes,0
DJ5RI9WT30,23,114506,101599,568,110,1,13.83,48,0.29,Bachelor's,Unemployed,Divorced,Yes,Yes,Business,No,0
HGLQVSHP0E,45,125971,20079,433,58,4,8.64,24,0.81,High School,Self-employed,Divorced,Yes,No,Education,Yes,0
R2ME3A4MCW,54,125122,10011,373,18,4,10.77,48,0.42,Bachelor's,Full-time,Single,No,Yes,Auto,No,0
HP5FQQ9JB4,18,129709,177727,533,15,1,9.68,24,0.53,Bachelor's,Unemployed,Divorced,No,Yes,Other,Yes,0
DR7GHNVHL5,60,86657,154996,391,64,1,7.16,60,0.8,Master's,Part-time,Single,No,No,Home,Yes,0
RO9AV7CAMD,18,96730,44218,422,10,2,2.14,12,0.45,High School,Self-employed,Single,Yes,Yes,Other,No,1
T8H79U1TS7,51,31079,215813,818,86,1,17.34,12,0.53,PhD,Unemployed,Divorced,Yes,No,Business,Yes,0
1ZI8TOEQIK,20,123713,54269,665,88,1,12.04,60,0.17,High School,Self-employed,Divorced,Yes,No,Other,No,0
K73TEPVGY3,44,77116,169075,847,77,1,22.2,36,0.79,High School,Self-employed,Married,Yes,Yes,Other,No,0
MO3K4WWQ83,47,60122,186962,608,38,3,4.96,60,0.82,PhD,Part-time,Divorced,Yes,Yes,Education,No,0
L26MHDO65Q,27,114526,205127,779,6,3,10.03,48,0.11,Master's,Full-time,Divorced,No,Yes,Home,Yes,1
GVFTUUC3EH,42,143324,126678,406,54,4,5.36,24,0.36,Master's,Full-time,Married,Yes,Yes,Auto,Yes,0
GJ4LY6B1Y3,57,130023,167063,415,100,3,20.54,36,0.7,PhD,Self-employed,Married,Yes,No,Other,No,0
6J3LHY0KID,59,19732,101290,812,22,2,7.61,24,0.73,Bachelor's,Part-time,Single,No,Yes,Home,Yes,0
RWJ9DK0SGJ,68,124822,199893,450,109,1,16.6,24,0.69,PhD,Part-time,Divorced,No,No,Auto,Yes,0
JZUKOYHXEM,26,27847,9223,836,22,4,16.65,60,0.7,High School,Unemployed,Single,Yes,Yes,Auto,No,1
WLOKIT375F,28,103593,112214,361,94,2,22.15,36,0.16,Bachelor's,Part-time,Divorced,No,Yes,Auto,No,0
4Z33F8YF6X,19,76805,64966,665,45,3,17.54,36,0.44,High School,Part-time,Single,Yes,No,Other,No,0
0GAPCX5337,52,44392,19750,446,19,1,18.67,12,0.24,PhD,Part-time,Single,No,Yes,Other,No,0
YLJUY3MIVE,32,55852,173641,531,62,1,22.17,48,0.31,PhD,Unemployed,Divorced,No,No,Other,Yes,0
77H3KMW9VK,39,91667,114851,430,38,2,20.38,36,0.44,PhD,Part-time,Married,No,No,Home,Yes,0
1Z2HC4PC4E,64,40154,118026,461,9,3,7.88,24,0.37,Master's,Unemployed,Single,Yes,No,Business,No,1
NZ2EGTPNVU,61,104325,133298,608,47,4,7.95,24,0.17,PhD,Part-time,Married,Yes,Yes,Education,No,0
E7AS94T3Q5,27,80283,96813,360,47,4,4.19,36,0.51,Bachelor's,Part-time,Single,No,Yes,Auto,No,0
5N6OTMW4D1,68,39678,88639,638,25,1,23.43,48,0.16,Bachelor's,Part-time,Married,Yes,Yes,Auto,Yes,0
MSR3JCJJ4S,62,25292,148357,447,66,3,18.36,60,0.16,High School,Full-time,Married,Yes,Yes,Auto,No,0
LPUNIBSAH6,56,71751,108843,436,90,4,13.42,24,0.86,High School,Full-time,Married,No,No,Home,No,0
5IGDNHNESO,38,76388,96292,717,109,2,2.96,60,0.59,PhD,Full-time,Single,Yes,Yes,Home,No,0
D178NKYDKE,68,110691,109005,534,66,4,6.96,36,0.79,Bachelor's,Self-employed,Divorced,Yes,Yes,Business,Yes,0
YTW357AJJO,50,79580,13472,374,54,3,2.3,24,0.77,Bachelor's,Self-employed,Divorced,Yes,Yes,Education,Yes,0
SQUYXBJOFB,36,118598,42440,464,14,1,5.19,24,0.47,PhD,Part-time,Married,Yes,Yes,Business,No,0
QXH9BUD89O,26,116978,42094,546,3,2,21.05,36,0.83,High School,Self-employed,Single,No,Yes,Home,Yes,1
QSR06QDQ5T,61,47623,14186,761,69,4,18.1,36,0.56,PhD,Full-time,Divorced,No,Yes,Auto,Yes,0
4XVV6PX89W,46,118401,79016,757,27,3,5.79,12,0.58,PhD,Full-time,Married,Yes,Yes,Business,Yes,0
WAZ5IUJKKM,55,34914,126032,494,100,1,21.17,48,0.69,Master's,Unemployed,Divorced,No,No,Other,No,0
DBC2BB2VJE,29,62369,36268,805,66,2,5.87,36,0.35,PhD,Part-time,Married,Yes,Yes,Education,No,0
F4R2HGZGRP,52,147739,92200,674,78,3,21.79,12,0.69,PhD,Part-time,Married,Yes,No,Education,Yes,0
KDHW192JJB,54,18654,79507,624,37,4,20.51,48,0.53,PhD,Unemployed,Divorced,Yes,Yes,Other,No,0
HYI69QSOW8,51,115108,172117,622,70,1,4.22,36,0.51,Master's,Self-employed,Single,No,No,Other,No,0
Z9XNZB9D9U,36,117925,37501,655,71,3,21.17,48,0.46,High School,Full-time,Divorced,No,No,Business,No,0
AWI8WTJDNL,20,64142,51472,349,64,1,6.11,12,0.5,Bachelor's,Full-time,Single,Yes,No,Home,No,1
VCHBBEH8X8,41,145387,229843,706,40,4,17.75,12,0.31,High School,Full-time,Divorced,No,No,Education,Yes,0
OMGXVA3B76,47,40793,21586,655,38,1,22.42,12,0.67,Bachelor's,Full-time,Divorced,No,Yes,Business,No,0
9YUU357IDN,35,79726,148751,427,56,3,18.15,60,0.38,PhD,Full-time,Single,Yes,Yes,Business,Yes,0
W8DAVMSUK6,26,32927,202345,702,99,2,16.11,12,0.22,Master's,Part-time,Single,Yes,No,Home,No,1
EO4AMWZZCP,57,21549,151686,635,52,2,9.2,12,0.71,Master's,Part-time,Divorced,Yes,Yes,Business,Yes,0
696QAD04WQ,36,17038,189106,553,3,3,18.36,36,0.41,PhD,Self-employed,Married,Yes,Yes,Business,No,1
EKWQC920ZS,31,147001,146204,542,95,1,19.17,60,0.38,Bachelor's,Unemployed,Married,No,No,Education,No,0
TYEQ7QHL10,36,78659,38151,752,108,2,22.26,24,0.77,Master's,Unemployed,Married,No,No,Business,Yes,0
FJHSPI6SHR,53,16256,42914,371,25,3,20.24,24,0.48,Master's,Unemployed,Divorced,No,No,Home,No,0
VUK9HJI7YU,29,112962,35286,733,93,1,20.54,24,0.54,PhD,Self-employed,Married,Yes,Yes,Education,No,0
Y8B84YJYV5,50,78755,106444,453,50,3,7.43,48,0.83,Bachelor's,Self-employed,Divorced,No,Yes,Home,No,0
I893Z1HWHG,57,54283,214079,576,49,1,21.95,36,0.13,High School,Self-employed,Married,Yes,No,Home,No,1
IXKJ2DKWD0,56,24404,187692,436,5,3,6.8,60,0.37,Bachelor's,Self-employed,Divorced,Yes,No,Other,No,0
BN3Y78D78C,21,85773,93618,838,74,3,21.18,12,0.46,PhD,Self-employed,Married,No,No,Auto,Yes,0
339DBXAKMM,22,68024,142394,425,65,3,24.02,36,0.7,PhD,Self-employed,Single,Yes,Yes,Education,Yes,1
NJQAJNDSH2,66,31599,198502,630,81,3,7.41,24,0.46,Master's,Self-employed,Married,Yes,Yes,Home,Yes,0
XNZX6BS7F1,26,73346,235603,591,55,1,3.27,60,0.57,Bachelor's,Part-time,Divorced,No,Yes,Auto,Yes,0
JRSXAZ3CYC,62,102372,172342,738,23,4,10.76,36,0.77,Bachelor's,Full-time,Single,Yes,Yes,Home,Yes,0
1XLD8RGCJH,35,92994,246971,706,100,4,7.18,36,0.14,Master's,Part-time,Divorced,Yes,No,Business,Yes,0
61J2EWX979,64,132751,186589,792,56,4,8.55,48,0.45,Master's,Part-time,Divorced,Yes,No,Education,Yes,0
CSLS95X5XO,49,83304,223598,652,58,3,14.34,36,0.83,High School,Unemployed,Divorced,Yes,No,Education,No,0
0V74VEESZG,40,84380,75069,323,25,3,8.08,36,0.69,Bachelor's,Self-employed,Married,No,Yes,Auto,No,0
PHN09PAT6J,60,35832,44584,542,11,2,21.96,24,0.36,High School,Full-time,Single,Yes,Yes,Education,Yes,0
LVHO9LNQEF,67,65044,218539,510,6,1,13.58,12,0.67,High School,Part-time,Married,No,Yes,Business,Yes,0
NOQGAWNA57,53,77823,249128,411,101,3,17.4,60,0.44,High School,Full-time,Divorced,Yes,Yes,Auto,No,0
VZJ74IXA0G,46,128348,52139,825,70,1,15.87,60,0.77,Bachelor's,Self-employed,Married,Yes,No,Education,No,0
GU49QAI9VM,42,109688,64331,451,1,3,19.58,24,0.77,Bachelor's,Unemployed,Single,No,Yes,Auto,Yes,1
6JP247ALUB,65,31478,134132,739,62,4,14.79,60,0.4,PhD,Unemployed,Divorced,No,No,Business,Yes,0
U35UITI58E,34,99251,69345,352,6,1,6.93,60,0.78,PhD,Full-time,Married,Yes,No,Auto,No,0
FRRC7V27VV,18,125300,201028,412,58,1,9.19,48,0.43,High School,Unemployed,Single,No,No,Home,No,0
HGL1JUMUM5,24,69382,205159,414,17,1,12.32,12,0.65,Bachelor's,Self-employed,Single,No,Yes,Home,Yes,0
QR8NOZLQUW,66,16946,155902,416,31,2,13.8,36,0.6,High School,Full-time,Single,Yes,No,Education,No,0
VY9QD8CDM6,35,41991,204680,697,4,3,9.59,24,0.82,PhD,Self-employed,Divorced,No,No,Education,No,1
YEKANMS9UE,67,18949,83863,530,36,1,16.3,36,0.27,PhD,Self-employed,Single,No,No,Home,Yes,0
FJF2AR35CE,51,141339,173734,838,94,1,16.31,24,0.8,PhD,Part-time,Married,Yes,No,Business,No,0
7609YQ5BZC,29,133135,181191,611,77,1,10.7,12,0.61,High School,Part-time,Single,Yes,No,Business,No,1
973563V62I,32,72606,109774,458,37,4,21.2,48,0.84,PhD,Self-employed,Married,No,Yes,Other,No,0
7FT8ATJ4LB,32,134344,86719,503,110,1,22.26,12,0.71,PhD,Unemployed,Divorced,No,Yes,Education,No,0
V973NDNLZF,37,120316,224209,838,96,1,19.22,12,0.55,Master's,Unemployed,Married,No,No,Home,No,0
1LTK7AKX6H,40,79900,225000,656,64,2,12.99,24,0.72,Master's,Unemployed,Single,Yes,No,Education,Yes,0
YHP82ZO8IG,26,147476,200986,813,103,3,8.74,60,0.89,PhD,Part-time,Single,Yes,No,Business,Yes,0
FGYK7CSAV4,35,70670,42795,402,87,3,6.79,60,0.47,High School,Part-time,Married,No,Yes,Education,Yes,0
XUGPJPSP36,22,128410,142542,696,18,3,2.08,48,0.17,PhD,Part-time,Single,No,Yes,Home,No,0
YER0MWT5R2,68,85653,206785,808,59,3,19.72,60,0.39,High School,Part-time,Married,No,Yes,Home,No,0
YS8YQOTB42,66,99350,58810,591,79,4,18.45,48,0.64,High School,Unemployed,Single,No,Yes,Other,Yes,0
3TH05VOB2L,53,54777,207702,800,0,4,24.88,48,0.46,Master's,Unemployed,Married,No,Yes,Auto,No,0
M1P2WEAVU5,64,57767,158549,621,110,2,22.61,12,0.13,High School,Part-time,Divorced,Yes,Yes,Auto,Yes,0
X1LY1D8UKS,49,59771,94115,575,12,4,11.09,12,0.76,Master's,Self-employed,Divorced,No,No,Other,Yes,0
SJ58YMEYVN,59,46298,120303,407,62,1,10.39,60,0.68,Master's,Unemployed,Married,Yes,No,Other,No,0
SSDN2TXOOW,54,99550,159314,450,6,4,20.05,36,0.53,Bachelor's,Unemployed,Married,No,Yes,Home,No,0
LLWN1QNF5Q,45,15869,100461,577,68,4,19.35,48,0.61,High School,Part-time,Single,Yes,No,Auto,Yes,0
U1525GF7S1,26,111147,98430,493,54,3,4.49,12,0.22,High School,Part-time,Married,No,No,Business,No,0
DWELBMW7FE,63,78809,196666,562,26,3,17.65,36,0.54,PhD,Self-employed,Divorced,No,No,Education,No,0
YB3FYK357K,20,85864,73334,559,117,2,7.48,36,0.43,Master's,Self-employed,Divorced,Yes,No,Business,Yes,0
KBK3TUFRZ9,55,41023,230395,656,108,4,19.12,36,0.29,PhD,Unemployed,Divorced,No,No,Other,No,0
W4YFB9FC0J,43,23742,110639,673,69,4,6.72,36,0.42,PhD,Part-time,Single,No,No,Home,No,0
ZM1Q8C45F9,53,81960,146557,634,110,4,19.52,12,0.64,PhD,Self-employed,Married,No,Yes,Auto,Yes,0
ZD844GHE2S,28,16114,83333,516,29,1,23.58,60,0.54,Master's,Unemployed,Divorced,Yes,Yes,Home,No,0
2EAXQX0Z6Z,52,99779,126290,552,47,4,8.59,12,0.51,Master's,Part-time,Divorced,No,No,Other,Yes,0
FK45E0QQ7O,43,98426,57766,413,60,4,4.73,60,0.44,Master's,Unemployed,Single,No,Yes,Other,No,0
8EQUKOUXTT,63,31012,112734,499,48,1,9.13,36,0.11,High School,Full-time,Single,No,No,Other,No,0
LAD7DO6FAA,28,89198,163388,623,64,4,16.05,48,0.21,Bachelor's,Self-employed,Divorced,No,No,Other,No,0
UN7Q7L1B7L,63,19588,160544,664,113,3,4.22,48,0.81,Bachelor's,Full-time,Married,Yes,No,Business,No,0
1JUN72CXT1,19,106317,6155,491,32,3,20.67,36,0.39,Bachelor's,Part-time,Single,No,Yes,Business,No,0
0L7PO59OP3,46,110702,193282,594,14,1,22.54,12,0.34,PhD,Part-time,Divorced,No,Yes,Home,Yes,0
UDDJELVIL2,57,143063,36476,678,101,2,16.79,24,0.24,PhD,Self-employed,Divorced,Yes,Yes,Business,Yes,0
ILLGVW2OB6,34,61885,242711,711,15,3,10.33,36,0.7,PhD,Full-time,Single,No,No,Education,Yes,0
RKGYUN2C5O,19,92081,43659,377,9,4,14.39,12,0.2,PhD,Unemployed,Divorced,Yes,Yes,Auto,No,0
6LHME9YMU2,61,61171,172032,335,48,1,24.33,12,0.67,High School,Unemployed,Divorced,Yes,No,Business,No,0
8PRKMCRL49,40,121707,85305,778,95,3,4.33,24,0.43,High School,Self-employed,Single,Yes,Yes,Education,Yes,0
V254MH3JY8,22,52756,181055,317,12,4,18.18,60,0.6,Bachelor's,Part-time,Divorced,Yes,No,Education,No,1
TMYTMJOP2U,64,102333,9085,545,73,2,7.53,24,0.49,High School,Self-employed,Married,Yes,No,Education,Yes,0
79CDCIOQYA,32,141483,47872,631,24,4,16.54,12,0.86,Master's,Unemployed,Married,Yes,Yes,Home,No,0
2IJJPHR30L,56,75449,57783,789,69,4,15.84,24,0.57,Bachelor's,Self-employed,Single,Yes,Yes,Auto,Yes,0
MOEWL6PJA6,50,123535,73915,541,4,3,18.63,12,0.38,Bachelor's,Self-employed,Married,No,No,Home,No,0
9DASXQHHL7,32,18936,174722,817,41,3,20.09,24,0.73,PhD,Part-time,Divorced,No,Yes,Education,Yes,0
4AX7QXUQRH,42,109730,79827,476,29,2,22.07,12,0.67,High School,Self-employed,Married,Yes,Yes,Other,No,0
SH7G2GAOT0,35,82198,57083,787,50,1,3.13,48,0.8,High School,Part-time,Single,Yes,No,Other,Yes,0
WARKQNH0KB,63,35462,208408,764,98,4,3.7,12,0.52,High School,Self-employed,Single,No,No,Home,Yes,0
573OKM80TZ,30,75029,12785,715,8,1,3.51,12,0.49,PhD,Full-time,Single,No,Yes,Other,No,0
GSQIL1ZYDH,40,130612,53234,539,18,3,12.83,60,0.65,Master's,Self-employed,Single,Yes,No,Education,No,0
6B3R4F14AY,40,16969,101689,487,33,1,5.43,48,0.63,High School,Part-time,Married,Yes,Yes,Business,Yes,0
LG1D1XXE71,65,15449,91328,307,89,1,10.04,48,0.47,PhD,Full-time,Divorced,Yes,Yes,Home,No,0
RMPTOFYBRY,21,113255,43542,590,62,2,24.53,60,0.61,Master's,Self-employed,Married,Yes,No,Home,No,0
OMN7ASEJSD,20,111871,155695,816,28,3,16.85,36,0.34,High School,Part-time,Single,No,Yes,Other,Yes,0
L0VY2OXWZI,18,35607,23518,413,70,3,18.79,24,0.61,Bachelor's,Self-employed,Single,Yes,Yes,Education,Yes,0
7J5JPRG4ZH,31,35614,73881,426,57,3,15.68,48,0.82,High School,Part-time,Married,Yes,Yes,Education,Yes,0
2N4VP3SOY6,44,99465,206873,539,26,2,10.59,48,0.19,Bachelor's,Full-time,Divorced,Yes,Yes,Education,No,0
QNHOQUHNRH,42,74269,169482,404,17,4,20.96,60,0.49,Bachelor's,Unemployed,Divorced,No,Yes,Other,Yes,0
XKAVK5I8CT,50,139679,185518,654,119,2,13.32,24,0.18,Master's,Unemployed,Married,No,Yes,Business,Yes,0
L72ZM802UU,20,25161,97372,419,100,3,7.25,24,0.12,Bachelor's,Unemployed,Divorced,Yes,No,Business,Yes,0
BNYYP58T3F,36,142665,212245,558,83,3,2.52,60,0.63,PhD,Full-time,Married,No,Yes,Home,Yes,0
TIVCFVGD1A,50,33924,60186,777,103,4,10.28,24,0.61,High School,Self-employed,Divorced,Yes,Yes,Education,No,0
WJPE1EID4F,25,60585,55694,829,73,3,11.92,60,0.57,High School,Part-time,Married,Yes,No,Other,Yes,0
2ATEIK7YJM,64,72541,240297,750,109,3,7.58,48,0.36,High School,Unemployed,Single,Yes,No,Home,Yes,0
Q1WVIHQC49,21,138680,101688,500,5,2,9.44,12,0.36,PhD,Unemployed,Married,No,No,Other,Yes,1
1FN8DZPCX5,25,83962,35233,529,70,3,22.46,36,0.51,High School,Full-time,Married,No,Yes,Other,No,1
S06Q2YLZML,39,29473,51748,609,5,4,19.4,36,0.89,Bachelor's,Part-time,Married,Yes,Yes,Auto,No,1
NRV71KSQ5V,23,111641,226258,599,87,3,21.99,12,0.32,Bachelor's,Unemployed,Divorced,No,No,Other,No,0
KNL9MERCG9,64,143432,89886,574,101,4,18.04,12,0.29,High School,Self-employed,Married,Yes,Yes,Education,No,0
ETQ0NU54LW,36,56572,123163,751,89,4,23.36,12,0.17,High School,Part-time,Married,No,No,Auto,No,0
JJZEHZOKGY,25,111709,141890,652,44,2,7.01,60,0.55,Master's,Full-time,Married,Yes,Yes,Education,Yes,0
F8IUNSOYB2,18,21341,218012,320,116,4,2.26,48,0.56,Bachelor's,Full-time,Married,Yes,Yes,Auto,No,0
E0LB4BIYNR,42,64553,143062,383,43,4,16.42,24,0.73,Bachelor's,Full-time,Married,Yes,No,Other,Yes,0
6AYKQTRG3Q,54,27189,205964,671,93,2,3.62,24,0.72,PhD,Self-employed,Married,Yes,Yes,Business,No,0
CKPZ988X1R,60,92286,107501,659,107,3,10.7,12,0.57,High School,Self-employed,Single,Yes,Yes,Business,No,0
LU243OG3ZK,62,21000,58018,672,112,1,13.82,24,0.27,PhD,Self-employed,Single,Yes,No,Auto,No,0
SSE5V56FPC,30,70005,147623,452,93,3,9.62,48,0.25,PhD,Part-time,Married,No,Yes,Education,Yes,0
T58MCUUQ59,60,113762,196200,325,45,2,10.5,24,0.26,PhD,Full-time,Married,No,No,Education,Yes,0
AHCHPWDC3X,64,54659,67893,438,61,4,20.56,24,0.85,Bachelor's,Full-time,Married,No,Yes,Home,No,0
IDF35LGZ82,36,129557,15070,396,50,4,20.51,60,0.35,PhD,Part-time,Single,Yes,No,Auto,Yes,0
6YKJ3RRYQV,59,112162,5413,397,45,4,14.77,48,0.38,High School,Unemployed,Divorced,Yes,No,Other,No,0
L4ZZ8WZIEP,35,95429,41603,504,27,4,17.47,24,0.26,Master's,Part-time,Married,Yes,No,Other,No,0
A6N9XAM9F4,59,71772,57397,592,72,4,22.55,24,0.46,Master's,Full-time,Divorced,No,No,Other,Yes,1
7TG99UVOOX,50,72740,102106,749,31,4,10.69,24,0.25,Bachelor's,Full-time,Married,Yes,Yes,Home,No,0
9CP0ZI3W4V,29,123808,219298,485,5,4,2.74,24,0.72,High School,Full-time,Divorced,No,No,Education,Yes,0
ZD5X5A08P8,45,52527,63786,550,53,3,5.3,60,0.46,High School,Self-employed,Married,No,Yes,Business,No,0
CTK9NUUSB7,61,115191,71090,366,12,4,24.36,60,0.68,Bachelor's,Part-time,Married,Yes,No,Home,No,0
XIM20MJPQ0,33,136417,139796,565,14,2,12.63,60,0.11,Master's,Full-time,Single,Yes,No,Home,No,0
9NZTSMXTND,21,135328,229193,574,118,2,5.76,24,0.88,PhD,Self-employed,Divorced,Yes,Yes,Auto,Yes,0
81KPVTDWHG,36,117715,219879,332,118,4,4.21,48,0.27,Bachelor's,Unemployed,Single,Yes,Yes,Education,No,0
QZFQN980G3,65,96799,45674,346,55,1,23.34,12,0.16,High School,Part-time,Single,Yes,Yes,Home,Yes,0
92UEGWSFWR,59,85801,198755,720,33,3,4.68,24,0.27,Bachelor's,Unemployed,Married,Yes,Yes,Business,Yes,0
S0PV2XQM5X,43,19488,231452,489,35,2,6.96,24,0.1,PhD,Full-time,Single,Yes,No,Education,Yes,0
7L56KUBV1M,55,144408,22526,738,71,1,17.74,36,0.88,Bachelor's,Part-time,Divorced,No,No,Other,Yes,0
BZKV8I1DIS,19,93126,108589,830,113,4,18.66,48,0.63,PhD,Unemployed,Divorced,No,Yes,Education,No,0
55VDWL8XDK,37,112551,82032,400,17,4,2.55,24,0.43,High School,Self-employed,Single,Yes,No,Home,No,0
T164K1X5RG,61,83058,202611,596,35,4,18.57,24,0.9,PhD,Unemployed,Divorced,Yes,No,Business,Yes,1
F8HY2NMYQZ,63,101530,106051,687,51,4,7.25,60,0.68,High School,Full-time,Divorced,No,Yes,Home,No,0
4IAUX4IM3V,21,22425,136761,617,114,3,24.44,60,0.38,PhD,Self-employed,Single,Yes,Yes,Auto,No,0
RFL9DYKDLN,43,78009,219344,436,79,2,13.82,36,0.73,PhD,Self-employed,Divorced,No,Yes,Education,No,0
3TDKOLFC2Q,68,98034,235934,403,101,2,19.62,48,0.61,PhD,Unemployed,Single,No,No,Other,No,0
14TW505UG4,38,120445,70505,374,53,1,10.54,24,0.74,Master's,Part-time,Divorced,No,No,Education,No,0
VXAIYA21FH,30,19045,9065,331,61,3,22.53,24,0.29,Bachelor's,Unemployed,Single,No,No,Business,Yes,0
K3AOQHAXB9,23,103616,9677,700,100,3,8.47,36,0.87,High School,Full-time,Divorced,No,No,Business,No,0
9459H0MV6C,36,68423,81992,753,105,4,15.86,24,0.88,PhD,Part-time,Single,No,Yes,Business,Yes,0
F17TU85X83,66,125148,16493,531,30,4,10.72,24,0.8,PhD,Full-time,Married,No,No,Education,No,0
QNEHNB1K0B,50,113036,147815,435,25,3,16.62,36,0.14,High School,Part-time,Single,No,No,Auto,Yes,0
4RHK4ZJRQ0,47,144718,29499,792,86,2,13.5,60,0.87,Master's,Part-time,Divorced,No,No,Other,Yes,0
WN0NT652AZ,57,26027,139481,795,61,3,17.57,48,0.45,Bachelor's,Unemployed,Married,Yes,No,Business,Yes,0
430YYQ6H8C,64,102324,239813,396,79,3,10.39,48,0.86,Bachelor's,Self-employed,Divorced,Yes,No,Other,No,0
GNAAE77I9B,36,89027,238921,589,99,3,9.76,48,0.67,PhD,Self-employed,Divorced,Yes,Yes,Business,No,0
ECJQRUDD09,40,74154,28470,538,35,3,18.17,12,0.35,Master's,Self-employed,Divorced,Yes,Yes,Other,Yes,0
YOPE2ZUHGN,36,35839,233950,836,74,3,5.78,12,0.5,Bachelor's,Full-time,Divorced,No,Yes,Home,No,0
7HSON3PMCO,37,51108,64667,368,94,4,2.42,60,0.34,PhD,Self-employed,Married,Yes,No,Education,Yes,0
P4BMEI9KQB,49,43450,212534,593,114,2,15.4,12,0.84,Master's,Unemployed,Divorced,No,Yes,Home,Yes,0
7M7JJOBFNZ,50,32034,53161,820,108,3,24.12,60,0.81,Master's,Full-time,Married,Yes,No,Other,Yes,0
0H6AE6DBQC,38,63216,249173,664,109,2,12.29,36,0.29,PhD,Full-time,Married,Yes,No,Other,Yes,0
8B0YXG8YN1,19,118020,179127,425,25,2,10.19,60,0.62,High School,Self-employed,Divorced,Yes,Yes,Auto,Yes,0
GLA1IFXSEJ,18,67857,5920,445,35,2,20.38,48,0.63,Master's,Unemployed,Divorced,Yes,No,Education,Yes,0
C82OUAM7R2,49,111156,168108,573,28,1,18.99,60,0.39,Bachelor's,Self-employed,Married,No,Yes,Business,Yes,0
JZL3KXPNC0,60,126074,37081,845,116,4,10.25,36,0.65,PhD,Unemployed,Single,Yes,Yes,Education,Yes,0
77NVLGC2XC,25,20067,6642,818,105,3,19.6,60,0.29,PhD,Part-time,Divorced,No,No,Other,No,0
W59343HOF1,57,104849,98281,467,46,3,17.36,36,0.71,High School,Unemployed,Divorced,No,Yes,Business,No,0
CEDDF6H8L8,26,87573,118911,383,99,2,9.47,12,0.17,Bachelor's,Self-employed,Divorced,Yes,Yes,Home,Yes,0
6IOJA8Q1WC,24,104829,54723,666,5,1,22.73,36,0.36,High School,Full-time,Single,No,Yes,Auto,No,0
AE59ZDKXY4,53,137261,108393,323,103,4,13.18,48,0.82,Bachelor's,Unemployed,Divorced,Yes,Yes,Auto,Yes,0
UZ8ZIF5M8Q,44,54455,126222,664,87,3,13.2,48,0.65,Master's,Part-time,Married,No,No,Home,No,0
TS0NMIZKZ8,21,112912,132749,497,91,2,11.26,12,0.64,High School,Full-time,Single,No,No,Education,No,0
7CEU376PMS,45,77126,180125,638,43,1,24.55,60,0.56,Master's,Self-employed,Married,Yes,Yes,Home,Yes,0
0CEKH7RUML,20,133065,133882,598,105,4,10.17,60,0.74,High School,Self-employed,Married,No,No,Home,Yes,0
6KUNLV32FW,57,71786,153205,418,29,4,3.38,12,0.81,Master's,Self-employed,Single,Yes,Yes,Auto,No,0
VN80ALPVFR,19,134630,42623,692,52,3,24.97,60,0.84,Bachelor's,Unemployed,Divorced,No,No,Auto,Yes,0
LNNKV7ZT2Q,65,32717,115106,427,67,3,21.53,12,0.33,High School,Full-time,Married,Yes,Yes,Home,No,0
UCUED7QEJF,26,122066,96845,538,6,4,4.26,48,0.13,High School,Self-employed,Single,No,No,Education,Yes,0
8M8VHJ0ADW,45,42728,245637,451,96,4,22.76,24,0.72,Bachelor's,Self-employed,Divorced,No,Yes,Business,No,0
LIJGEFX3NQ,63,77166,100872,425,77,4,22.25,60,0.23,PhD,Full-time,Married,Yes,No,Auto,Yes,0
13CDQFAJE6,67,101520,217947,783,5,4,6.53,24,0.3,Bachelor's,Self-employed,Married,No,No,Education,No,0
88A8IUA8R7,40,94428,127464,542,62,4,8.08,60,0.89,Master's,Part-time,Single,No,No,Business,Yes,0
1UULVLA86F,68,110166,167375,802,73,2,22.95,60,0.88,High School,Full-time,Divorced,Yes,No,Education,No,0
R2YQ9Z799L,47,106157,163691,640,49,3,21.33,24,0.51,Master's,Full-time,Single,No,Yes,Home,Yes,0
OU0X3V8E5B,27,24199,232636,364,30,2,23.44,24,0.51,High School,Self-employed,Married,No,No,Other,Yes,1
GMHOQIJ3JR,60,111608,247279,325,17,1,16.95,48,0.35,PhD,Full-time,Married,Yes,Yes,Other,No,0
48A5D94WIZ,30,56005,209223,458,18,4,11.9,60,0.18,Master's,Part-time,Divorced,No,No,Education,Yes,0
QG6OLO4HKL,68,115589,31169,740,117,2,21.35,48,0.22,High School,Full-time,Divorced,Yes,Yes,Business,Yes,0
90KV5GCOQQ,18,49487,5518,445,33,3,13.39,12,0.62,High School,Self-employed,Divorced,No,No,Home,Yes,0
V7LR9K1ILT,49,120517,69874,315,90,1,18.24,12,0.52,PhD,Self-employed,Single,Yes,No,Home,Yes,0
TY5QII4L7U,47,30771,189027,714,65,1,21.26,24,0.66,PhD,Unemployed,Married,Yes,Yes,Other,Yes,0
QAQCCGBEGA,22,24618,102003,580,101,2,3.23,12,0.78,High School,Part-time,Married,Yes,No,Education,No,0
9WYKYY96C1,67,84934,83823,336,47,3,4.39,36,0.65,High School,Self-employed,Single,No,Yes,Other,No,0
4SY2J1SIWL,53,33774,75890,635,113,4,19.79,48,0.14,Master's,Self-employed,Single,Yes,Yes,Auto,Yes,0
3CPK9CPZ6T,22,142633,234832,782,82,1,22.21,60,0.71,PhD,Part-time,Married,No,No,Education,Yes,0
E4DU8E9QXU,60,44335,114247,488,91,1,7.42,60,0.18,Bachelor's,Self-employed,Divorced,No,No,Home,Yes,0
Q1HNPP6C4F,43,103220,196867,846,32,1,2.41,12,0.28,High School,Self-employed,Divorced,No,No,Education,No,0
E2E2MRMWDD,67,133965,46415,797,60,2,23.17,60,0.64,PhD,Part-time,Married,Yes,No,Home,Yes,0
ZOA1G1WTP7,43,117901,12250,574,49,4,2.63,24,0.41,High School,Unemployed,Divorced,Yes,Yes,Auto,Yes,0
IO1U7P6LIC,57,145015,208234,492,82,1,23.34,60,0.3,Master's,Part-time,Divorced,No,No,Education,Yes,0
BO4LQU1ZPF,38,87787,141470,808,67,2,10.54,24,0.3,PhD,Self-employed,Divorced,Yes,No,Business,No,0
H5TFC3XVH9,32,120547,86218,412,77,2,3.59,12,0.4,Master's,Unemployed,Divorced,Yes,No,Home,No,0
MDP5LEIK3D,44,83557,31558,364,44,3,4.73,24,0.82,High School,Unemployed,Single,Yes,Yes,Home,No,0
QGJ1TC4021,22,42844,233133,425,82,2,12.21,60,0.4,Bachelor's,Self-employed,Single,No,Yes,Other,No,0
WZX3VTAZ81,21,148584,207297,524,17,2,14.08,24,0.83,High School,Full-time,Divorced,Yes,Yes,Business,Yes,0
Q35MT53RJ1,56,62344,100309,815,30,1,23.92,48,0.57,Master's,Full-time,Divorced,No,No,Education,Yes,0
PFDH11YCA7,69,125480,119984,839,36,4,11.96,48,0.87,Bachelor's,Unemployed,Single,No,No,Business,No,0
1L2GIO5NB2,64,57022,130256,620,32,1,4.38,12,0.16,Bachelor's,Unemployed,Married,Yes,No,Business,Yes,0
HFXE2G3OIG,38,90549,191985,430,58,3,19.93,24,0.32,Bachelor's,Self-employed,Single,No,No,Auto,Yes,0
Y7T9VT6KCN,48,67026,103675,799,117,2,6.68,24,0.17,Master's,Full-time,Single,No,Yes,Home,Yes,0
WSGTGZTOLO,69,99972,202849,789,40,2,15.23,12,0.72,Master's,Self-employed,Single,Yes,Yes,Other,Yes,0
PCJEXYN8DG,44,125284,51114,533,114,2,3.28,12,0.36,Master's,Unemployed,Married,Yes,Yes,Education,Yes,0
EC0PIXS5LV,20,76113,243890,630,84,3,19.18,48,0.54,Bachelor's,Self-employed,Married,No,Yes,Auto,Yes,0
DGKO22Y7EN,53,65823,215108,709,29,3,12.72,36,0.5,High School,Self-employed,Divorced,Yes,No,Other,No,0
N50ID69W47,41,120608,173818,703,61,3,8.46,36,0.67,High School,Full-time,Single,No,Yes,Home,Yes,0
6LPEJTDYBL,58,67802,242006,780,101,4,6.69,36,0.57,High School,Full-time,Married,No,No,Home,No,0
LAQPS8ZVHN,66,40216,55786,685,89,1,2.27,60,0.48,Bachelor's,Unemployed,Divorced,Yes,Yes,Education,Yes,0
FMH2K6H37A,43,145698,172295,820,100,4,7.48,60,0.39,PhD,Full-time,Divorced,Yes,No,Auto,No,0
Y1Y7LMX1W6,41,97505,227270,495,20,3,23.35,12,0.15,Master's,Full-time,Divorced,No,No,Auto,Yes,0
0F11XJBPYZ,50,133906,168505,394,87,1,7.1,36,0.4,Master's,Self-employed,Divorced,Yes,Yes,Business,Yes,0
ALDKMO35Z5,26,43854,149101,329,62,3,18.94,36,0.83,PhD,Unemployed,Single,No,Yes,Education,No,0
NR6M89QMF7,66,118802,221874,717,82,1,12.77,60,0.15,Master's,Part-time,Divorced,No,No,Home,No,0
5Y7BYEP3PE,23,99131,7712,724,77,2,11.01,48,0.74,Bachelor's,Self-employed,Divorced,No,Yes,Education,Yes,0
D828XE5O2N,18,30661,172518,646,5,3,3.37,60,0.75,Master's,Unemployed,Single,Yes,Yes,Home,Yes,0
S8CAZKQ3LV,38,73317,203795,529,75,2,3.78,48,0.31,PhD,Self-employed,Married,No,No,Other,No,1
76G6STV2C7,60,57230,127527,690,105,3,24.92,48,0.15,Bachelor's,Self-employed,Divorced,Yes,Yes,Other,Yes,0
37C3LLXD3E,27,119005,9727,825,54,3,23.3,60,0.47,Master's,Unemployed,Married,Yes,Yes,Home,No,0
44D0XSHY7M,62,109680,183319,832,13,2,10.56,48,0.67,PhD,Part-time,Single,Yes,No,Home,No,0
Q2L0W607RK,50,66861,119251,839,80,4,20.1,24,0.69,PhD,Unemployed,Single,No,Yes,Home,Yes,0
G4UNNMC9ZB,36,37470,201553,524,49,3,16.17,60,0.55,Master's,Unemployed,Married,No,Yes,Business,No,1
TDBPX2UI37,18,24101,202760,812,29,2,19.55,12,0.51,Bachelor's,Self-employed,Divorced,Yes,No,Business,Yes,1
QU7OC86P1F,61,76065,221084,385,93,4,9.51,24,0.67,Bachelor's,Part-time,Divorced,No,Yes,Home,Yes,0
H4UKOSJTF2,36,148571,85452,760,56,2,3.43,48,0.42,PhD,Part-time,Single,No,Yes,Education,No,0
5B8EK23HS9,62,86943,10463,422,21,4,11.33,24,0.16,Master's,Full-time,Married,No,Yes,Other,No,0
9NQYCK5Z87,56,56098,110379,610,90,3,5.56,48,0.38,Master's,Unemployed,Married,Yes,No,Home,Yes,0
P3AWDXJVO4,53,130392,59568,770,29,4,22.9,60,0.57,Bachelor's,Self-employed,Single,No,Yes,Home,No,0
3N1OFR16CJ,54,49909,227786,604,19,3,15.53,60,0.82,Bachelor's,Full-time,Divorced,Yes,No,Other,Yes,0
XQCTWA2VEG,22,47376,126727,541,71,2,23.83,60,0.69,High School,Full-time,Divorced,No,No,Home,Yes,0
8OSBH0WUUQ,33,65056,91351,423,42,2,3.87,60,0.32,Master's,Full-time,Married,Yes,Yes,Education,No,0
QH3TXAY339,26,125919,137168,540,116,3,24.06,60,0.34,Master's,Unemployed,Single,No,No,Business,No,0
EFEQQPNEWD,44,130185,233966,559,56,2,8.25,60,0.31,Bachelor's,Part-time,Married,No,Yes,Education,Yes,0
7Z7AT5F1G0,27,38484,98969,497,67,2,7.5,24,0.86,Bachelor's,Full-time,Married,Yes,No,Auto,Yes,0
OU052RILTE,68,48095,20612,622,38,2,10.97,60,0.19,Master's,Self-employed,Single,Yes,No,Business,Yes,0
KLC24DWETN,39,97392,129706,576,57,3,4.3,60,0.21,Master's,Unemployed,Married,Yes,No,Business,No,0
M4CMPY47YV,20,83902,96984,727,86,1,3.92,12,0.86,Master's,Part-time,Married,No,Yes,Auto,No,0
Z61Y82208S,38,139476,70956,691,29,4,7.47,36,0.86,Master's,Full-time,Married,Yes,Yes,Auto,No,0
2830FY0UNB,34,70298,45775,645,119,2,9.43,12,0.48,PhD,Full-time,Single,No,Yes,Home,No,0
13ZPRMUH4X,38,40173,42524,742,103,4,9.08,60,0.77,Bachelor's,Full-time,Married,No,No,Home,Yes,0
EWXI86KMTR,49,17705,238322,566,5,4,4.11,48,0.28,High School,Self-employed,Married,No,Yes,Home,Yes,1
JJVYVSL857,21,92451,220891,796,49,2,21.14,36,0.14,Master's,Full-time,Married,Yes,No,Business,No,1
D0F5AR1EM2,66,72004,211549,697,112,1,8.41,60,0.33,High School,Full-time,Married,No,No,Other,No,0
FU7944Z4WZ,58,129073,49292,534,61,1,11.09,60,0.72,Bachelor's,Part-time,Divorced,No,Yes,Business,No,0
DBWIH59O8U,57,102894,115874,369,35,1,3.96,60,0.61,High School,Unemployed,Divorced,No,Yes,Auto,Yes,0
T4XM6X1K4X,37,132337,127712,679,65,4,2.22,36,0.61,Bachelor's,Full-time,Married,No,No,Auto,Yes,0
XNX2XNXE83,57,133397,62345,412,68,4,18.94,60,0.31,Master's,Self-employed,Married,Yes,Yes,Auto,Yes,0
8Z50M3FPHR,63,89878,78370,702,0,2,12.86,12,0.9,High School,Unemployed,Single,Yes,Yes,Auto,No,0
3S33S0C55Z,25,37572,179859,383,51,1,16.67,36,0.9,PhD,Self-employed,Single,Yes,Yes,Home,No,0
V55RAKF8XY,35,51260,230908,305,31,4,18.88,48,0.72,PhD,Unemployed,Divorced,Yes,Yes,Home,No,0
M98R2XJ6XI,26,136799,74005,749,0,1,21.58,36,0.63,Bachelor's,Full-time,Divorced,No,Yes,Education,Yes,0
NEH45GZ4MR,33,132519,33351,571,70,4,19.34,12,0.64,Master's,Full-time,Divorced,Yes,Yes,Home,Yes,0
Z1COENI570,26,86512,101075,551,70,2,12.32,48,0.6,PhD,Self-employed,Married,Yes,No,Other,No,0
FTDQ5VH61R,55,90069,196378,375,51,1,8.24,48,0.78,PhD,Part-time,Married,No,Yes,Other,No,0
JC4R8HCDGK,63,126184,204441,493,0,2,9.08,48,0.5,High School,Self-employed,Divorced,No,No,Other,No,0
EHMZ45P6KO,68,32768,92764,619,7,1,5.96,36,0.17,High School,Part-time,Single,Yes,No,Business,No,0
UKKHI4K2DU,62,114063,25198,758,51,2,3.22,60,0.59,High School,Part-time,Married,Yes,Yes,Education,Yes,0
MVJNVCA5DT,56,60932,5115,714,20,1,5.3,60,0.33,High School,Unemployed,Divorced,No,Yes,Business,Yes,0
7ZHABHJ11E,48,132430,55435,669,6,2,19.57,48,0.58,PhD,Self-employed,Single,Yes,No,Home,Yes,0
NB0EKOGP50,66,113049,51180,830,54,1,21.32,24,0.67,Bachelor's,Self-employed,Divorced,No,No,Business,Yes,0
PPLGM9QVJV,50,111424,84841,474,112,1,14.41,60,0.32,Master's,Self-employed,Single,No,Yes,Education,No,1
WOVC4FK7O0,56,88239,39329,600,6,3,7.76,12,0.18,Master's,Part-time,Married,Yes,No,Home,Yes,0
0YEIA85S8M,30,137178,19848,305,45,1,19.44,48,0.42,Bachelor's,Unemployed,Married,Yes,No,Business,No,0
1S9J000AA6,26,78053,123068,426,110,1,23.01,36,0.84,PhD,Self-employed,Married,No,Yes,Education,No,1
ASETIU97HH,35,98496,23241,312,96,3,19.23,24,0.56,PhD,Part-time,Single,No,No,Education,Yes,0
HATS33C7T7,22,149981,88126,464,54,4,10.49,24,0.82,High School,Self-employed,Married,No,No,Home,Yes,0
JSIRV87RQW,63,148655,5017,795,28,2,15.5,12,0.24,PhD,Unemployed,Married,Yes,Yes,Other,No,0
XGGXCBII6Q,18,109423,16539,340,65,2,7.99,48,0.58,Bachelor's,Self-employed,Divorced,No,Yes,Business,No,0
1Z4YUM6IWS,26,81016,231121,746,95,3,7.34,48,0.8,PhD,Full-time,Single,No,No,Other,Yes,1
0ANG5IIFNV,60,130393,33641,355,60,4,21.87,48,0.85,Master's,Unemployed,Divorced,No,Yes,Auto,Yes,0
S811811CVY,52,143267,66072,615,84,2,6.7,48,0.75,PhD,Part-time,Divorced,Yes,No,Other,Yes,0
BMSI8U9KAB,37,127204,195615,729,28,4,10.55,48,0.56,Bachelor's,Unemployed,Divorced,Yes,Yes,Other,Yes,0
9TONZ8SZXF,24,145624,155344,586,109,1,15.11,60,0.71,PhD,Unemployed,Married,No,Yes,Education,No,0
Q9SZD9GUWN,62,127019,48661,775,83,2,17.44,48,0.63,High School,Full-time,Married,No,No,Home,Yes,0
0M7YZ1K9YG,48,119009,158859,590,63,3,23.35,60,0.14,Bachelor's,Part-time,Divorced,No,Yes,Other,Yes,0
H9Y9BKNWWN,55,135713,144703,661,59,3,23.73,12,0.39,Bachelor's,Full-time,Divorced,No,No,Education,Yes,0
5IYVHQA94K,23,130275,46883,634,51,2,12.46,36,0.45,Master's,Full-time,Divorced,Yes,No,Auto,No,1
HDCY1ZYIRH,52,25361,86666,423,81,4,5.31,48,0.74,Master's,Self-employed,Divorced,Yes,No,Business,No,0
YS6PDA2UH7,20,149660,224177,748,82,1,15.74,60,0.82,High School,Part-time,Divorced,Yes,No,Education,No,1
84CQTZZ731,40,122433,75920,838,40,4,14.37,36,0.26,Master's,Self-employed,Married,No,Yes,Auto,No,0
9ZSH1U5LXE,59,114641,146795,349,10,2,7.89,36,0.49,Bachelor's,Self-employed,Single,Yes,No,Education,No,0
7B6WJ5HW2U,55,92888,13918,561,62,4,2.56,24,0.56,High School,Full-time,Single,No,Yes,Auto,No,0
56HZZHCNM5,58,139264,62785,314,32,4,22.84,24,0.5,Bachelor's,Full-time,Divorced,No,No,Education,Yes,0
NLNVP1NELD,25,51055,167459,668,3,4,17.33,36,0.36,PhD,Part-time,Married,Yes,Yes,Auto,Yes,0
HV1ASCDZCC,69,146051,117967,443,111,2,11.8,24,0.74,Master's,Part-time,Divorced,No,No,Home,No,0
87E4CQ9IDF,62,88288,192820,479,53,2,8.24,12,0.86,High School,Part-time,Married,No,Yes,Education,No,0
V5DRFPJU4A,19,98211,195895,580,98,3,7.99,24,0.22,PhD,Self-employed,Single,Yes,Yes,Home,No,0
3FQO9EBX8Q,55,90783,35903,304,41,1,20.86,60,0.47,High School,Self-employed,Married,Yes,No,Other,Yes,0
JCHWZ49HZG,37,63338,80001,549,58,4,9.71,48,0.79,Bachelor's,Self-employed,Married,Yes,Yes,Other,Yes,0
KW1K5FZX2U,19,24011,168029,485,34,1,11.95,24,0.8,High School,Part-time,Divorced,Yes,No,Auto,No,0
ILMFCNG07Q,47,115708,236544,390,20,4,23.26,36,0.39,PhD,Self-employed,Single,No,No,Other,Yes,0
18B35EW2XL,54,118412,223002,540,17,4,20.77,24,0.34,Master's,Part-time,Divorced,No,Yes,Other,No,0
Y1R4ZMUDCF,69,145253,29590,697,2,3,23.39,36,0.61,Bachelor's,Self-employed,Married,No,No,Business,Yes,0
U2SCHQY7DM,67,101632,117268,430,90,4,10.57,24,0.58,High School,Part-time,Divorced,Yes,Yes,Other,Yes,0
FS7AVOOE4R,19,106019,141620,402,53,3,22.26,60,0.74,Bachelor's,Full-time,Divorced,Yes,Yes,Education,Yes,0
U66DY0NMKE,24,128025,91352,334,14,1,21.77,24,0.29,Master's,Full-time,Single,No,No,Other,No,0
MJXL9Z0G7O,68,42983,226991,354,46,3,2.59,36,0.7,PhD,Part-time,Divorced,Yes,No,Home,Yes,0
PVQ0HVVYTY,31,143670,53972,511,15,3,19.18,24,0.83,Bachelor's,Part-time,Single,Yes,Yes,Other,Yes,0
FOJGV4B3OJ,43,62674,182614,705,107,4,3.96,48,0.37,Bachelor's,Full-time,Married,Yes,Yes,Business,Yes,0
0V0W89XS6E,61,106360,71287,302,0,3,10.09,48,0.81,High School,Unemployed,Married,Yes,Yes,Auto,Yes,0
DEX1SKCARZ,46,131621,8983,804,105,2,24.66,48,0.76,Bachelor's,Unemployed,Married,Yes,Yes,Business,Yes,0
0JMW3534KY,46,63143,209065,372,115,4,8.7,36,0.36,PhD,Self-employed,Single,Yes,No,Business,Yes,0
CZ9XORIGWY,57,54059,194813,542,99,2,18.61,12,0.59,PhD,Full-time,Divorced,Yes,Yes,Auto,Yes,0
4NFKLRLGCM,45,83617,112804,497,89,2,7.69,36,0.73,High School,Unemployed,Divorced,Yes,No,Education,No,0
HFMJD8S9Z1,69,125020,180013,709,94,1,15.48,60,0.24,Bachelor's,Self-employed,Married,Yes,Yes,Other,No,0
CKEMWVTE6K,22,44527,198227,339,86,4,4.37,36,0.65,Master's,Full-time,Married,Yes,Yes,Home,Yes,0
EQ9P5L7MOQ,41,120287,19644,578,22,2,13.74,36,0.8,Bachelor's,Part-time,Married,Yes,Yes,Auto,Yes,0
2550IZOPXS,33,61477,188345,795,99,2,14.81,36,0.19,PhD,Unemployed,Divorced,Yes,Yes,Education,No,0
KL6FY7VNYN,64,25836,29959,639,24,4,5.55,24,0.75,Bachelor's,Part-time,Single,No,No,Education,No,0
RO52O56A0Q,51,44874,77203,722,99,4,7.66,48,0.86,Bachelor's,Full-time,Single,No,No,Auto,No,0
GK6Q2AN925,68,118982,80817,712,23,2,12.59,12,0.24,PhD,Unemployed,Married,Yes,Yes,Auto,Yes,0
S3YD0FKT0J,33,88308,127563,774,113,1,14.96,60,0.54,PhD,Self-employed,Single,Yes,No,Home,Yes,0
LWZQTRX89P,47,142036,236092,574,81,4,18.31,12,0.45,High School,Unemployed,Divorced,Yes,Yes,Education,No,0
YTAJ6UBJ9E,67,127622,215819,542,61,3,8.73,60,0.36,Master's,Full-time,Divorced,Yes,Yes,Other,Yes,0
PM018KJWWN,67,61826,24439,461,22,3,7.7,36,0.32,Bachelor's,Self-employed,Married,No,Yes,Home,Yes,0
G673I9X0ZJ,65,15045,131301,470,104,1,5.65,24,0.67,Master's,Unemployed,Single,Yes,Yes,Auto,Yes,0
V6MVI8SVJL,25,80411,59516,693,68,4,17.38,48,0.53,High School,Part-time,Divorced,No,Yes,Home,No,0
H2QAK079NJ,37,93658,94508,447,63,3,17.64,12,0.11,Bachelor's,Unemployed,Single,No,No,Auto,No,1
5L2DZRYL14,52,60197,63239,322,16,3,14.05,60,0.43,PhD,Full-time,Divorced,No,Yes,Other,No,0
4ZUH84ZKSW,65,98008,65806,444,73,1,19.75,60,0.85,PhD,Self-employed,Married,No,No,Education,No,0
377TYD2T2G,58,137824,176163,455,116,4,17.56,12,0.45,High School,Self-employed,Married,No,Yes,Auto,No,0
EP9WBYB0RM,51,71547,134143,774,33,1,3.92,24,0.18,Bachelor's,Full-time,Single,Yes,No,Auto,No,0
3Q4TL7U334,24,88400,238653,320,77,2,8.44,36,0.81,PhD,Part-time,Single,Yes,No,Education,No,0
QQI4DMKQ3S,20,124762,25369,620,80,1,21.58,36,0.58,Master's,Full-time,Single,No,No,Education,No,0
YLQ52FNGF7,66,119572,54840,593,66,3,8.72,36,0.13,High School,Full-time,Single,No,No,Home,Yes,0
YBANY1QW87,18,133632,148734,456,37,2,24.78,24,0.87,Master's,Unemployed,Single,Yes,Yes,Education,No,0
JJ2YEEZ1XS,29,105214,101472,329,24,3,11.05,24,0.21,Bachelor's,Unemployed,Single,Yes,Yes,Education,No,0
YMEWCHPUDP,68,34282,179016,521,41,3,5.03,60,0.59,Bachelor's,Self-employed,Divorced,Yes,Yes,Business,No,0
SWW064NJC0,61,120905,199796,316,33,3,21.0,12,0.28,High School,Part-time,Divorced,Yes,Yes,Home,Yes,0
UOQRL9DR81,68,51290,31520,671,46,4,13.51,60,0.44,Bachelor's,Full-time,Divorced,Yes,Yes,Auto,No,0
0Q0CSHYCWG,19,56217,168589,839,89,2,14.42,60,0.23,Bachelor's,Full-time,Single,Yes,No,Education,Yes,0
5ZCCHHONFB,55,18669,143560,423,15,3,8.65,24,0.25,PhD,Unemployed,Divorced,No,Yes,Other,Yes,0
JB9ZIJJW51,46,71994,119336,794,78,4,20.21,24,0.8,High School,Part-time,Single,No,Yes,Other,Yes,0
6XTX1TCCW8,29,125350,121935,747,93,2,11.08,24,0.38,Bachelor's,Unemployed,Divorced,No,Yes,Business,Yes,1
B23UN0URX9,57,125069,135669,578,0,3,8.81,48,0.35,Bachelor's,Unemployed,Divorced,Yes,No,Other,No,0
YVRBJYWAAB,36,63927,103597,517,107,2,9.38,24,0.88,Master's,Full-time,Divorced,No,Yes,Other,Yes,0
454YKYRBY2,69,119256,148130,692,64,2,15.78,60,0.47,High School,Unemployed,Divorced,Yes,No,Home,No,0
2PUSKWCJL4,30,62583,231215,817,1,3,6.28,12,0.78,High School,Full-time,Divorced,No,Yes,Education,No,0
XHKK7JQFX8,55,22538,5278,562,54,4,22.87,12,0.36,Master's,Part-time,Married,Yes,Yes,Education,Yes,0
K8OAQGZBNT,66,76401,35161,581,86,4,8.51,12,0.86,Bachelor's,Part-time,Married,No,No,Home,No,0
C6XQ1ZXVW6,34,67021,123008,371,67,3,6.45,24,0.34,High School,Part-time,Single,Yes,No,Other,No,1
OUWLXS59CF,67,31478,239225,433,38,4,21.56,48,0.68,Master's,Self-employed,Single,Yes,Yes,Education,No,0
LQLHMGVC24,61,17732,160063,412,96,3,10.2,12,0.74,PhD,Full-time,Single,Yes,No,Home,No,0
NUMW5JNPJU,38,68842,166402,565,75,4,24.8,12,0.35,Master's,Unemployed,Single,No,Yes,Auto,Yes,1
O0T3W8TKDL,25,56301,128979,574,4,4,15.18,24,0.27,High School,Unemployed,Single,No,No,Home,No,0
DBYB5U8VCW,28,15904,214670,753,65,1,3.61,24,0.89,PhD,Part-time,Single,No,Yes,Auto,No,0
K7FUUOWXD5,36,62933,15677,729,38,3,19.64,60,0.54,High School,Part-time,Single,No,No,Other,No,0
RR2B9S9EHL,64,147863,101461,740,7,1,9.83,48,0.3,Bachelor's,Unemployed,Divorced,Yes,No,Education,Yes,0
L1SVG6J7OP,37,68151,11651,370,30,4,24.1,12,0.41,Bachelor's,Self-employed,Single,Yes,No,Education,No,1
LQQZ1RIMWV,42,46295,108557,364,54,4,9.23,48,0.53,PhD,Part-time,Single,Yes,No,Auto,Yes,0
E1Q30TEUUD,26,47578,28441,330,51,2,24.51,60,0.33,PhD,Unemployed,Divorced,Yes,No,Other,No,0
3ZXDORVKB8,39,77635,249397,354,85,3,19.69,36,0.17,Master's,Unemployed,Single,No,Yes,Other,Yes,1
Z98G31QLHF,18,65992,108561,350,82,3,2.36,60,0.52,High School,Unemployed,Single,No,Yes,Business,Yes,0
H0OKMAQ9EW,34,136353,190982,405,96,3,6.18,60,0.36,High School,Full-time,Married,No,Yes,Home,Yes,0
EZTYIEWEFI,54,48839,239172,401,42,2,16.76,36,0.31,Bachelor's,Unemployed,Married,Yes,Yes,Other,No,0
RVA3MZFPQA,37,110938,104428,352,66,1,12.9,24,0.84,High School,Self-employed,Divorced,No,No,Other,Yes,0
3TAX1CON67,30,100967,163575,430,85,3,7.29,24,0.36,Bachelor's,Unemployed,Married,Yes,Yes,Education,Yes,0
CJUIPEDK07,36,61475,119596,303,113,3,18.65,60,0.12,High School,Self-employed,Divorced,No,No,Home,No,0
PM7SQ8CO7P,23,20168,249797,558,96,4,16.1,60,0.79,High School,Part-time,Married,Yes,Yes,Auto,No,0
6RWW4ZK80Z,57,80451,67735,425,23,2,14.1,60,0.59,Master's,Unemployed,Married,No,No,Education,No,0
3LKPKOOAIQ,47,48608,91658,670,116,4,2.18,24,0.19,Bachelor's,Part-time,Single,Yes,Yes,Auto,No,0
7EB7VY8DAZ,59,31889,184039,383,79,4,9.63,48,0.34,High School,Unemployed,Divorced,Yes,Yes,Auto,No,0
0RGDOAEVAA,48,61582,21267,771,104,4,4.61,60,0.21,High School,Self-employed,Married,Yes,No,Education,No,0
VJ5X1239XE,45,15099,16529,608,31,1,13.04,60,0.47,PhD,Self-employed,Single,No,Yes,Home,Yes,0
BC9J0GLBON,34,145562,33629,828,39,4,4.59,24,0.27,Bachelor's,Part-time,Married,Yes,Yes,Business,No,0
MWXQB4SDZE,47,73167,215991,474,69,4,14.97,12,0.53,Bachelor's,Unemployed,Married,Yes,Yes,Business,No,0
94UCWLNPSH,19,35334,180909,325,63,1,19.79,60,0.84,PhD,Part-time,Single,Yes,Yes,Auto,No,1
GH61BRTFN3,62,139255,202811,396,18,4,10.56,36,0.82,High School,Self-employed,Divorced,No,No,Home,Yes,0
NZHEOY9H7T,66,97163,113016,847,104,4,9.11,12,0.4,Master's,Part-time,Married,Yes,Yes,Business,Yes,0
5KDPW2YBW6,61,50182,169070,375,82,4,4.87,60,0.66,Master's,Part-time,Married,No,Yes,Auto,Yes,0
VJNKF1JG7D,42,44959,43351,670,11,3,6.79,60,0.87,PhD,Self-employed,Married,Yes,No,Other,Yes,0
C4HSAQVASZ,53,34262,148251,308,78,1,22.07,60,0.16,Master's,Full-time,Divorced,No,Yes,Auto,No,0
B6QVQSLV8E,50,148273,63693,355,106,4,20.16,36,0.81,Bachelor's,Self-employed,Married,No,Yes,Auto,No,0
7DZEUNTW6J,39,28948,150642,383,99,2,18.0,12,0.67,PhD,Self-employed,Single,Yes,Yes,Business,No,0
HBCV03XYTN,19,78139,98554,684,108,1,8.93,24,0.2,PhD,Unemployed,Divorced,No,Yes,Home,Yes,0
M489G74ZDH,51,108213,210385,729,30,4,21.24,48,0.33,High School,Full-time,Married,Yes,No,Business,No,0
8FYA1V4XB4,42,88853,80827,630,13,3,20.96,12,0.28,Bachelor's,Part-time,Single,Yes,No,Home,No,0
AN0Q9MOOOK,33,147153,178263,818,9,3,8.22,60,0.71,PhD,Unemployed,Married,No,Yes,Education,No,0
H3PC3561RF,51,71109,51303,331,118,4,24.4,60,0.61,Master's,Full-time,Married,Yes,Yes,Business,Yes,0
P9LOEUYOEW,28,104072,60998,825,29,2,2.76,48,0.12,High School,Full-time,Married,No,Yes,Education,No,0
NML2WEXLKI,23,43708,22565,670,12,4,15.2,36,0.52,Bachelor's,Full-time,Married,Yes,Yes,Education,No,1
UIWXBIIJ0N,24,134916,181881,723,107,3,4.28,24,0.28,PhD,Unemployed,Divorced,Yes,Yes,Business,Yes,0
VMQ2KWQIFO,42,81107,27179,716,106,2,15.86,12,0.83,Master's,Unemployed,Single,Yes,No,Business,No,0
I4T0BK83IC,41,17802,180254,740,82,2,12.8,24,0.86,Master's,Unemployed,Divorced,Yes,Yes,Business,No,0
LCCTJJJB5K,22,116214,64599,740,82,4,2.21,24,0.38,PhD,Self-employed,Married,Yes,Yes,Other,Yes,0
DGG6ZZA1AL,66,144298,202930,597,64,1,22.79,36,0.28,Bachelor's,Unemployed,Single,Yes,Yes,Business,No,0
R1RV6YJAUO,55,56893,228495,424,15,1,21.82,60,0.33,Bachelor's,Part-time,Married,Yes,Yes,Other,Yes,0
QDPWNSXASK,52,125545,56660,522,73,4,3.03,60,0.75,High School,Part-time,Married,No,Yes,Home,No,0
9OB6IGQR3D,56,81859,134916,657,42,2,16.26,60,0.53,High School,Full-time,Single,Yes,Yes,Auto,No,0
TP3A6112C9,68,135241,163797,400,44,1,24.17,60,0.2,High School,Part-time,Single,No,No,Other,Yes,0
5TPBKDX73I,53,60879,62921,409,76,3,16.52,60,0.81,High School,Unemployed,Married,No,Yes,Other,Yes,0
VV1WQC0WNR,22,89857,86610,364,80,1,9.84,48,0.34,Master's,Full-time,Single,Yes,No,Home,Yes,0
H8R00M89XY,69,41772,86882,336,32,4,24.15,36,0.84,Master's,Full-time,Divorced,No,No,Education,No,0
8ZBH130GPA,25,40493,15746,403,59,3,13.05,48,0.39,Bachelor's,Unemployed,Single,Yes,Yes,Other,Yes,1
HC1E28OSJ9,26,111907,131935,623,45,3,15.36,36,0.18,High School,Full-time,Married,No,No,Business,Yes,0
KIZ3V4CIFF,49,123644,198020,623,69,2,15.11,60,0.24,Bachelor's,Full-time,Married,Yes,Yes,Auto,Yes,0
YZNJ0ELAV2,18,106937,141691,483,89,1,8.14,36,0.81,High School,Full-time,Married,Yes,Yes,Business,No,1
O320RT6GFN,45,55309,12008,849,95,1,20.34,36,0.14,Bachelor's,Unemployed,Single,Yes,Yes,Auto,Yes,0
K0O1BPNH1S,18,100686,58926,811,80,2,10.14,36,0.49,Master's,Part-time,Married,No,No,Business,No,0
B5BGX95C53,44,26073,148858,416,118,2,19.02,12,0.73,High School,Self-employed,Married,Yes,No,Education,Yes,0
OGJO8A4DO9,26,106716,155838,586,15,3,10.55,60,0.19,High School,Part-time,Married,No,No,Auto,No,0
SK96U4R3HD,22,122954,56292,306,91,4,23.52,60,0.55,Master's,Self-employed,Married,No,No,Auto,No,0
3TJ6C1VSRR,19,55198,94932,396,14,4,19.52,36,0.79,Master's,Unemployed,Single,Yes,No,Education,No,1
H0HUD942QO,21,108702,192875,816,19,4,8.93,36,0.62,Bachelor's,Unemployed,Divorced,No,No,Other,Yes,0
6PQK826Z0V,42,127246,11929,323,91,3,19.88,12,0.76,Bachelor's,Full-time,Divorced,Yes,Yes,Auto,Yes,0
2D1W61CLTJ,40,37224,35921,403,92,3,21.22,12,0.74,PhD,Self-employed,Married,Yes,No,Auto,Yes,0
7LQ9MQZXVS,59,127384,107360,838,13,4,16.06,60,0.37,Master's,Part-time,Single,Yes,Yes,Business,No,0
CVWY00ZKHD,66,82926,14245,334,56,4,18.97,48,0.61,PhD,Self-employed,Married,No,No,Home,No,0
CCGOCWAR1Z,56,101218,100302,367,83,2,17.05,12,0.16,Bachelor's,Part-time,Single,Yes,Yes,Other,Yes,0
JP7GBC6QL0,27,107302,63071,632,75,2,4.53,36,0.3,High School,Self-employed,Single,No,Yes,Business,Yes,0
QUU1693L9S,55,48342,120630,312,75,4,22.6,48,0.86,PhD,Unemployed,Single,Yes,Yes,Home,No,0
G2ZTKCDML0,36,98297,48565,684,80,3,12.24,48,0.71,High School,Full-time,Single,Yes,Yes,Home,No,0
PQHZ2ZS8V2,28,132654,85372,695,46,4,15.56,60,0.44,High School,Self-employed,Married,No,No,Business,Yes,1
NAT50QKCTN,28,125748,242658,738,51,4,4.96,60,0.56,Master's,Full-time,Single,No,No,Business,No,0
P87CWURJMG,61,142171,165078,828,34,1,12.19,12,0.81,Bachelor's,Unemployed,Divorced,No,No,Other,Yes,0
KHMWR13V7J,60,116176,122057,517,106,3,24.1,36,0.73,High School,Self-employed,Married,Yes,No,Auto,No,0
240O6I56PB,53,111233,40770,390,64,2,5.33,12,0.48,PhD,Self-employed,Divorced,No,Yes,Business,Yes,0
69YNWHRVAD,23,60830,97420,629,53,1,20.4,24,0.31,PhD,Unemployed,Divorced,Yes,No,Other,Yes,0
HXVVGZORAX,34,59958,214696,608,77,1,20.77,12,0.69,Bachelor's,Unemployed,Single,No,No,Home,Yes,1
1LRUQD7NGM,56,73946,202334,640,51,2,22.22,12,0.51,PhD,Part-time,Divorced,Yes,No,Auto,Yes,0
FP4JQRH6D1,59,109819,248686,648,38,1,6.91,36,0.85,PhD,Unemployed,Married,Yes,No,Education,Yes,0
VCP3BU84HL,43,19685,219247,307,72,2,9.89,60,0.1,PhD,Unemployed,Married,No,Yes,Education,Yes,0
QA3CQCUQ5I,18,69143,244017,822,53,4,5.2,12,0.29,PhD,Unemployed,Divorced,Yes,No,Auto,No,0
YZCY9BQTHR,67,138796,167788,410,85,3,21.84,36,0.42,Master's,Part-time,Single,No,No,Other,No,0
GA5O30P9YJ,30,146530,88172,569,3,2,8.95,60,0.21,Bachelor's,Self-employed,Married,No,No,Education,Yes,0
B23XCWXQJO,34,63678,104518,680,118,1,15.76,36,0.63,High School,Full-time,Single,Yes,Yes,Auto,No,0
DMD3SEDPPC,67,55283,30462,459,98,1,8.26,12,0.49,Master's,Full-time,Married,No,No,Education,Yes,0
OAX14ROO8X,36,79149,172397,312,59,1,16.13,60,0.47,Bachelor's,Part-time,Single,No,No,Home,No,0
HHM4PU42SK,44,29240,98740,651,106,1,18.17,12,0.43,Bachelor's,Self-employed,Single,No,Yes,Home,No,0
BVT91L9FXC,56,106956,12249,455,39,1,16.06,60,0.36,Master's,Full-time,Married,Yes,Yes,Business,No,0
BF3S32IKKG,67,85434,249502,483,53,4,22.67,36,0.78,High School,Self-employed,Divorced,Yes,Yes,Auto,Yes,0
9ZA7XZZYKY,33,31754,139920,657,106,3,19.6,36,0.62,High School,Self-employed,Married,No,No,Education,No,0
FZJNGQQMOU,46,19229,234161,534,18,3,3.82,12,0.35,High School,Part-time,Single,Yes,No,Business,Yes,0
LKV5BIQHW7,49,88703,214887,727,86,3,21.89,60,0.7,High School,Part-time,Divorced,No,No,Education,Yes,0
9Q7819XB6T,31,29533,176579,692,48,3,14.38,12,0.32,High School,Unemployed,Married,Yes,Yes,Other,Yes,1
DFXKDRZ71J,42,17456,10983,458,42,1,11.0,48,0.42,Master's,Unemployed,Single,No,Yes,Other,No,0
C3IBO5LSCO,23,125140,94066,775,108,1,13.19,48,0.35,Bachelor's,Part-time,Single,Yes,Yes,Auto,Yes,0
FI1RHQ1AL2,51,19898,100125,555,50,1,13.58,60,0.87,Bachelor's,Self-employed,Married,Yes,Yes,Business,No,0
BYKZLEECNX,54,24870,128461,343,84,3,21.89,36,0.77,Bachelor's,Unemployed,Single,No,No,Home,Yes,0
SUMI4XA2FA,41,37488,148589,410,11,2,7.45,60,0.61,PhD,Self-employed,Divorced,Yes,No,Education,No,0
2BIJNA3RBQ,23,102909,115322,430,22,4,11.17,60,0.8,PhD,Part-time,Married,No,No,Other,Yes,0
C11Y4TH6IN,20,50063,59054,760,1,3,7.59,24,0.35,PhD,Self-employed,Single,Yes,No,Business,No,0
UTPOZU6MJH,25,19147,35843,843,48,2,2.31,36,0.6,Bachelor's,Self-employed,Single,Yes,No,Other,Yes,0
1NS79X3UID,18,25512,27000,818,54,1,9.31,36,0.79,Bachelor's,Unemployed,Married,No,No,Business,No,0
2VRCGE3M96,49,60003,57534,567,54,1,24.32,60,0.13,PhD,Part-time,Single,Yes,No,Home,No,0
17LNH7JT6S,43,71226,46217,302,87,3,23.94,24,0.39,Bachelor's,Part-time,Divorced,Yes,Yes,Home,No,1
TL0C9L938D,30,71227,87086,598,74,4,19.68,24,0.66,High School,Part-time,Single,Yes,Yes,Auto,No,1
DDNQIWSLI5,20,34862,159368,757,1,4,23.16,48,0.64,High School,Part-time,Married,Yes,No,Home,No,1
NVTOJ2KSS2,32,66889,239333,673,67,1,4.2,24,0.79,Master's,Unemployed,Married,No,No,Education,No,0
FABB70IADB,34,129070,208862,318,56,2,16.41,48,0.5,PhD,Part-time,Married,No,No,Home,Yes,0
7K1WI6O76U,38,146892,224193,455,111,1,23.53,36,0.8,High School,Unemployed,Married,No,Yes,Auto,Yes,0
7KX6SYJC4B,20,65541,247259,438,116,1,24.46,60,0.5,PhD,Unemployed,Single,No,Yes,Home,No,0
AAIFBNUKB9,51,82793,75896,651,103,2,17.35,48,0.7,Bachelor's,Unemployed,Divorced,Yes,Yes,Business,No,0
GZ9Q3G0088,54,58972,167790,740,20,1,8.74,12,0.18,PhD,Unemployed,Married,Yes,Yes,Home,No,0
XS734Q1RLJ,65,149723,207147,722,38,2,17.18,12,0.41,PhD,Full-time,Single,Yes,No,Home,No,0
SDJREJBH24,41,52125,199379,495,69,3,2.11,60,0.57,PhD,Unemployed,Divorced,Yes,Yes,Other,Yes,0
EFBS0FVOJL,68,66693,136410,812,87,2,9.85,12,0.11,Master's,Full-time,Married,No,No,Business,No,0
5URT79JIGY,33,99194,229062,698,14,4,8.3,48,0.32,Bachelor's,Self-employed,Married,Yes,No,Business,Yes,0
FUHPFID4C8,26,36497,167482,642,109,4,20.82,60,0.75,Bachelor's,Unemployed,Single,Yes,Yes,Other,Yes,0
K3T7LKX85L,18,32534,22855,710,79,2,20.47,48,0.15,PhD,Part-time,Single,No,No,Auto,No,0
TMPNCAN869,56,65907,77173,470,72,3,14.27,48,0.68,Master's,Unemployed,Single,Yes,Yes,Business,Yes,0
PN886QOXDH,29,136269,37003,662,54,3,20.17,12,0.76,Bachelor's,Part-time,Divorced,Yes,No,Business,No,0
MV7MZAFW5C,30,122290,189735,763,23,4,23.37,24,0.59,PhD,Self-employed,Married,Yes,No,Education,No,1
028GGB37WE,27,49784,15259,436,29,4,22.01,36,0.44,PhD,Part-time,Divorced,No,No,Education,Yes,1
F1YP08PJN2,29,19861,228774,558,30,2,5.45,48,0.32,High School,Unemployed,Single,No,Yes,Auto,Yes,0
40V231PFKN,64,67638,196075,437,118,3,9.7,60,0.49,High School,Part-time,Single,No,Yes,Business,Yes,0
UZ1APIJG01,18,145708,177706,565,17,2,23.32,24,0.2,High School,Full-time,Married,No,Yes,Education,Yes,0
M4JO374CVA,68,76477,121705,812,75,4,12.88,48,0.32,High School,Part-time,Married,Yes,No,Home,No,0
G1YLDWXQ1A,61,16598,49333,426,105,4,12.3,60,0.67,High School,Unemployed,Married,Yes,No,Education,No,1
B4L0RII4RL,32,66149,222955,470,108,4,11.41,12,0.68,Master's,Self-employed,Married,No,Yes,Home,Yes,0
4NQJY44AAS,26,70775,214907,712,33,1,15.24,12,0.46,Bachelor's,Unemployed,Divorced,No,Yes,Business,No,0
BF6W1KZONR,18,65397,37648,566,35,2,20.78,24,0.43,PhD,Part-time,Married,Yes,Yes,Education,Yes,0
90UONB9YCA,49,65179,40791,721,26,3,15.39,12,0.37,PhD,Full-time,Single,No,Yes,Home,No,0
WTVOPXE59V,50,31356,25888,360,118,2,22.82,12,0.7,High School,Full-time,Divorced,Yes,No,Business,Yes,0
CL7BFZZ7JZ,66,137083,9300,505,25,2,22.27,36,0.39,Bachelor's,Part-time,Married,No,Yes,Education,No,0
99R17Z4P84,40,77231,208494,342,58,2,15.36,60,0.28,High School,Full-time,Married,Yes,Yes,Business,No,0
H8D5TMH5TF,31,81352,202451,331,66,1,10.42,60,0.23,Bachelor's,Unemployed,Single,Yes,Yes,Education,No,0
C8F2ZQSVKC,23,77715,235604,695,43,3,18.46,12,0.2,PhD,Unemployed,Divorced,Yes,Yes,Auto,Yes,1
NZAXPFGDW7,20,106512,171877,782,9,1,4.65,48,0.42,Bachelor's,Full-time,Married,No,Yes,Home,Yes,0
50CJED4R07,26,49391,9753,674,60,1,6.68,36,0.61,PhD,Unemployed,Divorced,Yes,No,Auto,Yes,0
63JBTI48BQ,62,20785,67711,501,46,1,18.92,12,0.14,PhD,Unemployed,Divorced,No,Yes,Education,No,0
1DZ7PFATM0,65,114681,25883,473,73,4,13.97,24,0.7,Bachelor's,Unemployed,Divorced,No,No,Education,No,0
QB0VHSUG9T,61,134759,73789,829,11,1,24.68,48,0.76,High School,Unemployed,Divorced,Yes,No,Other,Yes,0
KFAQ3N15D1,28,107383,202516,519,37,1,18.43,12,0.51,High School,Part-time,Married,No,Yes,Business,Yes,1
TFCD11K4P2,18,117003,45974,363,3,2,21.79,12,0.57,PhD,Self-employed,Divorced,Yes,Yes,Other,Yes,0
QDGIPRB6CX,54,125644,69435,383,5,2,23.15,24,0.12,PhD,Full-time,Divorced,No,No,Home,No,0
5SU8AUGURP,24,139132,212681,553,66,1,12.94,48,0.23,PhD,Self-employed,Single,Yes,No,Home,No,0
QB74SOUUMG,56,49841,210003,529,61,4,10.64,36,0.67,Master's,Part-time,Divorced,Yes,No,Business,Yes,1
F4BUBYM2S3,48,67284,242376,817,109,3,8.25,36,0.82,High School,Unemployed,Single,No,No,Auto,No,0
VEZEDCAOPU,54,104250,222933,539,37,1,17.04,48,0.57,Master's,Part-time,Single,No,Yes,Home,Yes,0
9A314JK90S,35,99307,217095,398,118,4,16.63,12,0.3,PhD,Unemployed,Single,Yes,Yes,Home,No,0
EBIQAE01B1,36,23278,68187,510,26,3,16.0,36,0.18,Bachelor's,Self-employed,Single,Yes,No,Home,No,0
T5SRLJB66E,61,104412,5426,526,81,4,11.76,36,0.42,High School,Part-time,Divorced,Yes,Yes,Other,No,0
RI38VB127L,54,140775,211068,310,0,3,20.1,12,0.52,Master's,Full-time,Divorced,No,Yes,Other,Yes,0
79G59IZCYI,40,144051,134461,683,66,1,7.82,36,0.45,Master's,Part-time,Single,Yes,No,Other,Yes,0
GR4SIMDAPY,21,99536,41444,458,28,1,22.32,24,0.4,PhD,Self-employed,Divorced,Yes,No,Education,Yes,0
7S9AEF2LNW,51,71744,98952,444,110,4,21.01,60,0.61,Master's,Part-time,Single,Yes,No,Auto,Yes,0
GTP0244KZ0,44,95696,80889,826,25,2,18.08,60,0.63,Master's,Self-employed,Single,Yes,Yes,Auto,Yes,0
M7PIXT8D2B,42,23770,181102,420,83,1,5.93,60,0.71,High School,Unemployed,Single,Yes,No,Business,No,0
YRW03N30LL,60,30636,95869,548,51,4,16.11,12,0.59,PhD,Full-time,Single,Yes,Yes,Home,No,0
1LCBM0BNH7,55,128536,5963,346,81,1,11.25,60,0.4,Bachelor's,Unemployed,Single,No,Yes,Other,Yes,0
XBMC19U62W,52,48881,217185,530,60,4,14.01,48,0.61,PhD,Unemployed,Divorced,Yes,No,Business,No,0
8EPX3Q3FVO,69,121117,24785,801,31,1,5.68,12,0.87,PhD,Full-time,Divorced,No,Yes,Other,No,0
C3DV0NQ1MG,27,134256,107417,604,13,3,21.99,12,0.8,Master's,Unemployed,Divorced,Yes,Yes,Other,No,0
GXK1IOVLLM,45,118911,73039,701,114,1,23.81,36,0.68,Bachelor's,Full-time,Married,No,No,Education,No,1
I3PNOF9VFZ,51,94633,244730,554,109,4,12.55,24,0.6,Bachelor's,Full-time,Divorced,Yes,Yes,Home,No,0
KPLX4YZ691,51,126680,12402,557,52,2,23.14,48,0.48,Bachelor's,Full-time,Divorced,Yes,No,Home,No,0
ZUE3Z3Q5HH,20,71413,48850,437,2,3,10.15,12,0.46,Bachelor's,Self-employed,Single,Yes,No,Business,Yes,1
9SFD7XD53G,29,117519,39517,760,30,1,10.21,24,0.32,Bachelor's,Full-time,Single,Yes,No,Other,Yes,0
KLLLFAEN4R,62,124177,227123,347,98,1,8.54,48,0.66,PhD,Full-time,Single,No,Yes,Other,No,0
AVJ20XLOJJ,44,62954,249607,756,98,2,9.97,48,0.42,High School,Self-employed,Single,Yes,Yes,Business,No,0
787HR9WDSH,63,33030,80010,446,0,2,20.59,24,0.41,High School,Part-time,Single,Yes,No,Business,Yes,0
JQ7XP7HERF,69,61373,110267,821,4,3,3.28,12,0.26,PhD,Part-time,Married,No,Yes,Home,No,0
0KBRPZSHIQ,66,109947,150546,348,101,4,13.87,36,0.34,PhD,Part-time,Single,No,Yes,Home,Yes,0
54YJS79LTF,52,139104,79752,497,41,2,13.91,36,0.74,High School,Unemployed,Married,No,Yes,Business,No,1
P3CKF0OVX2,55,149236,10822,504,45,1,5.45,48,0.37,High School,Full-time,Married,No,No,Home,No,1
QM0SZ5J4A6,37,60547,76811,470,70,2,21.87,36,0.45,PhD,Self-employed,Single,No,No,Education,No,1
6Q09VK5XTT,68,88240,184211,624,29,3,7.13,36,0.75,Bachelor's,Full-time,Married,Yes,Yes,Auto,No,0
8EX2NE0B54,41,92796,78058,300,85,2,5.56,36,0.34,Bachelor's,Unemployed,Divorced,Yes,Yes,Auto,No,0
ATGN02B892,31,71876,78318,490,71,4,20.69,60,0.2,High School,Self-employed,Divorced,No,No,Business,Yes,0
UMV57MIA10,43,77913,213999,614,27,4,17.95,24,0.55,Master's,Full-time,Single,Yes,No,Business,Yes,0
P36R1S0ULU,27,120567,240710,823,85,2,2.44,60,0.52,High School,Self-employed,Married,Yes,Yes,Auto,Yes,0
M5G0KNYN3U,26,147036,68506,300,56,2,6.6,36,0.37,Bachelor's,Full-time,Single,No,Yes,Education,No,0
FEHQ0WP8GG,27,95469,223891,570,100,3,3.42,60,0.71,High School,Full-time,Single,No,Yes,Other,No,0
UX2QBWESH7,43,109498,231147,443,75,3,20.33,12,0.67,Master's,Self-employed,Married,Yes,No,Business,Yes,0
6G27UL2LLI,62,58554,82453,487,2,4,21.19,48,0.52,Master's,Full-time,Divorced,Yes,No,Education,No,0
HOPQRV1I67,68,70154,243294,603,57,2,14.71,24,0.5,High School,Full-time,Married,Yes,Yes,Business,Yes,0
IK10438VVH,41,146859,70796,447,119,3,21.38,36,0.17,Bachelor's,Full-time,Divorced,No,No,Other,No,0
930OHEB4PN,41,144048,84095,622,102,4,15.32,48,0.4,High School,Part-time,Divorced,No,Yes,Business,No,0
LK839MWSMS,57,135394,94184,338,43,2,13.32,24,0.39,Master's,Part-time,Divorced,No,No,Business,Yes,0
6FQX2WYU6U,50,40362,210702,645,15,3,9.06,60,0.6,Bachelor's,Part-time,Divorced,No,No,Other,Yes,0
KY5EC8NA60,23,30097,220587,576,52,4,21.22,60,0.46,PhD,Self-employed,Married,No,No,Home,Yes,0
1JKL4VC346,23,116474,215524,680,8,3,15.4,36,0.17,High School,Full-time,Divorced,Yes,Yes,Auto,No,0
3ZUYF4K7IT,52,41215,105760,503,89,2,11.33,12,0.87,PhD,Unemployed,Divorced,Yes,Yes,Auto,Yes,0
BQ85FJ3AV7,35,98563,195146,497,77,4,23.79,12,0.34,PhD,Full-time,Divorced,Yes,No,Business,Yes,0
HTDXLUVMT5,32,68601,189232,333,95,1,19.39,48,0.52,Master's,Part-time,Single,No,Yes,Home,No,0
OUAA0PUNIQ,49,149955,203160,743,85,2,11.32,12,0.76,Master's,Full-time,Single,Yes,No,Business,Yes,0
03EF5O3AJ4,47,73111,58619,748,68,3,7.23,24,0.52,Master's,Unemployed,Single,No,No,Business,Yes,0
LVZUAZGKL6,39,106357,37672,358,90,1,10.78,24,0.23,High School,Full-time,Married,No,No,Home,No,0
O5IV7DCUWH,66,145435,103759,509,27,2,5.99,36,0.74,PhD,Unemployed,Married,No,No,Auto,Yes,0
SQGW08E8FW,25,107653,214483,793,4,4,4.35,36,0.11,High School,Unemployed,Married,No,Yes,Education,No,0
WQAVSOIRWJ,61,102351,108640,422,24,3,2.27,36,0.3,Bachelor's,Full-time,Married,Yes,No,Other,No,0
JSURN631BP,54,149259,56453,667,119,2,8.35,60,0.8,Master's,Self-employed,Single,Yes,Yes,Education,No,0
0NQH5V7QF7,42,84355,246236,524,15,4,16.27,48,0.22,PhD,Part-time,Divorced,No,Yes,Home,No,0
2DRA5FHLFV,21,121143,212997,479,39,4,7.55,24,0.13,PhD,Full-time,Married,Yes,No,Home,Yes,0
AULVGJ9U7F,33,126404,113452,791,111,1,15.09,48,0.42,PhD,Full-time,Married,No,Yes,Other,Yes,0
NHRF37CJWB,58,111940,151529,834,50,4,18.16,24,0.35,Bachelor's,Self-employed,Single,No,Yes,Auto,No,0
52SNF2B9KJ,69,135248,81793,775,9,2,21.47,12,0.75,High School,Unemployed,Married,Yes,Yes,Education,Yes,0
FX5O5XGBAI,18,39231,105268,830,74,3,5.03,48,0.85,High School,Full-time,Single,Yes,No,Home,Yes,0
P9LRG35XZV,38,56927,79899,639,65,1,16.87,36,0.51,High School,Full-time,Divorced,No,Yes,Business,No,0
MDQURSBWHU,26,131295,206588,330,103,4,23.55,36,0.24,PhD,Unemployed,Divorced,Yes,No,Auto,Yes,0
IGBNZQFC6H,55,15293,205009,548,59,1,5.56,36,0.75,High School,Unemployed,Single,No,No,Home,No,0
8WN6U3W1J3,56,64630,156998,737,79,4,14.49,60,0.11,High School,Full-time,Divorced,Yes,Yes,Home,No,0
MTE6P05XVS,68,55526,85192,803,107,1,17.76,24,0.29,Bachelor's,Self-employed,Divorced,Yes,No,Home,Yes,0
13WBHQ10HZ,65,95235,40992,756,94,3,19.29,12,0.29,PhD,Unemployed,Divorced,No,Yes,Other,Yes,0
YR93NHG8EV,43,92872,136239,837,85,3,13.06,36,0.73,High School,Part-time,Married,No,Yes,Auto,No,1
STEV6ZYE3M,23,27939,85154,715,78,4,4.46,60,0.81,High School,Self-employed,Single,Yes,Yes,Auto,Yes,0
05SHOM756H,21,148930,238101,562,20,2,9.35,24,0.69,High School,Unemployed,Single,No,Yes,Home,Yes,0
3WMBGUB1U8,51,47131,212217,762,26,2,9.61,60,0.75,PhD,Part-time,Divorced,Yes,No,Home,No,0
YJTFP1SU1Z,49,136075,35533,351,100,1,6.01,48,0.61,PhD,Full-time,Divorced,No,Yes,Auto,Yes,0
5MSKMMFH25,65,68988,216052,444,119,4,6.73,24,0.59,Bachelor's,Full-time,Married,Yes,No,Auto,Yes,0
WKCXFFKDF6,25,77779,73456,348,106,4,2.71,36,0.84,Bachelor's,Full-time,Divorced,Yes,No,Education,Yes,0
QAX7D1YXQY,51,129991,94134,451,115,3,19.86,24,0.55,Bachelor's,Part-time,Married,No,Yes,Business,No,0
FCUDQZ8BCH,33,128809,78121,562,119,4,12.14,60,0.47,High School,Unemployed,Divorced,No,Yes,Other,Yes,1
X7VIFCII69,19,125553,132576,629,114,1,8.57,60,0.82,Master's,Self-employed,Divorced,Yes,No,Other,No,0
EODIPFG4EM,23,116878,45885,556,5,4,20.49,12,0.52,PhD,Self-employed,Single,Yes,Yes,Home,Yes,0
6OSO264D64,69,31581,43927,699,34,1,9.64,12,0.39,Bachelor's,Self-employed,Single,Yes,No,Education,No,0
6HE29R70VH,46,118990,36004,753,92,2,11.26,60,0.39,Bachelor's,Self-employed,Single,No,Yes,Auto,Yes,0
W7BRN76EOW,31,133502,154198,512,104,3,17.03,48,0.68,High School,Unemployed,Single,No,Yes,Auto,Yes,0
1GWODXGDHS,32,60717,104044,461,9,3,23.94,48,0.75,Bachelor's,Self-employed,Divorced,Yes,No,Other,Yes,0
64U3E39JY6,18,106041,9763,774,16,3,18.36,60,0.73,Master's,Unemployed,Divorced,Yes,Yes,Home,No,0
QBFS3K7HDR,27,26265,184292,488,73,3,6.56,60,0.24,High School,Part-time,Single,No,No,Home,No,1
TO57DI9OLJ,41,89108,30636,516,115,2,8.11,60,0.64,Master's,Unemployed,Married,No,Yes,Auto,No,0
LBY3ZA1R3E,48,37694,31318,675,85,1,2.3,12,0.41,Master's,Self-employed,Single,Yes,Yes,Auto,Yes,0
JK3IJS824N,62,45189,49678,511,80,2,18.68,60,0.2,High School,Part-time,Divorced,No,Yes,Home,No,1
8YPZ511BVP,28,59464,98901,835,53,1,13.59,36,0.45,PhD,Self-employed,Divorced,Yes,No,Business,Yes,0
SU2M43X56S,22,51990,119516,412,36,4,4.27,12,0.53,High School,Self-employed,Married,No,Yes,Home,No,0
ELRATJGYZ9,40,52611,17678,329,91,2,18.78,36,0.85,Bachelor's,Full-time,Divorced,Yes,No,Home,No,0
DECP4KADI5,42,41729,99035,848,49,3,15.95,12,0.64,Master's,Self-employed,Single,No,No,Education,Yes,0
O308SICBDU,35,149799,184939,628,47,4,3.62,36,0.12,Master's,Part-time,Married,Yes,No,Home,Yes,1
W5LTJ18FZY,56,95094,70714,605,119,2,21.1,60,0.32,Bachelor's,Part-time,Divorced,Yes,No,Education,No,0
KZPGEE73TB,57,53133,107073,362,56,2,12.13,48,0.35,Bachelor's,Part-time,Single,No,No,Other,Yes,0
DRV5P9X3M8,35,121159,163156,468,9,4,20.84,36,0.89,High School,Full-time,Single,Yes,Yes,Home,No,1
PYDIZS8O4I,49,74525,182394,685,112,3,11.94,48,0.31,PhD,Unemployed,Divorced,No,Yes,Auto,No,0
IGSY6D1ZGU,28,93078,129190,789,72,3,14.1,36,0.89,Bachelor's,Part-time,Married,Yes,No,Home,Yes,0
Q5JO938YUK,39,76352,169692,332,57,4,14.07,24,0.54,High School,Self-employed,Single,No,No,Other,No,0
81YCG47NEA,41,53075,217481,328,96,4,15.71,48,0.6,High School,Part-time,Single,No,No,Other,Yes,0
BAX7F1AAXG,53,34884,52612,412,90,4,19.02,24,0.65,Bachelor's,Unemployed,Divorced,No,No,Other,Yes,0
D2KNX3NSHN,18,139635,120364,824,69,2,19.67,24,0.39,PhD,Unemployed,Divorced,No,Yes,Business,No,0
1V2ZHMSWRW,60,84625,223769,436,13,4,22.3,36,0.87,Master's,Part-time,Married,No,No,Business,No,0
JT9AZCAHUX,38,99690,188809,642,23,2,15.49,48,0.64,High School,Self-employed,Single,Yes,No,Auto,No,0
JOMF6WZN01,43,51118,60646,599,45,4,19.1,36,0.31,Master's,Self-employed,Single,Yes,No,Home,Yes,1
FX70FK0SOC,45,117384,109427,415,10,2,10.19,60,0.54,Bachelor's,Self-employed,Divorced,Yes,Yes,Other,No,0
839T1QXIBE,35,24536,91579,499,96,2,16.7,12,0.44,Bachelor's,Full-time,Single,No,No,Education,No,1
FBA1D63JGU,67,30336,81987,572,34,1,22.44,60,0.38,High School,Self-employed,Divorced,No,No,Business,Yes,1
6GPMXI0ZZN,69,46048,197487,742,26,1,10.51,12,0.89,Bachelor's,Unemployed,Divorced,No,Yes,Auto,Yes,0
MSKZDAG3WN,18,134099,94022,552,37,1,21.33,60,0.38,Master's,Part-time,Single,Yes,Yes,Home,Yes,0
65FWGJKNK7,42,120771,42078,774,2,1,12.02,48,0.31,Master's,Part-time,Married,Yes,No,Auto,No,0
3SDWYVDRQR,58,128239,200072,372,63,4,6.12,24,0.2,Master's,Unemployed,Divorced,No,Yes,Business,No,0
ZJSHODAA5E,56,90788,78652,807,109,4,11.17,24,0.34,Bachelor's,Part-time,Single,No,No,Other,No,0
BNEAFDKIXZ,20,100880,114903,710,119,2,18.21,48,0.83,High School,Self-employed,Single,Yes,No,Business,Yes,0
1P6IN6LWCN,50,44925,43286,522,5,2,6.35,48,0.53,Bachelor's,Unemployed,Married,Yes,No,Education,No,1
WLI1OHFB23,19,149205,86399,791,88,3,23.71,48,0.42,Bachelor's,Part-time,Married,Yes,Yes,Other,No,0
4Q9XZAATQL,29,94787,140928,832,84,1,17.09,48,0.36,Bachelor's,Unemployed,Divorced,No,No,Auto,No,0
2H4H1YBLMT,45,29362,79345,719,84,1,24.42,60,0.8,Master's,Self-employed,Divorced,No,No,Other,Yes,1
QGYA2LENL9,29,42248,142875,698,65,4,13.57,48,0.63,Master's,Unemployed,Married,No,No,Home,No,1
ENJFKAISYA,22,64459,134001,734,108,2,15.29,12,0.76,High School,Self-employed,Single,Yes,Yes,Business,Yes,0
GVFJFMQAHU,55,28375,241438,336,76,4,8.43,24,0.13,Master's,Unemployed,Married,Yes,No,Other,No,0
0ELHYP1A15,55,21649,215257,689,75,4,17.73,12,0.38,Bachelor's,Full-time,Married,No,No,Auto,No,0
7ZLYK6V2NK,67,72855,21138,745,114,4,3.48,60,0.28,Bachelor's,Full-time,Married,Yes,Yes,Business,Yes,0
CRA1CXM5JZ,20,90776,219734,714,85,3,2.57,60,0.2,High School,Full-time,Married,No,Yes,Other,Yes,0
EI691HLO6V,28,144426,242938,360,110,3,6.08,60,0.49,Bachelor's,Unemployed,Divorced,Yes,No,Other,No,0
MQZ8J68RMX,65,87971,199358,504,79,4,14.86,60,0.89,Master's,Self-employed,Divorced,Yes,Yes,Education,Yes,0
BUHMLKGXCB,48,97857,244042,750,75,1,22.26,24,0.47,High School,Full-time,Married,No,No,Home,No,0
9X7B2CW1OA,34,52629,208645,730,77,4,18.67,24,0.86,High School,Part-time,Married,Yes,No,Other,No,1
TSC2NSL167,22,73370,109039,739,102,1,10.58,24,0.17,Bachelor's,Part-time,Married,Yes,No,Other,Yes,0
1Q5I83C6PA,57,87865,239571,601,41,2,2.65,24,0.35,High School,Full-time,Married,Yes,Yes,Home,No,0
FX4CM2GDIC,42,40228,162382,623,22,4,16.76,36,0.78,Master's,Self-employed,Single,Yes,No,Other,Yes,0
B006R1M1NM,52,66786,173061,453,22,3,20.18,24,0.62,Master's,Part-time,Divorced,Yes,No,Home,No,0
7BP4Y8GS32,55,149713,184279,721,50,4,3.32,12,0.42,PhD,Part-time,Married,Yes,No,Education,No,0
NM5GCQY9JB,61,139573,170748,592,16,3,3.46,36,0.86,Master's,Part-time,Divorced,Yes,Yes,Auto,No,0
3V8Y2CEHKY,20,100833,100397,701,1,4,3.18,12,0.76,High School,Part-time,Divorced,No,No,Home,Yes,1
YYZFZV09PD,33,88441,214304,483,115,2,2.77,12,0.89,Master's,Part-time,Divorced,Yes,Yes,Auto,Yes,0
SZEQDJQ9XK,33,89417,150097,705,6,4,24.23,36,0.64,Bachelor's,Full-time,Married,Yes,Yes,Other,Yes,1
4JHMF5IBM4,36,96182,229283,302,60,3,2.55,36,0.69,Bachelor's,Full-time,Single,No,Yes,Education,No,0
V4ATESCC5M,62,120515,195799,698,102,1,21.04,12,0.59,Master's,Self-employed,Divorced,No,No,Other,No,0
G2ZICVIE8T,23,60893,75350,700,39,4,16.73,60,0.12,High School,Full-time,Divorced,No,No,Business,Yes,0
ROYPXZK2AL,38,43223,223248,492,15,3,20.71,36,0.83,High School,Part-time,Married,Yes,Yes,Business,Yes,1
9I2NX9TJPY,68,86229,9457,480,100,1,7.0,12,0.73,Master's,Full-time,Married,No,Yes,Auto,No,0
Q1P9POIQNY,27,18971,229235,744,39,4,9.33,60,0.64,High School,Part-time,Single,Yes,No,Auto,Yes,1
325Z3L1EPE,32,121436,226486,492,29,3,9.13,60,0.73,PhD,Part-time,Single,Yes,Yes,Home,Yes,0
DP7FKO6JRK,27,75406,222400,831,30,3,21.28,60,0.83,Master's,Part-time,Married,Yes,Yes,Auto,No,1
OEYAD21VOU,64,67977,72836,796,82,4,17.67,12,0.22,Bachelor's,Full-time,Married,No,Yes,Business,Yes,0
5SJY3TYKMY,56,79455,187803,588,51,3,9.39,60,0.53,PhD,Full-time,Married,Yes,No,Other,Yes,0
M1GK3URETK,20,64542,172013,489,119,1,4.63,60,0.86,Master's,Unemployed,Divorced,No,No,Business,Yes,0
H7O6Z8WJ9Y,37,136961,112347,765,64,1,17.93,36,0.31,PhD,Unemployed,Married,Yes,No,Auto,No,0
03IO75CAHI,36,18586,97436,512,102,1,2.01,36,0.71,High School,Full-time,Married,Yes,No,Business,No,1
P7MBAX4J5G,68,107637,82971,831,34,3,22.98,12,0.31,PhD,Part-time,Divorced,No,Yes,Education,No,0
I1VFNDQOON,21,79928,67185,649,17,1,13.02,12,0.64,Master's,Unemployed,Married,No,Yes,Auto,No,0
FNR5Y7FDKE,39,84814,121204,562,106,3,5.75,12,0.1,PhD,Part-time,Divorced,Yes,Yes,Auto,No,0
X0K3W6US2Y,51,22964,35638,637,92,4,12.16,12,0.18,Bachelor's,Full-time,Single,No,Yes,Education,No,0
SAJ3V3MDJ2,67,51368,25345,459,78,1,20.75,48,0.65,Bachelor's,Unemployed,Single,No,Yes,Auto,Yes,0
Y40H8W0104,30,22117,192432,546,58,4,18.14,12,0.43,High School,Unemployed,Divorced,Yes,No,Business,No,1
TW1UMG7DEA,34,110064,172646,447,97,3,23.3,48,0.58,PhD,Unemployed,Divorced,Yes,Yes,Education,No,0
MKQRYCSQ7K,49,17580,127998,673,3,2,11.98,60,0.2,Master's,Unemployed,Divorced,Yes,Yes,Education,Yes,0
CXYPQAQO9E,67,139266,230575,816,107,1,9.65,24,0.83,Bachelor's,Full-time,Single,No,No,Home,No,0
D4BE55KQ65,34,101160,37207,381,57,2,3.59,36,0.36,High School,Self-employed,Divorced,No,No,Education,No,0
D94WY8RALB,52,17569,186252,403,29,4,18.36,24,0.64,High School,Unemployed,Married,Yes,No,Education,No,0
KWNP4MPURU,18,100188,120346,617,0,2,7.08,60,0.39,Bachelor's,Unemployed,Married,No,Yes,Business,Yes,0
S0BQZY6FDE,35,48043,144347,802,102,4,20.47,48,0.53,High School,Full-time,Single,Yes,Yes,Auto,Yes,0
VCAR9M7D2J,45,46012,193207,348,4,3,2.23,60,0.89,Bachelor's,Self-employed,Married,Yes,No,Auto,No,0
L0H1LY2MAL,46,42740,100251,558,93,1,16.56,36,0.3,Bachelor's,Self-employed,Single,Yes,Yes,Education,No,0
LCQQYVT1BH,22,91593,115614,694,107,4,8.6,12,0.77,Bachelor's,Full-time,Married,No,Yes,Home,Yes,0
GP8ZX0397E,63,143835,54383,799,79,3,21.29,24,0.4,PhD,Part-time,Married,No,No,Home,Yes,0
IMMPFLBFCO,29,119238,107782,594,87,1,5.41,60,0.65,Bachelor's,Self-employed,Single,Yes,Yes,Education,Yes,0
W8DTHPPVQB,56,139401,83488,399,10,3,19.71,48,0.26,Master's,Part-time,Married,Yes,No,Auto,Yes,0
CA11LHQO1F,63,46990,48719,730,15,1,15.02,24,0.57,Master's,Unemployed,Single,No,No,Other,No,0
0QGWJAL0SJ,49,59344,198014,830,84,2,7.81,12,0.21,High School,Part-time,Divorced,No,No,Education,Yes,0
BE3IXM2KAX,58,126707,155042,436,61,1,21.7,48,0.67,Master's,Unemployed,Single,Yes,No,Auto,Yes,0
XJWO591CAM,25,77774,185956,751,57,2,11.56,24,0.36,Master's,Unemployed,Married,Yes,No,Education,No,1
BKSM6TMYW6,45,115190,43326,695,109,3,21.35,60,0.63,Bachelor's,Self-employed,Single,No,Yes,Other,Yes,0
YFSZYW3GXQ,18,28683,35768,781,1,2,8.43,48,0.23,Master's,Full-time,Married,Yes,No,Other,No,0
2RBN6DIHEV,32,105005,51807,795,90,4,19.96,24,0.38,Bachelor's,Full-time,Single,Yes,No,Other,Yes,0
64LC76W8BI,66,123220,153911,661,44,4,24.69,36,0.74,Bachelor's,Unemployed,Single,Yes,Yes,Business,No,0
CVV0XNFQKY,29,124915,39216,690,49,2,3.08,36,0.3,Bachelor's,Unemployed,Single,Yes,No,Business,No,0
Q3745D5ZY2,64,119302,214552,488,26,4,20.46,48,0.12,High School,Part-time,Divorced,No,No,Other,No,1
LLFL1B9T6A,55,115446,130605,719,108,3,10.33,60,0.88,Master's,Full-time,Married,No,Yes,Business,No,0
CDLA52UMVF,48,95050,210232,432,49,3,2.66,60,0.25,Master's,Full-time,Married,No,No,Home,Yes,0
0CONVHV3HL,29,56125,72770,747,48,4,23.07,12,0.59,High School,Self-employed,Married,No,Yes,Home,No,1
LJ5QOCTJSW,42,106903,23077,595,95,3,21.32,60,0.76,PhD,Part-time,Single,Yes,Yes,Business,Yes,0
TMHW4RNUNR,27,133313,20226,793,17,1,24.44,12,0.66,High School,Part-time,Divorced,Yes,No,Education,Yes,0
FRTNIZ7AKW,53,62208,72105,615,102,1,10.87,24,0.66,Master's,Self-employed,Divorced,Yes,Yes,Other,No,0
8MSGEITRTN,19,64371,65401,534,39,3,2.96,48,0.87,Bachelor's,Unemployed,Divorced,No,No,Education,Yes,0
NNAFJ2UZ6R,27,145221,31746,742,16,1,18.39,12,0.36,High School,Self-employed,Married,No,Yes,Home,No,0
UV62QGVI8S,55,44049,99952,710,99,3,10.38,36,0.2,High School,Self-employed,Single,No,No,Other,Yes,0
4X8SD0GOZS,69,43268,85873,843,12,3,22.89,24,0.38,Master's,Full-time,Single,No,No,Education,Yes,0
HC5R8NAER9,29,116948,5760,489,65,4,6.04,12,0.59,High School,Self-employed,Single,No,Yes,Other,Yes,0
2D4FX75C1L,50,52490,222861,469,91,2,15.2,12,0.67,Master's,Self-employed,Married,Yes,No,Education,Yes,0
QX3C2TCO1O,65,72573,61071,420,77,4,5.64,12,0.17,Master's,Self-employed,Married,Yes,No,Auto,Yes,0
O62OXG264S,57,50035,186885,311,82,2,2.59,12,0.87,Master's,Full-time,Single,No,Yes,Other,No,0
WSNF84S7IW,26,87923,195384,802,98,4,23.53,36,0.79,Master's,Full-time,Single,No,No,Other,Yes,1
QLAY8KU8EY,45,126869,45847,488,79,1,4.9,24,0.14,High School,Self-employed,Single,Yes,Yes,Education,Yes,0
C7RC377W70,57,91175,116419,310,68,2,22.66,60,0.33,Master's,Self-employed,Divorced,Yes,No,Auto,Yes,0
1JVPT9WO7Z,38,132032,5437,314,23,4,17.37,24,0.25,PhD,Self-employed,Single,Yes,No,Home,No,0
5VTRM92C1R,47,112101,223223,517,116,2,17.04,60,0.18,Master's,Self-employed,Single,No,No,Auto,No,0
Z0LUPG5OZ2,66,106662,136553,826,20,1,24.47,12,0.45,Bachelor's,Unemployed,Married,No,No,Auto,Yes,0
WKGUNMQJ03,30,111903,16907,672,74,2,22.62,24,0.75,Master's,Unemployed,Divorced,No,Yes,Education,No,0
464TU9BJ2E,23,142590,145199,590,90,3,14.12,24,0.33,High School,Self-employed,Married,No,No,Auto,No,0
ZJW6Z9U9YS,54,114019,27425,388,89,4,6.77,24,0.39,High School,Part-time,Divorced,No,Yes,Education,No,0
OQSPL139TQ,40,75461,221004,332,20,2,7.25,24,0.23,Bachelor's,Part-time,Divorced,No,Yes,Business,Yes,0
IUVSSXMONK,31,59866,133559,658,19,4,14.78,24,0.78,High School,Unemployed,Married,Yes,Yes,Business,Yes,1
EV0UF92JGP,57,109874,30973,567,113,4,13.95,60,0.62,Master's,Part-time,Divorced,Yes,Yes,Auto,No,0
J38IGGWKIL,19,41271,113957,764,43,3,9.67,48,0.37,Master's,Unemployed,Divorced,Yes,No,Business,No,0
X7FQUVIU77,57,46201,80819,827,33,3,15.06,24,0.4,Bachelor's,Part-time,Married,Yes,Yes,Education,No,0
JQPKZXUS1D,24,137575,166623,734,22,3,19.8,36,0.87,Bachelor's,Self-employed,Married,No,No,Other,No,0
FIIMGYJEVG,66,49411,159105,371,86,4,13.35,60,0.12,Bachelor's,Self-employed,Married,No,No,Business,Yes,0
OB94IKANCO,61,132628,108997,316,64,3,3.29,48,0.82,PhD,Unemployed,Single,No,Yes,Business,No,0
NN6K6OEDO9,57,17160,152979,829,104,3,16.68,36,0.29,PhD,Part-time,Single,Yes,No,Business,No,0
JMZ1MDFHTU,56,95740,78777,323,103,3,12.1,60,0.35,High School,Self-employed,Married,Yes,Yes,Home,No,0
IA7AP2G5TK,65,75247,234945,348,42,3,12.62,60,0.84,Bachelor's,Full-time,Married,Yes,No,Education,No,0
4PJJTC16AV,44,98752,106179,645,98,2,6.06,24,0.49,Master's,Self-employed,Married,No,Yes,Business,No,0
J6JUX1DW5L,46,112554,28343,835,53,2,24.27,60,0.85,Master's,Unemployed,Married,Yes,No,Education,Yes,0
HZV0H4BG5J,31,93539,64629,686,0,3,22.28,24,0.6,Master's,Self-employed,Single,Yes,No,Other,No,0
DAFJQ6GIZT,42,149486,69873,600,17,1,7.6,48,0.54,Master's,Self-employed,Divorced,Yes,Yes,Auto,No,0
8MVV1AH0Y5,25,48708,83013,713,33,1,6.64,48,0.22,PhD,Self-employed,Married,Yes,No,Education,Yes,0
I7WIWFG3TS,52,119793,53694,561,49,2,10.55,36,0.41,Master's,Part-time,Married,Yes,Yes,Other,Yes,0
A59DSZZRWA,25,110807,38655,510,110,2,15.11,48,0.17,Master's,Self-employed,Divorced,No,No,Other,Yes,0
6O7KFT353B,66,36656,248594,565,81,4,5.71,36,0.71,Bachelor's,Self-employed,Divorced,No,No,Home,Yes,0
JGT3AC1E0K,36,58589,207462,441,18,3,4.91,60,0.85,High School,Self-employed,Single,No,No,Business,No,0
OJSNT1QCHI,57,55789,72026,799,53,1,13.8,60,0.46,PhD,Full-time,Divorced,Yes,Yes,Home,Yes,0
2V2A8JFL3D,49,131375,131314,580,119,4,21.36,12,0.88,Master's,Part-time,Divorced,No,Yes,Home,No,0
MPMXQMQG1C,29,62814,61596,352,39,4,16.59,60,0.63,PhD,Part-time,Married,No,No,Other,No,1
5E7XMXBUP0,69,16342,69180,376,37,2,15.86,12,0.47,High School,Self-employed,Married,No,Yes,Auto,Yes,0
R5Q2H7F44H,47,38866,125930,763,52,4,9.47,36,0.48,Master's,Full-time,Divorced,No,No,Other,Yes,1
O2QHYHSMR1,24,114898,160615,435,70,3,10.63,24,0.67,Master's,Unemployed,Married,No,Yes,Business,Yes,0
HWMUD4QP9V,39,146477,154349,694,89,2,9.18,48,0.62,Bachelor's,Part-time,Single,Yes,Yes,Business,No,0
3ZPRSU2JFQ,34,88481,32326,710,81,3,18.73,12,0.87,Master's,Self-employed,Married,Yes,Yes,Business,Yes,0
L6G8XFLONL,41,103070,220091,779,90,1,9.75,24,0.48,Master's,Unemployed,Divorced,No,Yes,Education,No,0
VJM7XF5R24,23,109231,235638,399,0,1,10.38,48,0.35,High School,Unemployed,Divorced,No,No,Home,No,0
5P9MCMQEFS,30,81566,218945,813,37,1,18.57,12,0.69,Bachelor's,Self-employed,Married,Yes,No,Auto,Yes,0
SQ07CVQJ54,41,76784,53121,312,3,2,13.44,48,0.82,Bachelor's,Unemployed,Divorced,Yes,No,Business,Yes,0
5ZCL80TU0D,31,18318,112395,441,46,2,8.14,60,0.64,Master's,Part-time,Married,No,Yes,Education,No,0
RAAEP27NWN,42,71611,31938,663,91,2,22.2,60,0.3,High School,Part-time,Married,No,No,Other,Yes,0
VNW9HN9E7N,65,113609,71233,831,50,4,9.51,36,0.75,PhD,Full-time,Married,No,No,Other,No,0
M9NOY2D9Z9,62,85317,65823,789,49,3,3.5,12,0.37,Master's,Full-time,Single,Yes,Yes,Business,No,0
D36MVGVW1Y,57,92089,158897,626,45,2,13.48,60,0.18,Master's,Unemployed,Divorced,Yes,Yes,Education,Yes,0
NV7BHS6W07,62,109310,39922,378,9,1,21.96,60,0.67,Bachelor's,Self-employed,Married,Yes,Yes,Home,No,0
A5T87GISAF,29,60476,158393,367,61,4,23.96,24,0.58,Master's,Unemployed,Divorced,Yes,Yes,Auto,No,1
8AQ2CKUKP5,26,81310,32455,698,82,2,16.25,36,0.19,PhD,Unemployed,Married,No,Yes,Auto,Yes,0
YMYSIEJ1GY,18,103323,13690,538,45,3,10.1,48,0.36,High School,Part-time,Single,Yes,Yes,Auto,No,0
D3OWCXNNWM,41,24440,14839,676,81,2,15.25,60,0.74,PhD,Full-time,Married,Yes,Yes,Home,Yes,0
9MLVZ5PIM5,36,31599,117156,418,76,4,6.54,24,0.5,Master's,Unemployed,Married,No,No,Other,Yes,0
ZG58F4ZELZ,59,70487,104055,616,5,1,20.47,48,0.78,PhD,Part-time,Divorced,No,Yes,Home,Yes,1
RMFICT171R,50,116897,110745,302,83,4,5.57,48,0.41,Master's,Full-time,Married,No,Yes,Other,Yes,0
364S61KKCT,25,46223,185653,325,60,1,18.72,12,0.71,Bachelor's,Self-employed,Single,Yes,No,Business,No,0
8ORGRL7J5B,38,24089,82028,680,115,3,21.05,60,0.6,Master's,Self-employed,Married,Yes,Yes,Other,Yes,0
O398DGTW9D,35,62842,227347,614,65,3,12.49,48,0.14,High School,Part-time,Married,Yes,No,Other,Yes,0
ENOUQ66PVS,51,107403,187993,500,38,1,19.98,12,0.78,High School,Unemployed,Married,No,Yes,Education,Yes,0
DZG3VHH4D0,40,110098,177233,376,99,4,24.97,24,0.87,Master's,Unemployed,Single,Yes,Yes,Auto,Yes,0
KA5PFUW6MI,44,104829,208854,567,19,1,9.01,24,0.74,Master's,Part-time,Single,Yes,Yes,Other,No,0
0017GMS3C8,67,106955,98479,674,98,4,15.97,12,0.52,High School,Full-time,Single,Yes,No,Home,No,0
YKJZ03QP1S,63,64066,47438,572,99,2,4.54,48,0.19,Master's,Full-time,Single,Yes,No,Business,No,0
1X72HC3SQT,61,82928,192158,754,111,1,14.85,24,0.21,Bachelor's,Full-time,Divorced,Yes,No,Other,No,0
2FL2QK9G7T,31,79722,22050,579,26,1,9.78,24,0.79,Bachelor's,Unemployed,Married,Yes,No,Home,No,0
ODVQLAMWF1,59,73595,181006,542,64,1,21.47,60,0.63,High School,Unemployed,Married,No,Yes,Home,Yes,0
WBYXRV0SPX,24,41747,177741,385,87,4,4.44,48,0.43,PhD,Part-time,Divorced,No,No,Auto,Yes,0
KXH4WRJXT1,48,17053,194576,697,62,3,2.95,12,0.73,Bachelor's,Full-time,Married,No,No,Business,No,1
MIKEL03Y00,40,71583,140234,749,54,2,15.02,12,0.18,High School,Part-time,Single,Yes,No,Home,Yes,1
Z41KBKSXXV,33,140217,220669,712,93,4,7.13,24,0.19,Bachelor's,Unemployed,Single,No,Yes,Education,Yes,0
LEMIKD9RPA,21,59964,146061,778,13,2,17.67,60,0.22,Master's,Self-employed,Divorced,No,Yes,Other,Yes,0
4LVC9K83SA,50,27321,57744,336,68,2,16.0,48,0.42,High School,Self-employed,Single,Yes,No,Other,No,0
JCY929HBLH,50,79271,36201,734,57,1,18.75,24,0.13,High School,Part-time,Married,No,No,Home,Yes,0
IKLTUZ2N2K,26,48091,138253,416,10,2,11.41,48,0.75,High School,Full-time,Divorced,No,Yes,Business,No,0
4N9OXFNBYR,56,108193,161790,472,66,1,24.63,48,0.53,Master's,Part-time,Single,No,Yes,Business,No,0
1YEILU61JO,21,126320,129490,493,11,3,20.96,60,0.82,High School,Full-time,Single,Yes,Yes,Business,No,0
Q1V8LISIAI,55,84486,244801,316,99,1,18.35,36,0.24,High School,Full-time,Single,Yes,No,Education,No,0
MIW8GXDS8Y,50,103050,92197,338,60,1,14.15,12,0.61,High School,Self-employed,Single,Yes,Yes,Education,No,0
43PD8E2ONU,36,47311,110823,833,0,4,21.01,60,0.19,Bachelor's,Full-time,Married,No,No,Home,No,1
AEFX807CPN,44,98678,93338,708,12,3,10.36,48,0.66,Bachelor's,Self-employed,Divorced,Yes,Yes,Home,Yes,1
DMQ8F66TPV,47,32592,117431,716,43,1,15.41,48,0.24,Master's,Full-time,Single,Yes,No,Education,Yes,0
L12A6XGDHR,37,131921,138498,341,37,1,17.14,24,0.52,Bachelor's,Part-time,Single,Yes,No,Auto,No,0
XI8BGNN7MO,34,138420,81756,620,38,1,21.55,48,0.85,Bachelor's,Part-time,Single,Yes,No,Auto,No,0
O53H1BL1LN,37,50700,147794,605,71,4,16.6,12,0.64,High School,Full-time,Single,No,Yes,Business,Yes,1
NTHMRMAWFV,34,93352,31915,586,76,4,16.68,24,0.82,High School,Self-employed,Divorced,Yes,No,Auto,No,0
8L6VT933AO,67,16957,30537,710,118,4,6.46,36,0.28,Bachelor's,Full-time,Married,Yes,No,Auto,Yes,0
BF2HXQIW4G,39,34720,240204,631,105,1,23.21,60,0.17,Bachelor's,Unemployed,Single,No,Yes,Auto,Yes,1
4OEZBOC6JV,59,78703,182763,720,108,4,14.59,12,0.72,PhD,Self-employed,Divorced,Yes,No,Home,Yes,0
XYK209FDH0,64,142174,185742,639,97,1,5.99,24,0.71,Bachelor's,Self-employed,Divorced,No,Yes,Other,Yes,0
WT18FKZXR8,22,15726,245115,617,88,1,22.02,48,0.57,PhD,Full-time,Married,No,No,Business,Yes,0
L18L04UJPM,53,70112,20196,531,90,2,23.37,36,0.22,Master's,Self-employed,Divorced,No,No,Auto,Yes,0
X5QRZRN79O,65,89405,209591,379,61,1,6.74,12,0.79,High School,Full-time,Married,Yes,No,Other,Yes,0
2OYLARF8H7,65,146875,105879,489,31,1,17.66,60,0.26,Master's,Unemployed,Married,No,No,Business,Yes,0
E2ZZ6F66XU,67,53223,124321,553,59,3,21.4,60,0.26,Bachelor's,Part-time,Married,No,Yes,Auto,Yes,0
464MS8S16F,35,126247,245246,558,0,1,22.79,48,0.56,PhD,Self-employed,Married,Yes,No,Auto,Yes,0
JLXPV7NASZ,31,76248,39930,325,12,4,10.05,60,0.46,PhD,Unemployed,Single,No,No,Auto,No,1
N550DHR48W,50,21170,217178,817,24,1,24.79,24,0.56,PhD,Full-time,Single,No,Yes,Business,Yes,1
ZU59W0RULI,39,98751,196745,655,11,1,10.09,36,0.87,Bachelor's,Full-time,Divorced,Yes,No,Business,No,0
E6OQA9DPKF,31,44372,53991,587,79,3,4.94,36,0.81,Master's,Full-time,Single,No,Yes,Auto,No,0
D2AKZKPWRB,61,24633,54223,487,16,1,8.29,36,0.18,Master's,Unemployed,Divorced,Yes,Yes,Auto,No,0
68E3V3EMOO,30,105036,240383,660,0,4,15.38,24,0.33,High School,Unemployed,Married,No,No,Other,Yes,0
K2UHF1W7VN,67,128363,125394,809,92,1,24.51,24,0.68,PhD,Unemployed,Married,Yes,Yes,Home,Yes,0
6S0B2YXA8P,21,100023,46184,364,109,2,5.85,36,0.79,Bachelor's,Part-time,Single,No,No,Education,No,0
8QJV11888X,22,72857,236413,532,114,3,21.45,24,0.2,Master's,Part-time,Married,No,No,Education,No,1
XH9M1J80AT,67,92197,220964,643,104,3,14.37,60,0.24,PhD,Part-time,Divorced,Yes,Yes,Education,No,0
21X3L0YQZS,51,79991,35378,385,49,4,2.14,36,0.2,Master's,Full-time,Married,Yes,No,Other,No,0
W3MPT0C0I4,31,101310,236023,815,83,1,9.15,60,0.18,Master's,Full-time,Married,No,Yes,Education,No,0
J8B75AOBBQ,25,121293,185888,818,77,1,11.55,60,0.42,Bachelor's,Unemployed,Married,No,Yes,Education,Yes,0
LBMRPAAH0F,49,147355,223728,720,61,3,20.52,36,0.7,Bachelor's,Part-time,Divorced,No,No,Other,No,0
DKJKR51OEI,35,75791,57635,508,69,4,2.41,24,0.87,Bachelor's,Unemployed,Divorced,Yes,No,Education,No,0
605J3I9NXU,23,31313,233226,827,18,3,8.9,24,0.3,PhD,Full-time,Divorced,No,No,Auto,No,1
HYRLN8RPHC,54,146280,18286,682,14,4,21.78,12,0.11,Bachelor's,Part-time,Married,Yes,No,Business,Yes,0
H4J9C8W4LI,19,79159,9783,769,79,2,23.3,36,0.24,Bachelor's,Part-time,Divorced,No,No,Education,Yes,0
MRE1DADT0R,28,77124,10154,385,14,2,17.43,36,0.74,High School,Unemployed,Single,Yes,No,Business,Yes,1
XQ51BJ72ZJ,30,47879,220160,794,4,1,18.59,24,0.62,Bachelor's,Part-time,Married,No,Yes,Education,No,1
VQU6H1GSCB,28,58932,243264,506,101,3,21.66,48,0.73,High School,Self-employed,Married,No,Yes,Home,Yes,0
C9LVP0GGRZ,55,76180,149883,694,52,1,24.43,12,0.45,PhD,Unemployed,Single,Yes,Yes,Auto,No,1
XA7G8T2YD5,26,90584,151646,453,91,4,11.79,60,0.66,Bachelor's,Part-time,Divorced,No,Yes,Auto,Yes,0
Y9NYNZT5MA,48,27253,37065,360,36,4,23.79,48,0.73,High School,Unemployed,Single,Yes,Yes,Home,Yes,1
7RDE7H2FF2,61,68150,154678,366,42,1,20.71,12,0.32,Bachelor's,Full-time,Married,Yes,No,Education,Yes,0
0V4D31CORL,38,44857,231402,673,97,4,2.12,12,0.62,Master's,Part-time,Divorced,No,Yes,Other,No,0
MRUF6JS14B,21,50651,242964,330,40,2,13.39,24,0.41,High School,Full-time,Single,No,No,Business,No,1
09YDL1KJQM,27,44997,43781,683,80,2,21.65,60,0.7,Bachelor's,Part-time,Divorced,No,No,Education,Yes,0
V9LON80C7D,52,25039,244320,838,60,1,21.33,36,0.39,Master's,Full-time,Single,No,Yes,Education,Yes,1
48MVIXKPCF,41,72789,235516,564,73,3,7.7,60,0.22,High School,Full-time,Married,No,Yes,Education,Yes,0
G9RZ9XUNEI,67,33476,200242,414,32,4,12.6,12,0.88,High School,Full-time,Divorced,Yes,Yes,Education,Yes,0
GCMG4HX613,51,107613,247062,506,4,1,23.27,12,0.56,High School,Full-time,Divorced,Yes,Yes,Education,Yes,0
JYS0YQT04J,33,119955,180385,698,29,4,14.21,24,0.8,PhD,Self-employed,Married,No,Yes,Auto,Yes,0
32YSAK1VYT,43,31309,195353,722,119,2,14.03,36,0.52,Master's,Part-time,Single,No,No,Business,No,0
38FIERV080,41,44111,117253,836,33,4,22.74,12,0.19,Bachelor's,Unemployed,Married,Yes,No,Other,Yes,0
VR7CP4F71L,60,126339,152824,710,65,4,10.37,12,0.13,High School,Part-time,Married,Yes,Yes,Auto,Yes,0
XT7HC9BCNJ,22,34200,116128,627,51,4,6.52,48,0.88,Master's,Full-time,Divorced,No,No,Auto,Yes,0
VO520S667B,51,91321,56474,338,77,4,5.11,60,0.27,High School,Full-time,Divorced,No,No,Business,Yes,0
5MC2KXN10S,18,130371,116020,594,71,2,9.3,48,0.76,Master's,Full-time,Married,No,No,Education,Yes,0
EYJDQ4HECR,64,103636,37973,549,77,2,7.41,36,0.24,Bachelor's,Unemployed,Married,No,No,Business,No,0
TLUZ9CC4MO,63,44639,214405,733,97,4,20.66,60,0.6,PhD,Self-employed,Divorced,Yes,Yes,Home,Yes,0
8887H2FFSX,19,149314,195225,386,103,4,21.97,48,0.4,PhD,Unemployed,Single,No,Yes,Business,Yes,0
T4ZCI76ERT,41,17505,125488,433,64,1,10.72,60,0.45,Bachelor's,Full-time,Single,No,Yes,Education,Yes,0
NFWSL0OE8S,48,27729,187570,739,15,4,8.98,12,0.17,High School,Part-time,Single,No,No,Education,No,0
0TJTCRN4VG,36,63649,148496,759,87,3,7.07,48,0.12,High School,Full-time,Divorced,Yes,Yes,Education,Yes,0
PQA8O7GE8J,58,131634,189281,707,10,2,21.47,36,0.47,PhD,Full-time,Single,No,No,Auto,No,0
UYPYSHMSAL,25,31644,100204,491,53,2,6.94,36,0.32,PhD,Part-time,Married,Yes,No,Auto,No,0
G0FMQGRIFC,52,30130,34531,655,44,3,11.29,36,0.58,Master's,Self-employed,Single,Yes,Yes,Business,Yes,0
I3LPGZGLNI,67,15028,58515,718,79,4,16.09,36,0.52,Bachelor's,Part-time,Married,Yes,Yes,Auto,No,0
JOICEBMD3H,38,142391,87439,756,28,2,24.44,24,0.31,High School,Unemployed,Single,Yes,No,Other,No,0
URITAUJVH0,22,39571,114447,588,112,4,10.15,48,0.17,Master's,Self-employed,Married,Yes,Yes,Other,No,1
L6VLTVM843,64,149847,198361,456,50,3,12.86,12,0.38,High School,Self-employed,Married,Yes,Yes,Education,No,0
S3Q8DGC6BO,65,138770,95484,330,55,1,22.51,36,0.27,Master's,Full-time,Married,No,No,Business,No,0
4HQ6AUVW3I,49,100789,74360,547,70,3,23.6,60,0.38,PhD,Part-time,Divorced,No,No,Other,Yes,0
C827ARKTFR,53,76687,88478,341,98,1,10.85,48,0.62,Bachelor's,Full-time,Married,No,No,Business,No,0
LWTABVYFH0,63,126244,82575,316,69,4,11.24,24,0.58,Master's,Part-time,Divorced,Yes,Yes,Home,Yes,0
1E6JP2ZF6R,35,49464,38517,544,72,3,19.07,36,0.11,Bachelor's,Unemployed,Single,No,No,Auto,Yes,0
JIOK9O5OWJ,45,146767,168002,313,109,2,4.35,60,0.61,Master's,Full-time,Divorced,No,No,Education,No,0
40R922SF3O,37,129044,71279,745,37,4,5.2,36,0.75,Master's,Unemployed,Married,No,Yes,Auto,Yes,0
0Q0SS560YX,55,66734,55620,651,33,3,14.84,36,0.27,PhD,Self-employed,Divorced,No,Yes,Other,Yes,0
TV7DAR4CEE,59,147555,109066,615,80,1,22.88,12,0.61,PhD,Part-time,Divorced,Yes,Yes,Other,No,0
QMPC5M16F8,43,117066,206905,735,30,1,15.31,24,0.11,Bachelor's,Full-time,Single,No,Yes,Business,No,0
1G4IJZU73C,51,49434,28607,654,90,1,8.02,36,0.85,Master's,Part-time,Divorced,Yes,Yes,Education,No,0
L5JTFVVNS4,53,109167,121299,775,57,1,13.03,36,0.49,Bachelor's,Full-time,Divorced,Yes,Yes,Education,No,0
SG5AO6RC1T,45,134808,240001,384,86,2,24.3,60,0.21,Master's,Unemployed,Divorced,No,No,Auto,No,0
NLN5WVYGD2,69,117305,34039,735,57,2,15.47,48,0.16,Master's,Unemployed,Single,No,No,Business,No,0
L6BD6CK0DF,33,149534,191380,480,44,1,3.03,60,0.68,High School,Part-time,Married,No,Yes,Business,No,0
P03EUC19LY,30,129875,173135,504,28,4,12.88,60,0.88,High School,Unemployed,Single,Yes,No,Other,Yes,1
YUINQM8MRJ,43,44561,95950,339,73,4,15.84,12,0.25,PhD,Unemployed,Divorced,No,No,Education,Yes,0
WO8D7VBUAD,40,38777,127506,456,119,1,21.2,12,0.1,High School,Full-time,Married,No,Yes,Auto,Yes,0
T583ZXQDQ0,58,132621,103968,407,12,3,21.36,36,0.89,High School,Unemployed,Divorced,Yes,Yes,Other,No,0
GPZ29ECDNC,63,101177,57935,707,45,1,23.79,36,0.6,High School,Full-time,Divorced,Yes,No,Business,Yes,0
4FXJI9JBO3,31,15977,43870,619,100,4,8.07,36,0.62,High School,Full-time,Single,No,Yes,Home,Yes,0
SWQK64AZ2S,67,29929,168559,383,0,2,9.87,48,0.68,PhD,Self-employed,Single,No,No,Other,No,0
1TCRVCOKHT,43,125013,169086,474,6,2,5.0,24,0.57,PhD,Part-time,Divorced,Yes,Yes,Home,Yes,0
3HPXTAE6HF,59,87906,5300,830,92,1,7.57,12,0.14,Bachelor's,Self-employed,Single,No,Yes,Other,No,0
7LPUBTO3WZ,19,49683,38287,591,45,1,20.63,60,0.4,High School,Full-time,Divorced,Yes,Yes,Education,No,0
WP9X7LNBF7,30,79317,132661,701,104,3,24.57,36,0.59,Master's,Part-time,Divorced,Yes,Yes,Home,No,0
S6BMRJDMPE,66,121727,21461,478,84,4,10.52,24,0.53,PhD,Part-time,Single,Yes,No,Business,No,0
Q7MS4VFXSD,28,50310,167711,841,96,2,21.47,24,0.88,Master's,Part-time,Married,No,No,Education,No,1
FKGVS8T2WJ,37,57455,228309,775,38,4,5.07,48,0.37,Bachelor's,Part-time,Divorced,Yes,Yes,Business,No,0
6VAAHIF8XD,27,42570,175880,762,34,4,9.45,24,0.44,PhD,Part-time,Divorced,Yes,Yes,Education,No,0
OD460Z14YV,50,86090,10593,542,7,2,23.67,12,0.11,High School,Self-employed,Married,No,No,Other,Yes,0
DCXA3OLI7E,28,21638,124767,342,112,4,20.73,48,0.65,Bachelor's,Full-time,Divorced,Yes,Yes,Business,Yes,0
LBYPISRV81,56,113790,135922,571,95,1,19.34,36,0.37,Bachelor's,Part-time,Married,No,No,Business,No,0
MNGOHNXPGS,23,77816,36388,497,96,2,23.81,36,0.45,Bachelor's,Part-time,Married,No,Yes,Other,No,0
9EMC08T14J,26,60548,28766,418,85,2,19.03,12,0.38,High School,Unemployed,Single,No,Yes,Auto,No,0
SRKF17XRIB,53,51623,45450,349,5,1,5.19,48,0.38,High School,Part-time,Single,No,No,Education,Yes,0
SJX78VB5CF,48,29048,119109,607,100,4,21.65,60,0.14,Bachelor's,Self-employed,Married,Yes,Yes,Auto,No,0
K2EPDQMHX3,59,68089,8557,393,76,4,10.91,36,0.34,Bachelor's,Part-time,Divorced,No,Yes,Auto,No,0
MF2ALYT242,39,59518,17239,530,56,2,16.64,48,0.12,Master's,Part-time,Divorced,No,No,Other,No,0
272YCQRL7O,68,110989,113453,722,83,1,16.19,48,0.53,High School,Unemployed,Single,Yes,No,Home,No,0
VZCP148M29,34,143868,160402,404,40,4,12.57,48,0.25,PhD,Full-time,Single,Yes,No,Other,No,0
LN4YIRF2I1,43,118743,7537,653,108,1,22.44,24,0.16,PhD,Unemployed,Single,No,No,Auto,Yes,0
BS2525H0V2,46,19214,138104,814,21,3,3.77,24,0.29,Bachelor's,Self-employed,Married,Yes,Yes,Other,Yes,0
RJ6EHD1H54,51,128698,143767,582,1,2,18.79,60,0.81,High School,Full-time,Single,No,No,Business,Yes,0
514LWVRI1J,53,149630,140768,621,5,3,7.41,48,0.64,Bachelor's,Part-time,Married,Yes,No,Business,Yes,0
T0ATF6B3HZ,36,79664,140059,669,119,4,21.42,36,0.2,Master's,Full-time,Single,Yes,No,Home,Yes,1
8QZ9S9UVSQ,31,94923,224294,423,66,2,7.39,60,0.29,High School,Unemployed,Married,No,No,Home,No,0
I5KO6CC10P,64,149444,180657,682,19,4,7.17,36,0.19,Master's,Unemployed,Married,No,Yes,Education,No,0
TLJRHDJBJH,37,53823,241996,581,6,4,6.52,24,0.1,PhD,Self-employed,Married,No,No,Business,No,0
FE2RL5GW68,22,146759,213795,470,69,2,24.24,60,0.86,High School,Full-time,Single,Yes,No,Home,Yes,0
OO3N2U0RVA,22,65617,239751,495,84,2,16.91,48,0.38,Bachelor's,Full-time,Divorced,No,No,Business,No,0
09692B62S9,61,99110,95507,543,88,3,3.83,60,0.81,Bachelor's,Part-time,Married,No,No,Business,Yes,0
AP6QJUXUMH,68,24155,45440,755,65,3,5.85,48,0.81,Bachelor's,Part-time,Single,Yes,No,Business,No,0
6MOM0ESZ3B,49,25658,13070,806,69,2,4.97,12,0.66,High School,Unemployed,Divorced,Yes,Yes,Auto,No,0
1T4G7QH5L0,31,22414,59915,394,89,3,11.58,36,0.87,Bachelor's,Part-time,Married,No,No,Other,Yes,1
SYD63CI5VS,43,133670,207216,810,48,3,13.46,60,0.42,Bachelor's,Part-time,Divorced,No,Yes,Auto,No,0
NN06AZLZSB,66,68884,39947,603,46,3,5.86,24,0.75,High School,Full-time,Married,Yes,Yes,Auto,No,0
UBK9DZXYT2,59,86365,36419,333,67,1,8.27,60,0.16,Master's,Unemployed,Single,Yes,No,Other,No,0
FK4X4H5K7Y,64,89970,138027,555,1,4,19.77,24,0.34,High School,Full-time,Single,No,No,Other,Yes,1
THD9EO6QDS,59,87893,240917,461,70,4,21.48,24,0.5,PhD,Part-time,Single,No,Yes,Business,Yes,0
RB8T0RG6GV,40,48395,167701,707,30,2,24.97,36,0.74,High School,Part-time,Married,Yes,No,Home,Yes,0
KZART6COBM,32,139569,115617,739,68,3,20.1,24,0.4,PhD,Self-employed,Divorced,Yes,No,Business,No,0
2CM5KDXG34,65,66692,151528,390,32,4,16.12,48,0.29,Master's,Unemployed,Married,Yes,Yes,Business,No,1
IIVVB4X0UI,44,95159,214966,703,109,1,16.34,12,0.4,PhD,Part-time,Married,No,No,Business,No,0
I3E0KVCZ9X,37,86019,132786,795,93,4,18.48,48,0.5,PhD,Part-time,Single,No,No,Auto,No,0
WFGCB4SU2C,33,93667,92489,772,107,4,6.92,12,0.67,High School,Full-time,Divorced,Yes,No,Other,No,0
QMVRLKYPUO,46,17774,224602,487,113,4,13.6,60,0.8,Bachelor's,Part-time,Divorced,Yes,No,Business,Yes,1
E5J1WTDXX1,65,126719,17770,777,83,3,13.08,12,0.33,PhD,Full-time,Divorced,Yes,No,Business,Yes,0
YGO7LOBO97,68,34876,31857,349,81,3,11.26,60,0.58,Master's,Self-employed,Divorced,Yes,Yes,Other,No,0
V9OGQ2M0S0,56,90694,112905,819,47,3,24.22,60,0.76,Bachelor's,Unemployed,Divorced,No,No,Auto,Yes,0
B2EAGVQK3E,51,74694,59768,515,98,1,17.23,12,0.65,Bachelor's,Full-time,Married,Yes,Yes,Business,Yes,0
BY2GAX6CEU,33,15673,217131,637,73,4,4.4,36,0.14,Bachelor's,Unemployed,Divorced,No,Yes,Home,No,1
5AWR3YKZ7Q,21,118093,40440,625,93,4,9.22,12,0.43,Bachelor's,Part-time,Divorced,Yes,No,Business,Yes,0
7AL46W6WGY,28,140687,67131,827,21,1,4.17,12,0.4,Bachelor's,Full-time,Married,No,No,Other,No,0
B0FP389C7K,26,59203,79377,837,91,3,13.69,12,0.46,Master's,Part-time,Married,Yes,Yes,Business,Yes,0
06FXZME4PI,39,40183,29454,834,4,2,15.13,24,0.21,PhD,Unemployed,Single,Yes,No,Education,Yes,0
QS4QFM352W,25,98996,179821,532,44,3,5.73,36,0.4,Bachelor's,Unemployed,Married,Yes,Yes,Other,No,0
ZQO249TYP3,28,54675,112528,631,38,4,16.86,60,0.31,PhD,Self-employed,Divorced,No,No,Home,Yes,0
XTFN094GTR,59,60794,245403,689,35,3,7.37,24,0.3,Bachelor's,Full-time,Divorced,Yes,No,Other,No,0
P746249BKN,61,37385,54096,457,82,3,16.13,60,0.33,PhD,Part-time,Divorced,No,No,Home,No,0
L7FB9VF7GO,53,140048,201885,696,67,4,12.28,12,0.52,Bachelor's,Part-time,Divorced,Yes,No,Auto,No,0
ZCGW9J79K8,48,29132,8040,671,27,4,3.12,60,0.39,Bachelor's,Self-employed,Single,Yes,No,Education,Yes,1
ZIZXC6TI5B,58,61268,190575,829,97,2,16.51,24,0.33,Bachelor's,Unemployed,Single,No,No,Home,No,0
1GVCGAA8KL,24,128259,235010,309,106,2,20.52,48,0.3,PhD,Unemployed,Married,Yes,No,Education,Yes,0
CIBFGA8Q3X,28,60076,103518,723,92,2,9.15,24,0.43,PhD,Self-employed,Divorced,No,No,Home,No,0
LCQB69JIOF,48,34072,209938,489,105,3,24.58,24,0.53,Bachelor's,Unemployed,Divorced,Yes,Yes,Home,Yes,0
AJZN74VMOY,54,94372,164444,315,110,1,17.44,48,0.72,High School,Full-time,Single,No,No,Auto,Yes,0
NLJLI00NIJ,38,117688,19952,300,27,1,14.11,60,0.51,Bachelor's,Unemployed,Married,No,Yes,Business,No,1
5DM1K0SSCZ,31,91184,49956,376,24,1,4.08,24,0.88,Bachelor's,Part-time,Married,No,No,Education,No,0
43IPTOCFT3,60,136282,168548,543,72,2,23.64,36,0.61,High School,Full-time,Single,Yes,No,Auto,Yes,0
NRC1551SI4,33,68572,249035,697,67,4,3.44,36,0.33,PhD,Self-employed,Single,Yes,Yes,Education,No,0
I749F9JJ2D,55,145992,177568,317,24,2,17.92,24,0.74,Bachelor's,Unemployed,Married,Yes,No,Home,No,0
72LC2GGC0O,39,58364,225566,383,43,4,12.57,36,0.38,High School,Part-time,Divorced,Yes,Yes,Education,No,0
7MGN71EJZS,47,146945,76087,710,33,1,18.84,24,0.36,Bachelor's,Full-time,Married,No,Yes,Auto,Yes,0
QL92HTR0Q4,20,108973,195073,544,99,2,18.56,24,0.12,Master's,Self-employed,Divorced,Yes,Yes,Education,Yes,0
B4FD0U3N1K,50,65977,38199,316,38,4,17.62,24,0.19,Bachelor's,Full-time,Married,No,Yes,Business,No,0
679A2YB5Q7,40,97422,93343,383,98,1,2.79,36,0.86,Master's,Full-time,Divorced,No,Yes,Business,Yes,0
DCO2ZC9F16,25,29482,170277,704,85,1,14.08,36,0.33,Master's,Unemployed,Single,Yes,No,Home,Yes,0
6DBXTZ5EXN,46,40878,88307,458,61,2,11.16,48,0.13,Bachelor's,Self-employed,Single,Yes,No,Home,No,0
